return_id,return_date,medicine_id,warehouse_id,quantity_returned,return_reason
RET000001,23-09-2024,MED076,WH004,87,Expired
RET000002,05-09-2024,MED136,WH007,20,Quality Issue
RET000003,18-01-2024,MED199,WH005,200,Overstock
RET000004,22-03-2025,MED277,WH010,51,Overstock
RET000005,06-01-2024,MED151,WH004,187,Damaged
RET000006,10-02-2025,MED057,WH001,69,Wrong Product
RET000007,25-05-2024,MED230,WH010,105,Expired
RET000008,20-09-2024,MED084,WH001,6,Overstock
RET000009,09-05-2024,MED259,WH003,118,Quality Issue
RET000010,13-05-2024,MED010,WH004,65,Quality Issue
RET000011,09-08-2024,MED102,WH003,68,Customer Return
RET000012,29-12-2024,MED105,WH007,89,Overstock
RET000013,23-03-2024,MED005,WH003,182,Quality Issue
RET000014,28-06-2025,MED237,WH005,33,Quality Issue
RET000015,04-05-2024,MED225,WH003,114,Wrong Product
RET000016,11-12-2024,MED109,WH004,42,Customer Return
RET000017,24-06-2025,MED213,WH005,19,Quality Issue
RET000018,25-06-2025,MED043,WH006,15,Wrong Product
RET000019,20-12-2024,MED200,WH005,189,Quality Issue
RET000020,04-08-2024,MED150,WH010,79,Wrong Product
RET000021,10-01-2024,MED141,WH001,158,Wrong Product
RET000022,27-04-2025,MED119,WH003,14,Damaged
RET000023,31-10-2024,MED125,WH002,54,Customer Return
RET000024,24-10-2024,MED086,WH009,92,Wrong Product
RET000025,26-04-2024,MED050,WH002,155,Overstock
RET000026,10-07-2024,MED105,WH002,90,Damaged
RET000027,11-12-2024,MED192,WH003,13,Customer Return
RET000028,28-02-2024,MED140,WH001,102,Wrong Product
RET000029,07-04-2024,MED055,WH001,30,Customer Return
RET000030,13-02-2024,MED119,WH007,177,Overstock
RET000031,30-06-2024,MED269,WH008,188,Expired
RET000032,01-02-2024,MED221,WH001,73,Overstock
RET000033,14-04-2025,MED218,WH009,180,Wrong Product
RET000034,27-06-2025,MED089,WH002,173,Not Specified
RET000035,28-02-2024,MED008,WH009,115,Damaged
RET000036,07-01-2024,MED141,WH001,99,Damaged
RET000037,19-08-2024,MED175,WH002,132,Wrong Product
RET000038,01-06-2025,MED244,WH006,106,Customer Return
RET000039,20-01-2025,MED119,WH007,192,Damaged
RET000040,06-02-2025,MED238,WH003,82,Damaged
RET000041,25-04-2025,MED145,WH003,59,Quality Issue
RET000042,20-05-2025,MED180,WH010,199,Wrong Product
RET000043,10-02-2025,MED003,WH010,121,Expired
RET000044,29-12-2024,MED155,WH006,52,Overstock
RET000045,12-06-2025,MED217,WH007,8,Wrong Product
RET000046,03-06-2025,MED150,WH005,125,Wrong Product
RET000047,21-08-2024,MED234,WH005,9,Customer Return
RET000048,23-03-2024,MED116,WH003,6,Wrong Product
RET000049,21-10-2024,MED149,WH002,198,Overstock
RET000050,26-07-2024,MED098,WH003,127,Quality Issue
RET000051,19-12-2024,MED292,WH009,43,Customer Return
RET000052,05-02-2024,MED211,WH007,41,Damaged
RET000053,08-01-2024,MED207,WH003,130,Damaged
RET000054,23-06-2024,MED137,WH009,35,Expired
RET000055,29-06-2025,MED156,WH006,126,Damaged
RET000056,16-09-2024,MED135,WH009,87,Quality Issue
RET000057,17-01-2025,MED143,WH005,30,Overstock
RET000058,14-01-2024,MED044,WH003,65,Quality Issue
RET000059,10-12-2024,MED286,WH009,146,Quality Issue
RET000060,25-07-2024,MED236,WH006,55,Customer Return
RET000061,29-10-2024,MED163,WH010,18,Customer Return
RET000062,14-05-2025,MED048,WH008,57,Quality Issue
RET000063,04-10-2024,MED198,WH002,67,Wrong Product
RET000064,20-08-2024,MED136,WH003,108,Wrong Product
RET000065,07-08-2024,MED220,WH006,83,Expired
RET000066,30-04-2024,MED251,WH010,118,Damaged
RET000067,18-01-2024,MED273,WH001,176,Overstock
RET000068,16-04-2025,MED279,WH002,118,Damaged
RET000069,01-06-2024,MED018,WH007,66,Expired
RET000070,14-03-2025,MED038,WH006,181,Customer Return
RET000071,26-06-2025,MED093,WH002,169,Customer Return
RET000072,11-02-2024,MED245,WH005,139,Customer Return
RET000073,16-12-2024,MED086,WH007,123,Overstock
RET000074,22-11-2024,MED129,WH008,82,Expired
RET000075,20-04-2025,MED182,WH005,28,Damaged
RET000076,14-09-2024,MED106,WH005,69,Quality Issue
RET000077,12-09-2024,MED078,WH005,40,Overstock
RET000078,13-02-2024,MED239,WH003,7,Overstock
RET000079,19-04-2024,MED152,WH010,68,Wrong Product
RET000080,25-03-2025,MED285,WH005,131,Quality Issue
RET000081,06-06-2025,MED071,WH006,64,Damaged
RET000082,06-09-2024,MED210,WH009,16,Customer Return
RET000083,13-04-2024,MED095,WH005,14,Expired
RET000084,03-01-2024,MED178,WH009,30,Quality Issue
RET000085,28-09-2024,MED141,WH006,93,Customer Return
RET000086,18-02-2024,MED153,WH001,105,Damaged
RET000087,01-02-2025,MED245,WH001,171,Damaged
RET000088,02-05-2024,MED265,WH006,167,Quality Issue
RET000089,29-09-2024,MED088,WH006,125,Wrong Product
RET000090,11-09-2024,MED127,WH001,171,Wrong Product
RET000091,27-10-2024,MED139,WH001,117,Quality Issue
RET000092,23-02-2024,MED243,WH002,134,Wrong Product
RET000093,05-08-2024,MED265,WH008,72,Wrong Product
RET000094,04-02-2025,MED218,WH004,102,Wrong Product
RET000095,27-01-2025,MED018,WH003,31,Expired
RET000096,26-01-2024,MED016,WH001,45,Quality Issue
RET000097,12-09-2024,MED149,WH006,107,Quality Issue
RET000098,30-04-2025,MED046,WH001,6,Wrong Product
RET000099,13-12-2024,MED099,WH004,177,Wrong Product
RET000100,29-01-2024,MED031,WH009,148,Overstock
RET000101,08-05-2024,MED113,WH002,161,Quality Issue
RET000102,10-01-2024,MED083,WH004,164,Customer Return
RET000103,19-02-2024,MED198,WH001,7,Customer Return
RET000104,05-03-2025,MED121,WH004,43,Damaged
RET000105,21-02-2024,MED239,WH002,34,Quality Issue
RET000106,28-05-2024,MED242,WH010,40,Quality Issue
RET000107,23-08-2024,MED107,WH001,157,Expired
RET000108,30-06-2025,MED245,WH006,38,Quality Issue
RET000109,28-06-2024,MED055,WH009,9,Customer Return
RET000110,26-09-2024,MED044,WH001,166,Overstock
RET000111,12-02-2024,MED291,WH009,54,Expired
RET000112,22-06-2024,MED265,WH009,174,Wrong Product
RET000113,02-10-2024,MED024,WH002,124,Wrong Product
RET000114,26-04-2024,MED236,WH003,7,Wrong Product
RET000115,20-05-2025,MED115,WH001,113,Quality Issue
RET000116,07-10-2024,MED243,WH010,72,Wrong Product
RET000117,20-03-2024,MED110,WH001,153,Customer Return
RET000118,22-12-2024,MED044,WH005,67,Expired
RET000119,03-01-2024,MED057,WH006,114,Customer Return
RET000120,01-10-2024,MED002,WH010,93,Quality Issue
RET000121,24-07-2024,MED031,WH010,153,Expired
RET000122,10-05-2025,MED266,WH003,141,Damaged
RET000123,01-01-2024,MED229,WH007,115,Wrong Product
RET000124,13-09-2024,MED032,WH010,105,Customer Return
RET000125,16-06-2025,MED294,WH005,88,Wrong Product
RET000126,10-11-2024,MED280,WH007,7,Customer Return
RET000127,07-09-2024,MED297,WH005,87,Expired
RET000128,07-04-2024,MED188,WH010,62,Wrong Product
RET000129,28-12-2024,MED060,WH005,179,Overstock
RET000130,12-02-2024,MED193,WH007,71,Damaged
RET000131,09-03-2025,MED132,WH001,138,Quality Issue
RET000132,03-08-2024,MED229,WH003,173,Damaged
RET000133,13-07-2024,MED187,WH006,101,Damaged
RET000134,14-10-2024,MED052,WH003,53,Expired
RET000135,17-06-2024,MED249,WH010,133,Wrong Product
RET000136,21-01-2024,MED195,WH002,127,Overstock
RET000137,15-06-2024,MED043,WH009,41,Expired
RET000138,09-02-2025,MED174,WH010,29,Customer Return
RET000139,20-03-2024,MED031,WH004,171,Overstock
RET000140,16-07-2024,MED180,WH009,96,Customer Return
RET000141,01-04-2025,MED177,WH001,157,Expired
RET000142,15-01-2025,MED071,WH007,140,Quality Issue
RET000143,24-02-2025,MED114,WH005,177,Quality Issue
RET000144,01-06-2025,MED124,WH003,102,Wrong Product
RET000145,19-06-2025,MED115,WH005,164,Quality Issue
RET000146,30-12-2024,MED273,WH006,91,Overstock
RET000147,20-11-2024,MED053,WH010,25,Expired
RET000148,26-08-2024,MED225,WH010,57,Damaged
RET000149,13-10-2024,MED267,WH001,123,Overstock
RET000150,16-10-2024,MED263,WH007,83,Damaged
RET000151,27-10-2024,MED107,WH001,91,Damaged
RET000152,10-06-2024,MED094,WH002,188,Wrong Product
RET000153,10-06-2024,MED292,WH003,77,Overstock
RET000154,11-07-2024,MED211,WH007,154,Wrong Product
RET000155,19-07-2024,MED231,WH006,127,Damaged
RET000156,13-04-2025,MED257,WH002,192,Damaged
RET000157,17-06-2024,MED059,WH007,28,Quality Issue
RET000158,19-04-2024,MED215,WH005,116,Damaged
RET000159,03-04-2025,MED244,WH007,48,Quality Issue
RET000160,22-05-2024,MED185,WH010,166,Expired
RET000161,12-03-2025,MED166,WH006,44,Quality Issue
RET000162,10-03-2025,MED106,WH005,82,Wrong Product
RET000163,09-01-2024,MED265,WH006,135,Wrong Product
RET000164,19-07-2024,MED163,WH006,28,Expired
RET000165,11-10-2024,MED164,WH001,185,Quality Issue
RET000166,08-07-2024,MED255,WH010,103,Damaged
RET000167,07-06-2025,MED209,WH007,171,Wrong Product
RET000168,21-06-2024,MED141,WH006,85,Wrong Product
RET000169,05-11-2024,MED235,WH001,141,Overstock
RET000170,01-05-2024,MED098,WH009,102,Quality Issue
RET000171,06-10-2024,MED295,WH010,173,Damaged
RET000172,23-12-2024,MED007,WH009,48,Customer Return
RET000173,15-06-2024,MED161,WH008,191,Expired
RET000174,11-07-2024,MED152,WH008,177,Wrong Product
RET000175,10-01-2024,MED201,WH004,108,Expired
RET000176,17-08-2024,MED075,WH006,174,Damaged
RET000177,22-03-2025,MED082,WH007,43,Customer Return
RET000178,17-03-2024,MED089,WH010,18,Customer Return
RET000179,01-03-2025,MED008,WH005,105,Quality Issue
RET000180,07-05-2025,MED300,WH003,84,Expired
RET000181,24-01-2025,MED296,WH005,155,Wrong Product
RET000182,15-04-2024,MED023,WH006,159,Damaged
RET000183,16-05-2024,MED134,WH005,109,Wrong Product
RET000184,02-02-2025,MED108,WH006,148,Customer Return
RET000185,20-03-2025,MED229,WH010,21,Damaged
RET000186,10-04-2025,MED168,WH001,192,Wrong Product
RET000187,28-11-2024,MED108,WH007,102,Customer Return
RET000188,12-03-2024,MED079,WH007,66,Quality Issue
RET000189,17-08-2024,MED172,WH001,157,Overstock
RET000190,12-10-2024,MED084,WH009,79,Overstock
RET000191,15-06-2025,MED277,WH010,39,Damaged
RET000192,07-07-2024,MED113,WH003,148,Expired
RET000193,09-06-2024,MED233,WH006,63,Customer Return
RET000194,12-06-2024,MED220,WH010,163,Quality Issue
RET000195,08-04-2024,MED061,WH002,77,Wrong Product
RET000196,30-08-2024,MED154,WH002,195,Expired
RET000197,27-05-2024,MED254,WH003,187,Damaged
RET000198,03-06-2025,MED098,WH001,79,Expired
RET000199,22-09-2024,MED084,WH006,151,Expired
RET000200,26-01-2024,MED185,WH002,174,Quality Issue
RET000201,25-03-2024,MED083,WH010,62,Wrong Product
RET000202,19-04-2025,MED030,WH005,50,Wrong Product
RET000203,22-05-2025,MED159,WH010,179,Overstock
RET000204,20-04-2025,MED093,WH009,178,Customer Return
RET000205,12-04-2024,MED082,WH010,174,Damaged
RET000206,04-07-2024,MED173,WH003,59,Overstock
RET000207,24-02-2025,MED094,WH002,28,Quality Issue
RET000208,22-02-2024,MED101,WH003,14,Wrong Product
RET000209,15-07-2024,MED168,WH004,42,Customer Return
RET000210,14-05-2024,MED046,WH008,110,Not Specified
RET000211,17-06-2024,MED185,WH007,77,Damaged
RET000212,16-06-2025,MED047,WH004,143,Expired
RET000213,29-05-2024,MED084,WH005,93,Expired
RET000214,16-03-2024,MED280,WH007,164,Quality Issue
RET000215,22-05-2025,MED068,WH002,142,Wrong Product
RET000216,08-11-2024,MED137,WH008,133,Quality Issue
RET000217,13-05-2025,MED294,WH003,146,Customer Return
RET000218,08-02-2024,MED142,WH006,88,Customer Return
RET000219,09-03-2024,MED094,WH002,123,Damaged
RET000220,06-10-2024,MED192,WH006,183,Overstock
RET000221,30-04-2024,MED129,WH002,86,Quality Issue
RET000222,31-03-2024,MED136,WH007,143,Quality Issue
RET000223,30-12-2024,MED108,WH002,97,Customer Return
RET000224,25-08-2024,MED227,WH004,183,Damaged
RET000225,17-06-2025,MED142,WH007,153,Quality Issue
RET000226,02-06-2024,MED027,WH007,156,Damaged
RET000227,16-10-2024,MED165,WH007,63,Not Specified
RET000228,25-06-2024,MED246,WH007,155,Wrong Product
RET000229,02-01-2025,MED169,WH004,149,Expired
RET000230,19-10-2024,MED029,WH002,114,Customer Return
RET000231,02-05-2025,MED247,WH005,117,Overstock
RET000232,24-11-2024,MED030,WH009,128,Expired
RET000233,28-02-2024,MED183,WH007,164,Damaged
RET000234,15-03-2025,MED078,WH003,141,Quality Issue
RET000235,08-07-2024,MED300,WH010,62,Wrong Product
RET000236,13-09-2024,MED128,WH002,115,Quality Issue
RET000237,19-04-2025,MED057,WH006,164,Damaged
RET000238,29-06-2025,MED028,WH009,168,Quality Issue
RET000239,24-06-2025,MED147,WH008,197,Quality Issue
RET000240,22-02-2024,MED040,WH010,86,Expired
RET000241,17-11-2024,MED164,WH006,22,Damaged
RET000242,12-06-2024,MED051,WH004,48,Quality Issue
RET000243,16-11-2024,MED010,WH005,193,Quality Issue
RET000244,21-01-2025,MED144,WH006,149,Customer Return
RET000245,16-03-2025,MED007,WH010,15,Damaged
RET000246,20-03-2024,MED275,WH001,169,Wrong Product
RET000247,17-05-2024,MED123,WH009,157,Wrong Product
RET000248,25-04-2024,MED153,WH002,103,Overstock
RET000249,08-03-2024,MED065,WH006,37,Customer Return
RET000250,15-08-2024,MED194,WH003,88,Quality Issue
RET000251,11-07-2024,MED029,WH010,74,Overstock
RET000252,05-02-2025,MED165,WH003,69,Quality Issue
RET000253,05-09-2024,MED027,WH001,146,Damaged
RET000254,19-06-2025,MED282,WH010,187,Damaged
RET000255,14-04-2025,MED225,WH001,194,Customer Return
RET000256,27-01-2025,MED124,WH007,57,Expired
RET000257,07-03-2024,MED137,WH007,179,Wrong Product
RET000258,27-08-2024,MED296,WH007,124,Damaged
RET000259,11-04-2025,MED105,WH007,17,Quality Issue
RET000260,04-01-2024,MED246,WH005,188,Overstock
RET000261,31-03-2024,MED066,WH003,79,Customer Return
RET000262,18-06-2024,MED146,WH005,65,Quality Issue
RET000263,13-07-2024,MED029,WH006,63,Expired
RET000264,11-11-2024,MED081,WH005,188,Quality Issue
RET000265,07-01-2025,MED150,WH006,160,Wrong Product
RET000266,16-02-2024,MED083,WH009,15,Damaged
RET000267,04-10-2024,MED190,WH010,169,Overstock
RET000268,11-01-2025,MED136,WH007,17,Overstock
RET000269,12-03-2025,MED052,WH006,126,Customer Return
RET000270,25-12-2024,MED049,WH008,13,Expired
RET000271,25-05-2024,MED110,WH001,62,Damaged
RET000272,29-12-2024,MED175,WH004,21,Expired
RET000273,12-02-2024,MED177,WH008,10,Quality Issue
RET000274,25-08-2024,MED220,WH004,80,Quality Issue
RET000275,26-03-2024,MED005,WH007,76,Damaged
RET000276,30-07-2024,MED200,WH008,188,Expired
RET000277,09-04-2025,MED184,WH004,112,Expired
RET000278,10-04-2025,MED163,WH004,77,Overstock
RET000279,03-05-2025,MED272,WH002,20,Customer Return
RET000280,14-03-2025,MED246,WH009,107,Wrong Product
RET000281,25-02-2024,MED065,WH001,193,Quality Issue
RET000282,10-07-2024,MED184,WH001,47,Quality Issue
RET000283,29-03-2025,MED131,WH003,63,Not Specified
RET000284,25-05-2024,MED209,WH003,135,Overstock
RET000285,09-08-2024,MED247,WH002,163,Customer Return
RET000286,30-06-2025,MED234,WH007,92,Expired
RET000287,27-06-2025,MED178,WH008,81,Customer Return
RET000288,09-03-2025,MED061,WH007,76,Damaged
RET000289,12-12-2024,MED044,WH008,31,Expired
RET000290,27-03-2024,MED173,WH004,8,Overstock
RET000291,26-06-2024,MED164,WH010,74,Damaged
RET000292,14-08-2024,MED225,WH004,78,Damaged
RET000293,03-03-2024,MED155,WH010,18,Customer Return
RET000294,28-03-2025,MED265,WH008,180,Expired
RET000295,10-06-2024,MED253,WH001,81,Quality Issue
RET000296,14-09-2024,MED196,WH006,128,Overstock
RET000297,03-05-2025,MED232,WH001,54,Expired
RET000298,22-06-2024,MED139,WH002,135,Customer Return
RET000299,11-01-2024,MED122,WH005,151,Customer Return
RET000300,27-05-2024,MED042,WH008,144,Wrong Product
RET000301,23-10-2024,MED295,WH010,198,Wrong Product
RET000302,09-05-2024,MED168,WH008,88,Expired
RET000303,17-04-2025,MED269,WH008,20,Quality Issue
RET000304,30-03-2024,MED056,WH001,103,Quality Issue
RET000305,30-04-2024,MED255,WH002,124,Damaged
RET000306,07-10-2024,MED138,WH006,105,Quality Issue
RET000307,14-11-2024,MED292,WH010,94,Overstock
RET000308,27-07-2024,MED267,WH005,180,Quality Issue
RET000309,11-10-2024,MED085,WH005,92,Wrong Product
RET000310,05-04-2025,MED075,WH007,107,Expired
RET000311,03-10-2024,MED012,WH003,95,Overstock
RET000312,20-01-2024,MED232,WH001,75,Quality Issue
RET000313,16-06-2025,MED005,WH001,167,Expired
RET000314,09-07-2024,MED226,WH003,190,Expired
RET000315,06-08-2024,MED257,WH010,179,Customer Return
RET000316,11-12-2024,MED005,WH003,28,Wrong Product
RET000317,04-12-2024,MED104,WH003,169,Wrong Product
RET000318,09-03-2024,MED156,WH005,33,Damaged
RET000319,09-02-2025,MED096,WH007,176,Overstock
RET000320,03-12-2024,MED100,WH007,160,Quality Issue
RET000321,20-01-2025,MED107,WH006,68,Overstock
RET000322,21-04-2025,MED124,WH010,45,Overstock
RET000323,30-09-2024,MED058,WH004,72,Quality Issue
RET000324,21-01-2025,MED155,WH004,58,Customer Return
RET000325,08-12-2024,MED110,WH010,91,Damaged
RET000326,06-06-2024,MED232,WH009,45,Quality Issue
RET000327,04-10-2024,MED269,WH005,116,Overstock
RET000328,25-03-2025,MED188,WH002,70,Overstock
RET000329,14-05-2025,MED174,WH008,136,Damaged
RET000330,14-11-2024,MED147,WH009,185,Overstock
RET000331,03-02-2025,MED099,WH007,17,Overstock
RET000332,03-11-2024,MED224,WH010,55,Quality Issue
RET000333,21-03-2025,MED161,WH005,173,Customer Return
RET000334,27-05-2024,MED032,WH010,32,Customer Return
RET000335,03-05-2025,MED212,WH009,184,Not Specified
RET000336,04-02-2025,MED236,WH010,194,Overstock
RET000337,14-05-2024,MED069,WH010,108,Expired
RET000338,13-03-2025,MED020,WH002,160,Expired
RET000339,27-05-2024,MED148,WH007,132,Customer Return
RET000340,21-01-2025,MED001,WH005,181,Damaged
RET000341,13-09-2024,MED272,WH009,15,Expired
RET000342,05-03-2025,MED266,WH005,120,Customer Return
RET000343,16-03-2025,MED144,WH003,89,Overstock
RET000344,07-11-2024,MED002,WH005,64,Overstock
RET000345,17-12-2024,MED064,WH003,174,Expired
RET000346,25-02-2024,MED067,WH001,92,Overstock
RET000347,01-12-2024,MED136,WH008,94,Overstock
RET000348,29-10-2024,MED056,WH002,165,Expired
RET000349,18-07-2024,MED185,WH007,43,Damaged
RET000350,30-03-2024,MED236,WH008,127,Quality Issue
RET000351,23-04-2024,MED299,WH001,200,Quality Issue
RET000352,09-10-2024,MED208,WH003,84,Damaged
RET000353,16-02-2025,MED212,WH003,169,Customer Return
RET000354,22-08-2024,MED173,WH002,36,Quality Issue
RET000355,22-07-2024,MED027,WH004,200,Wrong Product
RET000356,30-07-2024,MED135,WH003,133,Damaged
RET000357,16-03-2024,MED161,WH008,152,Overstock
RET000358,25-06-2024,MED259,WH005,88,Quality Issue
RET000359,27-03-2025,MED144,WH001,121,Wrong Product
RET000360,20-10-2024,MED218,WH008,103,Overstock
RET000361,29-06-2024,MED270,WH003,180,Wrong Product
RET000362,17-10-2024,MED083,WH003,9,Customer Return
RET000363,24-08-2024,MED285,WH008,114,Customer Return
RET000364,13-02-2025,MED122,WH001,104,Overstock
RET000365,27-05-2025,MED066,WH003,77,Customer Return
RET000366,14-04-2024,MED055,WH007,139,Quality Issue
RET000367,12-10-2024,MED117,WH009,184,Overstock
RET000368,21-12-2024,MED251,WH005,21,Customer Return
RET000369,13-11-2024,MED025,WH001,120,Quality Issue
RET000370,23-11-2024,MED058,WH004,153,Wrong Product
RET000371,09-03-2025,MED087,WH001,172,Overstock
RET000372,05-12-2024,MED018,WH010,42,Wrong Product
RET000373,20-02-2025,MED108,WH002,49,Customer Return
RET000374,06-06-2024,MED169,WH007,113,Damaged
RET000375,23-12-2024,MED115,WH003,199,Customer Return
RET000376,22-03-2025,MED255,WH002,16,Overstock
RET000377,22-11-2024,MED147,WH009,59,Overstock
RET000378,20-04-2024,MED058,WH001,172,Quality Issue
RET000379,01-05-2025,MED223,WH009,125,Wrong Product
RET000380,10-01-2024,MED265,WH005,144,Expired
RET000381,23-08-2024,MED194,WH009,105,Overstock
RET000382,19-05-2024,MED201,WH002,158,Damaged
RET000383,22-02-2025,MED140,WH009,120,Customer Return
RET000384,20-04-2025,MED028,WH008,97,Expired
RET000385,22-03-2024,MED247,WH001,98,Customer Return
RET000386,18-06-2025,MED106,WH003,110,Wrong Product
RET000387,10-05-2024,MED213,WH002,71,Not Specified
RET000388,01-02-2024,MED277,WH004,126,Damaged
RET000389,05-05-2025,MED279,WH007,13,Quality Issue
RET000390,30-11-2024,MED279,WH010,102,Customer Return
RET000391,11-04-2024,MED234,WH002,107,Quality Issue
RET000392,16-05-2025,MED023,WH001,140,Quality Issue
RET000393,19-05-2025,MED220,WH007,190,Expired
RET000394,14-08-2024,MED123,WH002,78,Wrong Product
RET000395,30-11-2024,MED194,WH001,175,Damaged
RET000396,19-05-2024,MED244,WH007,137,Overstock
RET000397,25-05-2025,MED044,WH009,108,Overstock
RET000398,21-06-2024,MED249,WH008,168,Not Specified
RET000399,13-08-2024,MED003,WH001,48,Quality Issue
RET000400,07-01-2024,MED107,WH008,69,Damaged
RET000401,25-11-2024,MED257,WH004,177,Damaged
RET000402,22-01-2025,MED214,WH007,71,Wrong Product
RET000403,11-07-2024,MED195,WH005,60,Expired
RET000404,23-05-2025,MED048,WH010,159,Wrong Product
RET000405,28-07-2024,MED282,WH003,89,Overstock
RET000406,30-08-2024,MED135,WH006,188,Customer Return
RET000407,11-09-2024,MED136,WH005,167,Overstock
RET000408,19-07-2024,MED141,WH007,65,Quality Issue
RET000409,12-03-2025,MED016,WH006,145,Damaged
RET000410,30-08-2024,MED195,WH009,153,Wrong Product
RET000411,26-09-2024,MED013,WH008,159,Wrong Product
RET000412,24-01-2024,MED033,WH009,176,Overstock
RET000413,07-10-2024,MED172,WH007,199,Customer Return
RET000414,10-01-2024,MED052,WH001,129,Quality Issue
RET000415,25-01-2024,MED070,WH003,118,Overstock
RET000416,04-06-2025,MED115,WH008,96,Quality Issue
RET000417,07-12-2024,MED064,WH002,26,Damaged
RET000418,01-01-2024,MED182,WH001,17,Quality Issue
RET000419,30-05-2025,MED017,WH006,115,Customer Return
RET000420,21-04-2024,MED130,WH008,10,Overstock
RET000421,21-06-2025,MED112,WH007,46,Overstock
RET000422,20-01-2024,MED153,WH001,8,Quality Issue
RET000423,09-03-2024,MED216,WH005,100,Expired
RET000424,03-04-2024,MED262,WH007,87,Overstock
RET000425,14-04-2024,MED255,WH009,57,Quality Issue
RET000426,25-09-2024,MED112,WH002,187,Customer Return
RET000427,17-11-2024,MED110,WH004,148,Overstock
RET000428,29-04-2025,MED229,WH005,17,Customer Return
RET000429,11-06-2025,MED212,WH002,34,Expired
RET000430,23-06-2025,MED023,WH001,169,Quality Issue
RET000431,21-11-2024,MED199,WH001,45,Expired
RET000432,15-10-2024,MED059,WH010,24,Overstock
RET000433,24-06-2025,MED099,WH006,12,Not Specified
RET000434,20-09-2024,MED232,WH004,161,Expired
RET000435,31-08-2024,MED174,WH010,179,Wrong Product
RET000436,24-04-2025,MED044,WH003,176,Not Specified
RET000437,14-10-2024,MED180,WH006,79,Quality Issue
RET000438,30-10-2024,MED004,WH003,154,Not Specified
RET000439,09-08-2024,MED207,WH009,65,Damaged
RET000440,17-04-2024,MED053,WH003,167,Customer Return
RET000441,23-06-2025,MED277,WH007,85,Damaged
RET000442,28-01-2025,MED297,WH006,191,Wrong Product
RET000443,10-05-2025,MED246,WH004,9,Overstock
RET000444,23-12-2024,MED006,WH005,31,Quality Issue
RET000445,03-06-2024,MED167,WH009,148,Expired
RET000446,19-08-2024,MED257,WH010,59,Customer Return
RET000447,06-03-2025,MED260,WH008,160,Overstock
RET000448,26-06-2025,MED263,WH006,25,Overstock
RET000449,12-11-2024,MED014,WH009,72,Customer Return
RET000450,13-11-2024,MED174,WH002,102,Expired
RET000451,18-02-2025,MED300,WH001,183,Damaged
RET000452,10-03-2025,MED151,WH006,59,Quality Issue
RET000453,01-08-2024,MED136,WH010,80,Overstock
RET000454,31-05-2024,MED098,WH002,5,Wrong Product
RET000455,16-08-2024,MED092,WH009,136,Quality Issue
RET000456,14-01-2025,MED108,WH008,36,Customer Return
RET000457,20-01-2025,MED177,WH001,170,Expired
RET000458,23-05-2024,MED047,WH003,144,Customer Return
RET000459,03-06-2025,MED233,WH008,141,Overstock
RET000460,11-08-2024,MED220,WH006,138,Damaged
RET000461,14-01-2024,MED291,WH004,112,Customer Return
RET000462,24-04-2025,MED289,WH007,129,Customer Return
RET000463,15-09-2024,MED126,WH009,160,Expired
RET000464,10-03-2025,MED116,WH005,105,Expired
RET000465,04-12-2024,MED139,WH008,123,Wrong Product
RET000466,25-01-2024,MED103,WH007,31,Quality Issue
RET000467,20-07-2024,MED300,WH008,176,Damaged
RET000468,25-04-2025,MED126,WH002,200,Quality Issue
RET000469,04-09-2024,MED090,WH008,198,Wrong Product
RET000470,10-05-2024,MED001,WH006,142,Overstock
RET000471,11-06-2025,MED021,WH007,56,Damaged
RET000472,09-10-2024,MED112,WH005,182,Damaged
RET000473,24-06-2024,MED181,WH005,146,Wrong Product
RET000474,19-02-2025,MED272,WH006,114,Wrong Product
RET000475,09-08-2024,MED035,WH005,83,Expired
RET000476,08-03-2025,MED172,WH007,125,Quality Issue
RET000477,26-02-2025,MED043,WH009,160,Damaged
RET000478,01-09-2024,MED153,WH004,196,Overstock
RET000479,06-06-2024,MED053,WH003,131,Customer Return
RET000480,02-03-2024,MED203,WH007,187,Expired
RET000481,18-06-2025,MED289,WH002,5,Overstock
RET000482,20-01-2025,MED287,WH007,89,Overstock
RET000483,24-03-2025,MED078,WH001,68,Damaged
RET000484,09-06-2024,MED248,WH001,117,Wrong Product
RET000485,13-06-2024,MED098,WH005,189,Wrong Product
RET000486,20-07-2024,MED135,WH008,164,Wrong Product
RET000487,16-04-2024,MED203,WH004,61,Overstock
RET000488,04-04-2024,MED275,WH001,171,Damaged
RET000489,06-03-2024,MED064,WH002,124,Customer Return
RET000490,21-07-2024,MED218,WH005,184,Customer Return
RET000491,21-05-2025,MED119,WH002,181,Overstock
RET000492,08-11-2024,MED014,WH008,32,Quality Issue
RET000493,29-11-2024,MED092,WH004,105,Wrong Product
RET000494,11-01-2024,MED120,WH005,63,Overstock
RET000495,25-01-2024,MED082,WH010,168,Quality Issue
RET000496,11-12-2024,MED232,WH005,123,Wrong Product
RET000497,23-06-2024,MED122,WH010,107,Expired
RET000498,30-01-2024,MED035,WH009,191,Quality Issue
RET000499,18-10-2024,MED004,WH005,99,Expired
RET000500,28-03-2025,MED181,WH007,74,Quality Issue
RET000501,04-09-2024,MED074,WH002,157,Wrong Product
RET000502,22-02-2025,MED113,WH007,185,Quality Issue
RET000503,07-08-2024,MED300,WH001,152,Customer Return
RET000504,22-04-2025,MED027,WH003,141,Customer Return
RET000505,24-04-2025,MED233,WH007,119,Quality Issue
RET000506,09-04-2025,MED002,WH010,32,Quality Issue
RET000507,06-03-2025,MED059,WH008,129,Wrong Product
RET000508,07-07-2024,MED125,WH010,200,Quality Issue
RET000509,28-06-2025,MED135,WH006,155,Damaged
RET000510,22-04-2025,MED183,WH002,119,Quality Issue
RET000511,25-04-2025,MED282,WH009,168,Expired
RET000512,03-06-2025,MED075,WH010,196,Customer Return
RET000513,08-04-2024,MED029,WH008,149,Quality Issue
RET000514,17-12-2024,MED061,WH009,115,Damaged
RET000515,22-03-2024,MED240,WH008,106,Customer Return
RET000516,27-09-2024,MED153,WH002,145,Overstock
RET000517,25-03-2025,MED089,WH005,105,Customer Return
RET000518,22-05-2024,MED034,WH006,8,Wrong Product
RET000519,16-05-2024,MED233,WH004,128,Expired
RET000520,12-08-2024,MED014,WH007,122,Customer Return
RET000521,26-02-2025,MED228,WH001,151,Wrong Product
RET000522,31-10-2024,MED257,WH009,111,Expired
RET000523,10-03-2024,MED239,WH002,171,Wrong Product
RET000524,02-01-2025,MED169,WH005,68,Customer Return
RET000525,31-05-2024,MED187,WH001,98,Expired
RET000526,13-09-2024,MED002,WH010,116,Damaged
RET000527,21-06-2025,MED229,WH008,91,Expired
RET000528,14-09-2024,MED005,WH007,77,Customer Return
RET000529,23-05-2024,MED214,WH002,85,Overstock
RET000530,17-08-2024,MED147,WH008,143,Overstock
RET000531,17-01-2025,MED167,WH003,193,Damaged
RET000532,10-06-2024,MED048,WH008,124,Quality Issue
RET000533,21-03-2024,MED041,WH009,29,Customer Return
RET000534,02-10-2024,MED166,WH006,60,Wrong Product
RET000535,30-05-2025,MED034,WH001,108,Overstock
RET000536,08-08-2024,MED023,WH007,172,Wrong Product
RET000537,06-01-2025,MED300,WH003,195,Quality Issue
RET000538,15-08-2024,MED188,WH003,153,Damaged
RET000539,07-05-2025,MED077,WH006,181,Customer Return
RET000540,12-10-2024,MED010,WH009,11,Not Specified
RET000541,14-11-2024,MED146,WH002,94,Wrong Product
RET000542,31-03-2024,MED021,WH007,90,Damaged
RET000543,26-04-2024,MED034,WH008,105,Customer Return
RET000544,27-02-2024,MED113,WH002,171,Overstock
RET000545,11-12-2024,MED136,WH002,159,Expired
RET000546,25-05-2024,MED064,WH007,55,Overstock
RET000547,17-01-2024,MED045,WH009,170,Wrong Product
RET000548,10-11-2024,MED185,WH008,9,Overstock
RET000549,26-03-2024,MED226,WH008,5,Quality Issue
RET000550,11-03-2024,MED167,WH009,78,Overstock
RET000551,02-04-2025,MED140,WH003,50,Quality Issue
RET000552,18-07-2024,MED192,WH008,78,Overstock
RET000553,03-12-2024,MED108,WH009,165,Expired
RET000554,24-12-2024,MED167,WH001,58,Quality Issue
RET000555,07-11-2024,MED233,WH008,179,Expired
RET000556,06-03-2024,MED175,WH006,181,Expired
RET000557,13-02-2024,MED024,WH007,152,Damaged
RET000558,09-03-2024,MED146,WH001,74,Quality Issue
RET000559,07-04-2025,MED217,WH008,178,Expired
RET000560,22-05-2025,MED164,WH002,63,Expired
RET000561,01-04-2024,MED007,WH001,40,Overstock
RET000562,31-05-2024,MED188,WH008,47,Wrong Product
RET000563,30-09-2024,MED097,WH002,144,Damaged
RET000564,09-07-2024,MED222,WH008,128,Wrong Product
RET000565,18-10-2024,MED105,WH007,57,Expired
RET000566,01-01-2024,MED232,WH010,124,Expired
RET000567,14-06-2025,MED103,WH010,186,Quality Issue
RET000568,24-02-2025,MED026,WH003,134,Quality Issue
RET000569,12-09-2024,MED132,WH006,90,Damaged
RET000570,09-02-2025,MED045,WH003,41,Quality Issue
RET000571,01-02-2025,MED242,WH001,135,Customer Return
RET000572,19-04-2025,MED023,WH002,157,Overstock
RET000573,22-01-2024,MED276,WH009,145,Expired
RET000574,16-11-2024,MED179,WH002,141,Damaged
RET000575,22-12-2024,MED048,WH009,98,Customer Return
RET000576,12-11-2024,MED145,WH006,144,Customer Return
RET000577,01-08-2024,MED285,WH005,111,Expired
RET000578,17-05-2024,MED298,WH004,191,Overstock
RET000579,21-03-2024,MED113,WH002,90,Damaged
RET000580,02-05-2024,MED229,WH008,97,Customer Return
RET000581,24-06-2025,MED195,WH001,141,Overstock
RET000582,17-12-2024,MED052,WH006,104,Quality Issue
RET000583,24-06-2024,MED022,WH003,188,Quality Issue
RET000584,15-02-2024,MED042,WH004,113,Not Specified
RET000585,01-06-2024,MED279,WH003,54,Damaged
RET000586,23-05-2025,MED070,WH001,171,Expired
RET000587,28-01-2024,MED226,WH010,108,Customer Return
RET000588,18-01-2024,MED066,WH003,38,Expired
RET000589,08-05-2025,MED090,WH006,150,Wrong Product
RET000590,17-12-2024,MED153,WH007,47,Customer Return
RET000591,01-03-2025,MED126,WH008,191,Overstock
RET000592,17-12-2024,MED061,WH006,75,Overstock
RET000593,03-12-2024,MED101,WH001,155,Customer Return
RET000594,23-06-2025,MED185,WH008,107,Overstock
RET000595,08-07-2024,MED174,WH005,157,Overstock
RET000596,08-05-2024,MED263,WH007,99,Damaged
RET000597,02-01-2025,MED124,WH008,101,Customer Return
RET000598,18-06-2025,MED300,WH005,107,Overstock
RET000599,09-03-2024,MED177,WH007,157,Wrong Product
RET000600,22-01-2025,MED185,WH006,158,Quality Issue
RET000601,19-05-2024,MED021,WH005,185,Damaged
RET000602,27-08-2024,MED260,WH010,93,Overstock
RET000603,04-01-2025,MED217,WH001,74,Customer Return
RET000604,19-09-2024,MED047,WH006,124,Customer Return
RET000605,30-08-2024,MED213,WH005,200,Customer Return
RET000606,24-03-2024,MED149,WH002,83,Wrong Product
RET000607,11-06-2025,MED074,WH004,198,Quality Issue
RET000608,07-05-2024,MED039,WH010,131,Quality Issue
RET000609,19-06-2025,MED132,WH008,93,Overstock
RET000610,02-04-2025,MED218,WH001,47,Quality Issue
RET000611,04-04-2024,MED039,WH007,195,Damaged
RET000612,15-06-2024,MED216,WH004,11,Quality Issue
RET000613,26-07-2024,MED138,WH003,179,Quality Issue
RET000614,21-01-2025,MED113,WH009,54,Quality Issue
RET000615,31-03-2025,MED096,WH006,47,Wrong Product
RET000616,22-07-2024,MED023,WH007,90,Customer Return
RET000617,09-09-2024,MED251,WH009,35,Expired
RET000618,27-06-2025,MED020,WH006,141,Wrong Product
RET000619,24-04-2025,MED211,WH001,68,Overstock
RET000620,04-06-2025,MED065,WH001,102,Overstock
RET000621,05-02-2025,MED199,WH003,121,Expired
RET000622,17-02-2025,MED103,WH005,70,Expired
RET000623,21-12-2024,MED021,WH001,117,Wrong Product
RET000624,27-02-2024,MED013,WH004,29,Overstock
RET000625,18-03-2025,MED084,WH002,128,Quality Issue
RET000626,16-08-2024,MED216,WH002,54,Customer Return
RET000627,12-12-2024,MED184,WH001,102,Damaged
RET000628,20-10-2024,MED226,WH008,5,Wrong Product
RET000629,26-12-2024,MED248,WH008,122,Quality Issue
RET000630,21-09-2024,MED191,WH003,147,Expired
RET000631,10-07-2024,MED126,WH005,114,Quality Issue
RET000632,03-01-2025,MED124,WH002,194,Expired
RET000633,15-05-2024,MED111,WH002,167,Customer Return
RET000634,04-04-2025,MED170,WH006,118,Expired
RET000635,02-12-2024,MED103,WH006,185,Expired
RET000636,31-03-2025,MED053,WH004,73,Customer Return
RET000637,24-06-2025,MED212,WH005,183,Overstock
RET000638,29-04-2025,MED052,WH001,99,Expired
RET000639,18-02-2025,MED203,WH004,143,Quality Issue
RET000640,06-03-2025,MED280,WH009,49,Overstock
RET000641,06-01-2024,MED144,WH008,56,Not Specified
RET000642,22-11-2024,MED076,WH004,94,Customer Return
RET000643,07-04-2024,MED294,WH009,151,Customer Return
RET000644,04-06-2024,MED162,WH003,151,Damaged
RET000645,06-01-2025,MED043,WH009,34,Wrong Product
RET000646,25-10-2024,MED298,WH001,188,Wrong Product
RET000647,11-05-2025,MED234,WH004,9,Overstock
RET000648,04-06-2024,MED042,WH005,43,Overstock
RET000649,28-09-2024,MED045,WH004,130,Expired
RET000650,18-05-2024,MED288,WH005,94,Expired
RET000651,24-04-2025,MED131,WH010,192,Expired
RET000652,16-06-2025,MED005,WH010,198,Wrong Product
RET000653,07-01-2025,MED277,WH001,143,Quality Issue
RET000654,11-11-2024,MED192,WH010,168,Wrong Product
RET000655,09-06-2025,MED136,WH006,136,Expired
RET000656,23-02-2024,MED039,WH007,183,Customer Return
RET000657,10-07-2024,MED290,WH001,155,Quality Issue
RET000658,10-01-2025,MED248,WH003,69,Damaged
RET000659,15-05-2024,MED252,WH002,117,Expired
RET000660,18-04-2024,MED197,WH002,58,Wrong Product
RET000661,26-01-2024,MED181,WH003,158,Overstock
RET000662,12-12-2024,MED022,WH005,78,Overstock
RET000663,12-01-2024,MED209,WH010,188,Expired
RET000664,15-07-2024,MED259,WH006,158,Customer Return
RET000665,06-02-2024,MED104,WH006,164,Wrong Product
RET000666,25-11-2024,MED176,WH008,72,Wrong Product
RET000667,28-02-2024,MED297,WH002,83,Damaged
RET000668,08-05-2025,MED291,WH001,73,Quality Issue
RET000669,07-10-2024,MED191,WH009,30,Wrong Product
RET000670,27-03-2024,MED214,WH003,32,Quality Issue
RET000671,23-07-2024,MED050,WH009,116,Damaged
RET000672,30-11-2024,MED172,WH008,81,Quality Issue
RET000673,23-07-2024,MED128,WH008,178,Wrong Product
RET000674,17-07-2024,MED188,WH002,14,Quality Issue
RET000675,02-11-2024,MED274,WH005,31,Damaged
RET000676,16-08-2024,MED004,WH004,100,Wrong Product
RET000677,14-12-2024,MED029,WH009,156,Quality Issue
RET000678,03-10-2024,MED135,WH007,9,Customer Return
RET000679,29-01-2025,MED109,WH004,124,Wrong Product
RET000680,02-01-2025,MED122,WH003,181,Damaged
RET000681,06-03-2024,MED268,WH009,68,Overstock
RET000682,30-06-2024,MED233,WH004,76,Customer Return
RET000683,18-06-2025,MED120,WH005,93,Damaged
RET000684,05-09-2024,MED200,WH007,11,Damaged
RET000685,03-06-2025,MED106,WH007,141,Quality Issue
RET000686,30-11-2024,MED074,WH002,130,Customer Return
RET000687,21-01-2025,MED018,WH008,123,Quality Issue
RET000688,20-03-2024,MED026,WH002,34,Expired
RET000689,24-03-2024,MED028,WH003,40,Wrong Product
RET000690,12-08-2024,MED194,WH001,200,Wrong Product
RET000691,25-02-2025,MED084,WH003,163,Damaged
RET000692,05-09-2024,MED077,WH001,82,Customer Return
RET000693,19-02-2024,MED051,WH005,57,Expired
RET000694,09-08-2024,MED037,WH003,173,Overstock
RET000695,28-11-2024,MED289,WH006,52,Quality Issue
RET000696,05-01-2024,MED282,WH001,23,Wrong Product
RET000697,21-06-2024,MED006,WH007,145,Overstock
RET000698,12-05-2024,MED225,WH010,161,Expired
RET000699,05-05-2025,MED274,WH010,191,Damaged
RET000700,11-02-2024,MED276,WH004,75,Customer Return
RET000701,26-01-2025,MED237,WH003,116,Customer Return
RET000702,14-03-2025,MED252,WH005,99,Wrong Product
RET000703,30-05-2025,MED237,WH007,53,Not Specified
RET000704,13-06-2025,MED022,WH003,6,Wrong Product
RET000705,14-04-2024,MED226,WH005,191,Overstock
RET000706,05-06-2025,MED084,WH003,172,Customer Return
RET000707,01-11-2024,MED181,WH004,84,Customer Return
RET000708,13-03-2024,MED157,WH004,103,Damaged
RET000709,12-09-2024,MED018,WH002,89,Overstock
RET000710,17-05-2025,MED138,WH009,19,Wrong Product
RET000711,20-01-2024,MED049,WH008,104,Damaged
RET000712,01-06-2025,MED058,WH002,163,Damaged
RET000713,28-01-2024,MED236,WH003,19,Damaged
RET000714,10-11-2024,MED047,WH002,176,Overstock
RET000715,27-10-2024,MED186,WH010,64,Overstock
RET000716,15-05-2024,MED253,WH008,198,Expired
RET000717,01-01-2025,MED034,WH007,155,Expired
RET000718,27-10-2024,MED282,WH006,173,Expired
RET000719,16-06-2025,MED122,WH003,78,Customer Return
RET000720,22-04-2024,MED152,WH010,92,Damaged
RET000721,13-04-2025,MED271,WH001,58,Damaged
RET000722,17-01-2025,MED076,WH006,147,Expired
RET000723,13-06-2025,MED032,WH007,154,Overstock
RET000724,18-04-2025,MED051,WH008,136,Wrong Product
RET000725,27-11-2024,MED232,WH008,167,Quality Issue
RET000726,15-07-2024,MED145,WH004,177,Damaged
RET000727,17-03-2024,MED059,WH001,58,Quality Issue
RET000728,08-03-2024,MED060,WH009,173,Quality Issue
RET000729,30-03-2025,MED218,WH004,146,Wrong Product
RET000730,12-10-2024,MED140,WH003,43,Customer Return
RET000731,03-11-2024,MED177,WH005,25,Wrong Product
RET000732,16-03-2024,MED115,WH010,38,Wrong Product
RET000733,16-12-2024,MED258,WH010,96,Wrong Product
RET000734,12-01-2024,MED014,WH006,15,Overstock
RET000735,06-01-2025,MED213,WH010,20,Expired
RET000736,20-07-2024,MED144,WH003,113,Expired
RET000737,10-02-2025,MED012,WH002,192,Customer Return
RET000738,10-05-2024,MED165,WH008,23,Quality Issue
RET000739,11-12-2024,MED034,WH006,47,Wrong Product
RET000740,07-02-2024,MED158,WH007,145,Expired
RET000741,26-10-2024,MED048,WH008,181,Wrong Product
RET000742,19-06-2024,MED266,WH007,157,Wrong Product
RET000743,31-10-2024,MED126,WH006,116,Quality Issue
RET000744,30-03-2025,MED082,WH006,114,Quality Issue
RET000745,30-12-2024,MED181,WH002,39,Overstock
RET000746,23-11-2024,MED087,WH001,17,Wrong Product
RET000747,02-07-2024,MED187,WH005,86,Damaged
RET000748,30-09-2024,MED008,WH007,72,Damaged
RET000749,07-06-2024,MED031,WH010,144,Damaged
RET000750,08-03-2024,MED296,WH003,99,Expired
RET000751,13-03-2024,MED180,WH007,73,Wrong Product
RET000752,28-02-2024,MED111,WH002,60,Quality Issue
RET000753,21-06-2025,MED050,WH003,44,Overstock
RET000754,08-02-2024,MED104,WH010,116,Damaged
RET000755,24-06-2025,MED107,WH009,184,Wrong Product
RET000756,27-01-2025,MED126,WH006,159,Quality Issue
RET000757,04-04-2025,MED131,WH002,48,Expired
RET000758,22-06-2024,MED254,WH003,113,Wrong Product
RET000759,28-04-2024,MED076,WH009,196,Damaged
RET000760,04-04-2025,MED099,WH006,112,Expired
RET000761,11-04-2025,MED243,WH006,158,Customer Return
RET000762,15-03-2024,MED205,WH008,91,Customer Return
RET000763,24-03-2025,MED285,WH010,152,Expired
RET000764,08-07-2024,MED169,WH004,190,Overstock
RET000765,05-06-2024,MED181,WH006,143,Wrong Product
RET000766,20-08-2024,MED259,WH001,105,Customer Return
RET000767,29-08-2024,MED203,WH008,82,Customer Return
RET000768,24-03-2025,MED084,WH010,79,Wrong Product
RET000769,28-06-2024,MED186,WH003,160,Customer Return
RET000770,11-01-2024,MED066,WH005,183,Quality Issue
RET000771,07-12-2024,MED068,WH001,55,Expired
RET000772,30-04-2024,MED076,WH010,169,Expired
RET000773,17-10-2024,MED023,WH006,103,Overstock
RET000774,12-06-2024,MED297,WH005,165,Customer Return
RET000775,07-01-2025,MED061,WH004,177,Not Specified
RET000776,22-02-2025,MED281,WH006,29,Wrong Product
RET000777,14-05-2025,MED243,WH004,136,Quality Issue
RET000778,02-06-2025,MED038,WH005,119,Wrong Product
RET000779,01-04-2024,MED029,WH005,104,Overstock
RET000780,12-01-2025,MED184,WH005,162,Wrong Product
RET000781,20-01-2025,MED081,WH003,62,Customer Return
RET000782,10-04-2024,MED201,WH002,156,Wrong Product
RET000783,16-08-2024,MED250,WH006,102,Overstock
RET000784,08-11-2024,MED130,WH009,26,Wrong Product
RET000785,13-06-2024,MED022,WH010,153,Customer Return
RET000786,02-09-2024,MED278,WH009,124,Damaged
RET000787,07-02-2024,MED069,WH002,109,Wrong Product
RET000788,04-01-2025,MED227,WH005,62,Wrong Product
RET000789,07-01-2025,MED189,WH009,150,Expired
RET000790,05-04-2024,MED084,WH001,97,Expired
RET000791,04-01-2024,MED033,WH001,90,Wrong Product
RET000792,19-04-2025,MED019,WH002,185,Damaged
RET000793,22-05-2025,MED142,WH004,70,Damaged
RET000794,28-02-2024,MED141,WH009,193,Customer Return
RET000795,17-03-2025,MED026,WH002,9,Quality Issue
RET000796,08-09-2024,MED135,WH001,23,Quality Issue
RET000797,12-01-2024,MED223,WH008,76,Overstock
RET000798,11-12-2024,MED152,WH010,80,Damaged
RET000799,23-10-2024,MED121,WH008,37,Customer Return
RET000800,30-04-2024,MED183,WH010,158,Expired
RET000801,25-04-2025,MED252,WH010,127,Wrong Product
RET000802,24-01-2024,MED274,WH002,169,Wrong Product
RET000803,13-03-2025,MED109,WH009,158,Wrong Product
RET000804,10-08-2024,MED202,WH004,174,Wrong Product
RET000805,12-06-2025,MED169,WH001,53,Customer Return
RET000806,31-05-2024,MED187,WH003,107,Wrong Product
RET000807,08-04-2024,MED198,WH006,68,Damaged
RET000808,05-02-2024,MED031,WH002,66,Customer Return
RET000809,30-09-2024,MED018,WH004,192,Wrong Product
RET000810,06-09-2024,MED077,WH001,117,Damaged
RET000811,21-07-2024,MED299,WH009,193,Expired
RET000812,12-07-2024,MED261,WH002,77,Overstock
RET000813,15-02-2024,MED098,WH009,185,Damaged
RET000814,16-07-2024,MED212,WH007,82,Wrong Product
RET000815,27-09-2024,MED023,WH005,127,Wrong Product
RET000816,02-12-2024,MED151,WH001,137,Overstock
RET000817,10-04-2024,MED267,WH003,24,Quality Issue
RET000818,11-03-2024,MED076,WH006,89,Overstock
RET000819,07-05-2024,MED228,WH010,168,Expired
RET000820,30-03-2025,MED091,WH001,25,Overstock
RET000821,12-03-2024,MED209,WH004,103,Overstock
RET000822,19-08-2024,MED030,WH006,137,Customer Return
RET000823,01-04-2025,MED100,WH005,34,Overstock
RET000824,03-06-2025,MED167,WH003,51,Damaged
RET000825,02-03-2025,MED237,WH007,165,Quality Issue
RET000826,12-01-2025,MED148,WH009,184,Expired
RET000827,24-06-2025,MED230,WH002,27,Customer Return
RET000828,16-06-2025,MED201,WH008,140,Wrong Product
RET000829,04-03-2024,MED254,WH001,182,Wrong Product
RET000830,23-05-2024,MED163,WH004,74,Wrong Product
RET000831,24-04-2025,MED220,WH006,113,Wrong Product
RET000832,22-06-2024,MED293,WH005,51,Expired
RET000833,03-03-2025,MED125,WH001,166,Damaged
RET000834,26-03-2024,MED240,WH007,154,Overstock
RET000835,29-03-2025,MED227,WH002,43,Customer Return
RET000836,09-02-2025,MED020,WH010,107,Expired
RET000837,22-11-2024,MED129,WH006,78,Customer Return
RET000838,13-06-2025,MED300,WH002,160,Quality Issue
RET000839,28-10-2024,MED172,WH004,167,Overstock
RET000840,17-02-2024,MED195,WH001,123,Wrong Product
RET000841,09-02-2025,MED235,WH002,29,Overstock
RET000842,16-06-2025,MED041,WH009,181,Quality Issue
RET000843,04-03-2025,MED214,WH008,163,Quality Issue
RET000844,21-05-2025,MED055,WH002,35,Damaged
RET000845,28-11-2024,MED212,WH008,25,Expired
RET000846,25-02-2024,MED075,WH004,146,Damaged
RET000847,13-11-2024,MED205,WH006,64,Expired
RET000848,14-09-2024,MED298,WH010,128,Quality Issue
RET000849,07-05-2025,MED065,WH007,141,Customer Return
RET000850,17-12-2024,MED213,WH001,164,Wrong Product
RET000851,29-04-2025,MED061,WH002,192,Quality Issue
RET000852,05-06-2025,MED015,WH005,89,Quality Issue
RET000853,26-11-2024,MED250,WH003,67,Customer Return
RET000854,27-07-2024,MED143,WH006,33,Quality Issue
RET000855,20-03-2024,MED124,WH005,12,Overstock
RET000856,11-08-2024,MED038,WH010,188,Overstock
RET000857,19-06-2025,MED103,WH006,43,Wrong Product
RET000858,04-01-2025,MED065,WH009,191,Damaged
RET000859,01-01-2024,MED006,WH003,80,Overstock
RET000860,25-06-2024,MED263,WH009,103,Overstock
RET000861,08-12-2024,MED254,WH007,199,Quality Issue
RET000862,10-07-2024,MED263,WH005,9,Quality Issue
RET000863,11-06-2025,MED132,WH006,8,Wrong Product
RET000864,27-03-2024,MED083,WH010,59,Expired
RET000865,17-12-2024,MED156,WH006,176,Customer Return
RET000866,07-01-2024,MED017,WH002,105,Quality Issue
RET000867,06-06-2025,MED141,WH009,161,Overstock
RET000868,10-04-2025,MED012,WH003,33,Customer Return
RET000869,21-11-2024,MED246,WH006,162,Wrong Product
RET000870,20-09-2024,MED111,WH010,42,Overstock
RET000871,13-07-2024,MED172,WH001,62,Customer Return
RET000872,15-04-2025,MED105,WH001,148,Wrong Product
RET000873,14-09-2024,MED153,WH003,115,Expired
RET000874,24-12-2024,MED208,WH005,65,Wrong Product
RET000875,10-06-2024,MED167,WH007,158,Overstock
RET000876,04-04-2024,MED233,WH001,53,Overstock
RET000877,06-11-2024,MED028,WH010,155,Customer Return
RET000878,01-05-2024,MED199,WH006,159,Wrong Product
RET000879,07-06-2024,MED233,WH009,198,Damaged
RET000880,09-08-2024,MED138,WH003,158,Quality Issue
RET000881,09-08-2024,MED246,WH003,5,Expired
RET000882,22-02-2025,MED131,WH002,157,Quality Issue
RET000883,07-05-2024,MED062,WH002,53,Quality Issue
RET000884,30-08-2024,MED207,WH004,198,Quality Issue
RET000885,01-05-2024,MED257,WH001,68,Wrong Product
RET000886,04-03-2024,MED080,WH001,27,Quality Issue
RET000887,19-08-2024,MED138,WH004,196,Wrong Product
RET000888,08-06-2025,MED073,WH008,167,Quality Issue
RET000889,06-04-2025,MED208,WH008,170,Damaged
RET000890,16-01-2024,MED010,WH004,152,Expired
RET000891,20-03-2024,MED250,WH009,141,Overstock
RET000892,28-02-2025,MED136,WH008,118,Expired
RET000893,02-01-2024,MED037,WH005,164,Overstock
RET000894,19-03-2025,MED033,WH008,146,Customer Return
RET000895,05-03-2024,MED129,WH002,48,Quality Issue
RET000896,10-09-2024,MED156,WH007,162,Customer Return
RET000897,01-01-2025,MED288,WH008,164,Wrong Product
RET000898,28-11-2024,MED207,WH005,50,Expired
RET000899,10-10-2024,MED005,WH010,51,Customer Return
RET000900,06-02-2024,MED009,WH007,188,Overstock
RET000901,16-01-2024,MED043,WH009,26,Overstock
RET000902,03-03-2025,MED209,WH001,91,Overstock
RET000903,09-06-2024,MED280,WH010,127,Overstock
RET000904,20-06-2024,MED207,WH001,106,Customer Return
RET000905,14-04-2025,MED191,WH008,26,Quality Issue
RET000906,01-11-2024,MED142,WH009,72,Damaged
RET000907,21-08-2024,MED254,WH010,115,Customer Return
RET000908,25-03-2025,MED124,WH009,171,Wrong Product
RET000909,12-05-2024,MED208,WH006,93,Expired
RET000910,21-01-2024,MED145,WH002,195,Expired
RET000911,24-06-2025,MED232,WH003,49,Damaged
RET000912,20-07-2024,MED061,WH002,160,Damaged
RET000913,11-07-2024,MED103,WH009,198,Expired
RET000914,27-04-2025,MED263,WH004,70,Customer Return
RET000915,17-02-2024,MED217,WH010,124,Quality Issue
RET000916,28-09-2024,MED070,WH008,150,Wrong Product
RET000917,16-06-2024,MED017,WH006,141,Damaged
RET000918,14-02-2025,MED194,WH003,47,Expired
RET000919,16-05-2025,MED143,WH007,148,Quality Issue
RET000920,05-02-2025,MED206,WH005,131,Wrong Product
RET000921,24-04-2025,MED119,WH009,74,Expired
RET000922,20-08-2024,MED254,WH008,88,Overstock
RET000923,11-12-2024,MED241,WH010,143,Customer Return
RET000924,04-04-2024,MED012,WH001,127,Customer Return
RET000925,13-03-2024,MED050,WH010,170,Customer Return
RET000926,15-05-2025,MED250,WH008,71,Damaged
RET000927,27-02-2024,MED099,WH009,114,Quality Issue
RET000928,03-04-2025,MED022,WH003,152,Expired
RET000929,17-10-2024,MED276,WH001,171,Quality Issue
RET000930,17-12-2024,MED064,WH010,149,Damaged
RET000931,06-11-2024,MED153,WH001,54,Quality Issue
RET000932,23-12-2024,MED266,WH010,88,Overstock
RET000933,17-01-2025,MED081,WH005,111,Quality Issue
RET000934,21-07-2024,MED118,WH002,61,Expired
RET000935,17-06-2025,MED265,WH003,80,Expired
RET000936,27-10-2024,MED079,WH007,181,Overstock
RET000937,13-02-2024,MED064,WH003,176,Customer Return
RET000938,29-05-2025,MED279,WH002,154,Overstock
RET000939,26-03-2025,MED010,WH008,114,Customer Return
RET000940,23-05-2024,MED179,WH007,113,Customer Return
RET000941,17-06-2024,MED298,WH007,74,Expired
RET000942,07-01-2024,MED172,WH008,152,Wrong Product
RET000943,27-03-2025,MED183,WH005,24,Wrong Product
RET000944,24-10-2024,MED183,WH006,25,Overstock
RET000945,10-11-2024,MED234,WH003,77,Not Specified
RET000946,13-08-2024,MED097,WH003,155,Overstock
RET000947,11-11-2024,MED042,WH008,112,Wrong Product
RET000948,28-03-2024,MED113,WH008,65,Wrong Product
RET000949,15-02-2025,MED038,WH010,54,Overstock
RET000950,28-06-2024,MED279,WH010,25,Damaged
RET000951,05-05-2024,MED095,WH005,156,Quality Issue
RET000952,22-09-2024,MED205,WH004,78,Wrong Product
RET000953,24-08-2024,MED224,WH003,64,Wrong Product
RET000954,22-06-2024,MED273,WH008,51,Quality Issue
RET000955,11-04-2024,MED214,WH010,103,Quality Issue
RET000956,31-01-2025,MED246,WH009,26,Customer Return
RET000957,09-01-2024,MED050,WH009,181,Not Specified
RET000958,05-11-2024,MED256,WH005,80,Customer Return
RET000959,29-01-2024,MED057,WH009,53,Overstock
RET000960,03-05-2025,MED065,WH005,194,Wrong Product
RET000961,12-04-2025,MED020,WH003,39,Overstock
RET000962,30-04-2025,MED204,WH005,67,Quality Issue
RET000963,09-04-2025,MED056,WH007,36,Overstock
RET000964,21-04-2025,MED172,WH001,118,Quality Issue
RET000965,30-01-2024,MED154,WH009,69,Overstock
RET000966,20-08-2024,MED118,WH009,72,Not Specified
RET000967,26-05-2024,MED176,WH006,31,Quality Issue
RET000968,24-08-2024,MED054,WH008,111,Damaged
RET000969,29-09-2024,MED066,WH005,27,Expired
RET000970,20-03-2024,MED231,WH010,199,Expired
RET000971,25-12-2024,MED137,WH005,172,Wrong Product
RET000972,21-05-2024,MED144,WH001,46,Damaged
RET000973,19-04-2024,MED119,WH001,79,Customer Return
RET000974,17-10-2024,MED237,WH002,91,Overstock
RET000975,18-03-2024,MED011,WH002,130,Expired
RET000976,09-03-2024,MED077,WH008,140,Customer Return
RET000977,28-10-2024,MED035,WH009,122,Expired
RET000978,10-08-2024,MED047,WH010,192,Overstock
RET000979,19-06-2025,MED019,WH006,69,Damaged
RET000980,14-01-2024,MED237,WH008,184,Overstock
RET000981,11-04-2025,MED079,WH003,16,Wrong Product
RET000982,06-06-2025,MED070,WH001,102,Damaged
RET000983,30-09-2024,MED060,WH007,73,Overstock
RET000984,02-05-2025,MED153,WH009,86,Expired
RET000985,24-01-2025,MED251,WH005,64,Wrong Product
RET000986,26-05-2024,MED171,WH008,29,Overstock
RET000987,29-06-2024,MED244,WH007,196,Not Specified
RET000988,27-01-2025,MED185,WH005,140,Customer Return
RET000989,04-06-2025,MED118,WH008,141,Quality Issue
RET000990,12-11-2024,MED024,WH008,96,Quality Issue
RET000991,28-03-2024,MED031,WH002,187,Damaged
RET000992,20-03-2024,MED133,WH006,33,Wrong Product
RET000993,17-01-2025,MED239,WH003,183,Expired
RET000994,24-12-2024,MED284,WH004,93,Overstock
RET000995,16-03-2025,MED046,WH001,78,Expired
RET000996,25-02-2025,MED264,WH010,87,Quality Issue
RET000997,18-05-2025,MED189,WH006,105,Overstock
RET000998,06-11-2024,MED212,WH007,192,Wrong Product
RET000999,15-05-2025,MED159,WH002,56,Wrong Product
RET001000,01-01-2024,MED149,WH006,151,Quality Issue
RET001001,16-06-2024,MED128,WH006,107,Overstock
RET001002,02-07-2024,MED154,WH008,129,Overstock
RET001003,04-05-2025,MED089,WH008,43,Customer Return
RET001004,01-09-2024,MED296,WH002,40,Damaged
RET001005,30-06-2024,MED086,WH001,5,Damaged
RET001006,17-02-2025,MED058,WH002,116,Overstock
RET001007,24-04-2024,MED072,WH006,65,Overstock
RET001008,02-01-2024,MED072,WH007,130,Customer Return
RET001009,14-02-2025,MED164,WH006,67,Wrong Product
RET001010,27-01-2024,MED177,WH007,123,Overstock
RET001011,02-09-2024,MED124,WH008,87,Overstock
RET001012,24-01-2024,MED173,WH009,109,Damaged
RET001013,24-06-2025,MED285,WH005,180,Expired
RET001014,30-12-2024,MED053,WH005,36,Overstock
RET001015,11-08-2024,MED153,WH010,183,Overstock
RET001016,18-11-2024,MED227,WH005,106,Quality Issue
RET001017,24-06-2025,MED251,WH001,62,Overstock
RET001018,05-01-2025,MED065,WH002,154,Customer Return
RET001019,11-01-2024,MED087,WH009,61,Damaged
RET001020,07-02-2025,MED021,WH006,135,Overstock
RET001021,24-04-2024,MED009,WH003,112,Overstock
RET001022,27-04-2024,MED195,WH002,23,Overstock
RET001023,28-02-2025,MED045,WH002,63,Not Specified
RET001024,04-12-2024,MED057,WH007,37,Wrong Product
RET001025,20-01-2025,MED194,WH003,74,Damaged
RET001026,02-02-2024,MED133,WH003,19,Quality Issue
RET001027,06-11-2024,MED039,WH003,184,Damaged
RET001028,08-04-2025,MED299,WH010,25,Customer Return
RET001029,04-01-2025,MED047,WH004,116,Overstock
RET001030,20-03-2025,MED269,WH003,118,Damaged
RET001031,05-12-2024,MED164,WH006,46,Overstock
RET001032,22-03-2024,MED124,WH006,42,Customer Return
RET001033,02-09-2024,MED049,WH010,147,Wrong Product
RET001034,07-01-2025,MED275,WH010,11,Wrong Product
RET001035,16-12-2024,MED005,WH002,103,Expired
RET001036,23-10-2024,MED011,WH008,172,Wrong Product
RET001037,28-06-2025,MED239,WH005,29,Not Specified
RET001038,26-03-2025,MED121,WH001,60,Expired
RET001039,30-03-2025,MED154,WH007,17,Customer Return
RET001040,05-03-2025,MED191,WH007,191,Damaged
RET001041,23-01-2024,MED069,WH002,157,Overstock
RET001042,03-05-2024,MED131,WH010,141,Wrong Product
RET001043,02-01-2025,MED147,WH001,11,Expired
RET001044,06-04-2024,MED054,WH007,131,Damaged
RET001045,02-03-2025,MED084,WH003,172,Customer Return
RET001046,13-08-2024,MED287,WH003,94,Expired
RET001047,14-01-2024,MED148,WH010,111,Overstock
RET001048,20-01-2024,MED253,WH002,160,Overstock
RET001049,09-06-2024,MED185,WH007,151,Wrong Product
RET001050,04-05-2024,MED091,WH006,36,Wrong Product
RET001051,14-10-2024,MED055,WH002,64,Overstock
RET001052,21-09-2024,MED172,WH010,129,Expired
RET001053,28-01-2025,MED260,WH004,22,Overstock
RET001054,20-03-2025,MED037,WH002,190,Quality Issue
RET001055,01-11-2024,MED065,WH002,49,Wrong Product
RET001056,29-06-2025,MED120,WH005,56,Wrong Product
RET001057,25-05-2025,MED196,WH006,46,Overstock
RET001058,04-04-2025,MED014,WH006,94,Customer Return
RET001059,07-10-2024,MED168,WH004,189,Quality Issue
RET001060,29-01-2025,MED109,WH010,173,Expired
RET001061,05-04-2024,MED236,WH001,132,Overstock
RET001062,28-09-2024,MED104,WH010,48,Not Specified
RET001063,19-06-2025,MED170,WH003,98,Wrong Product
RET001064,28-11-2024,MED221,WH001,149,Wrong Product
RET001065,25-06-2024,MED151,WH006,12,Customer Return
RET001066,21-10-2024,MED082,WH005,45,Damaged
RET001067,18-11-2024,MED096,WH001,200,Wrong Product
RET001068,07-07-2024,MED057,WH010,145,Expired
RET001069,28-04-2025,MED179,WH005,61,Overstock
RET001070,19-02-2024,MED012,WH008,112,Overstock
RET001071,19-01-2025,MED001,WH006,177,Expired
RET001072,04-04-2025,MED293,WH002,36,Overstock
RET001073,31-12-2024,MED002,WH005,85,Customer Return
RET001074,14-12-2024,MED126,WH007,96,Expired
RET001075,28-03-2025,MED169,WH009,87,Expired
RET001076,19-06-2024,MED183,WH007,72,Overstock
RET001077,15-10-2024,MED262,WH008,17,Customer Return
RET001078,25-06-2024,MED285,WH001,15,Damaged
RET001079,17-04-2024,MED297,WH004,145,Overstock
RET001080,17-01-2024,MED076,WH004,128,Expired
RET001081,20-03-2024,MED292,WH005,60,Not Specified
RET001082,15-03-2025,MED144,WH001,82,Not Specified
RET001083,23-03-2025,MED234,WH007,11,Damaged
RET001084,06-07-2024,MED021,WH009,57,Quality Issue
RET001085,11-03-2024,MED021,WH003,10,Quality Issue
RET001086,04-02-2024,MED108,WH008,176,Customer Return
RET001087,12-12-2024,MED014,WH008,183,Quality Issue
RET001088,18-11-2024,MED256,WH004,162,Damaged
RET001089,20-02-2024,MED254,WH005,76,Wrong Product
RET001090,11-08-2024,MED178,WH005,61,Damaged
RET001091,14-04-2024,MED263,WH003,28,Overstock
RET001092,14-01-2024,MED020,WH005,43,Overstock
RET001093,10-02-2024,MED129,WH003,62,Expired
RET001094,17-05-2025,MED059,WH010,114,Wrong Product
RET001095,09-03-2024,MED041,WH005,16,Wrong Product
RET001096,29-01-2025,MED284,WH004,176,Customer Return
RET001097,28-11-2024,MED019,WH003,85,Wrong Product
RET001098,29-01-2025,MED037,WH008,57,Wrong Product
RET001099,15-03-2025,MED162,WH008,10,Damaged
RET001100,28-02-2025,MED101,WH004,48,Wrong Product
RET001101,07-10-2024,MED219,WH008,195,Customer Return
RET001102,03-08-2024,MED211,WH001,145,Quality Issue
RET001103,10-04-2025,MED085,WH004,169,Overstock
RET001104,04-02-2024,MED176,WH005,75,Overstock
RET001105,18-01-2024,MED082,WH004,29,Overstock
RET001106,10-05-2025,MED026,WH003,170,Damaged
RET001107,07-06-2024,MED121,WH001,154,Expired
RET001108,18-05-2025,MED067,WH002,149,Expired
RET001109,21-03-2024,MED129,WH004,58,Overstock
RET001110,12-05-2024,MED194,WH005,77,Overstock
RET001111,05-04-2024,MED067,WH001,27,Wrong Product
RET001112,01-09-2024,MED174,WH005,10,Quality Issue
RET001113,07-03-2025,MED229,WH009,146,Customer Return
RET001114,11-05-2024,MED293,WH004,166,Quality Issue
RET001115,30-09-2024,MED152,WH004,50,Customer Return
RET001116,11-04-2024,MED174,WH005,123,Wrong Product
RET001117,11-05-2025,MED228,WH008,40,Overstock
RET001118,04-03-2024,MED180,WH003,143,Damaged
RET001119,21-06-2024,MED028,WH005,43,Wrong Product
RET001120,23-07-2024,MED187,WH003,109,Damaged
RET001121,23-11-2024,MED207,WH010,82,Quality Issue
RET001122,27-12-2024,MED197,WH009,110,Wrong Product
RET001123,03-12-2024,MED102,WH009,115,Wrong Product
RET001124,30-05-2025,MED152,WH008,124,Customer Return
RET001125,05-02-2024,MED259,WH008,140,Wrong Product
RET001126,16-05-2024,MED074,WH010,89,Overstock
RET001127,15-05-2025,MED138,WH008,193,Customer Return
RET001128,03-02-2024,MED102,WH009,174,Customer Return
RET001129,29-04-2024,MED251,WH007,163,Customer Return
RET001130,21-01-2025,MED200,WH001,197,Customer Return
RET001131,31-07-2024,MED051,WH009,93,Expired
RET001132,05-09-2024,MED180,WH004,43,Quality Issue
RET001133,25-04-2024,MED259,WH003,60,Expired
RET001134,24-03-2024,MED074,WH003,54,Not Specified
RET001135,07-09-2024,MED080,WH009,91,Expired
RET001136,18-03-2025,MED197,WH010,20,Damaged
RET001137,02-04-2024,MED123,WH004,101,Wrong Product
RET001138,08-05-2024,MED265,WH004,124,Overstock
RET001139,03-09-2024,MED096,WH004,124,Customer Return
RET001140,17-10-2024,MED042,WH010,37,Customer Return
RET001141,08-06-2024,MED099,WH003,87,Wrong Product
RET001142,13-01-2024,MED289,WH006,34,Overstock
RET001143,23-11-2024,MED141,WH003,182,Customer Return
RET001144,05-05-2025,MED083,WH008,83,Damaged
RET001145,21-02-2024,MED090,WH007,122,Quality Issue
RET001146,05-08-2024,MED121,WH008,46,Overstock
RET001147,22-06-2024,MED086,WH008,154,Expired
RET001148,21-04-2025,MED238,WH009,124,Expired
RET001149,13-05-2024,MED083,WH001,94,Quality Issue
RET001150,26-02-2024,MED141,WH004,68,Quality Issue
RET001151,04-10-2024,MED252,WH004,62,Wrong Product
RET001152,22-08-2024,MED171,WH009,44,Quality Issue
RET001153,22-01-2024,MED015,WH009,20,Damaged
RET001154,21-06-2024,MED283,WH004,162,Damaged
RET001155,09-04-2024,MED158,WH001,19,Damaged
RET001156,11-03-2025,MED253,WH008,127,Quality Issue
RET001157,06-03-2024,MED236,WH003,98,Overstock
RET001158,24-09-2024,MED155,WH001,128,Expired
RET001159,12-10-2024,MED198,WH001,27,Quality Issue
RET001160,02-03-2025,MED020,WH008,76,Expired
RET001161,01-02-2025,MED218,WH001,19,Damaged
RET001162,04-11-2024,MED246,WH004,78,Wrong Product
RET001163,01-05-2025,MED120,WH010,33,Wrong Product
RET001164,17-06-2024,MED231,WH005,125,Wrong Product
RET001165,24-04-2025,MED075,WH010,200,Overstock
RET001166,29-11-2024,MED239,WH002,156,Damaged
RET001167,25-07-2024,MED066,WH005,24,Expired
RET001168,04-02-2024,MED261,WH003,51,Quality Issue
RET001169,10-02-2024,MED115,WH009,169,Damaged
RET001170,14-07-2024,MED280,WH002,115,Expired
RET001171,31-03-2025,MED202,WH001,97,Expired
RET001172,18-08-2024,MED085,WH008,72,Wrong Product
RET001173,29-06-2024,MED168,WH004,150,Overstock
RET001174,06-10-2024,MED297,WH007,41,Quality Issue
RET001175,06-04-2025,MED190,WH005,86,Quality Issue
RET001176,15-04-2024,MED284,WH001,173,Overstock
RET001177,20-01-2025,MED263,WH003,59,Overstock
RET001178,11-01-2024,MED027,WH009,143,Expired
RET001179,24-01-2025,MED054,WH010,163,Damaged
RET001180,24-07-2024,MED209,WH009,102,Overstock
RET001181,14-03-2025,MED291,WH009,109,Damaged
RET001182,01-04-2024,MED146,WH005,141,Expired
RET001183,28-06-2024,MED092,WH005,107,Overstock
RET001184,20-02-2024,MED077,WH002,34,Customer Return
RET001185,24-02-2025,MED269,WH006,55,Overstock
RET001186,17-04-2024,MED167,WH001,167,Expired
RET001187,07-01-2025,MED191,WH002,118,Damaged
RET001188,30-09-2024,MED245,WH010,55,Damaged
RET001189,20-07-2024,MED013,WH009,127,Overstock
RET001190,27-08-2024,MED047,WH009,159,Quality Issue
RET001191,03-12-2024,MED273,WH007,7,Overstock
RET001192,15-03-2024,MED040,WH007,94,Expired
RET001193,19-01-2025,MED293,WH009,157,Quality Issue
RET001194,22-09-2024,MED269,WH001,6,Quality Issue
RET001195,07-06-2024,MED156,WH008,104,Customer Return
RET001196,15-06-2024,MED079,WH005,77,Customer Return
RET001197,03-05-2025,MED073,WH007,72,Damaged
RET001198,25-02-2025,MED035,WH007,156,Quality Issue
RET001199,14-03-2024,MED147,WH010,77,Wrong Product
RET001200,18-10-2024,MED209,WH002,193,Overstock
RET001201,12-06-2025,MED223,WH003,86,Wrong Product
RET001202,06-05-2025,MED276,WH010,89,Customer Return
RET001203,27-04-2024,MED149,WH002,70,Damaged
RET001204,06-05-2025,MED205,WH005,150,Overstock
RET001205,28-09-2024,MED143,WH006,120,Damaged
RET001206,06-04-2025,MED150,WH010,195,Quality Issue
RET001207,18-08-2024,MED219,WH004,6,Damaged
RET001208,12-06-2024,MED242,WH003,165,Wrong Product
RET001209,14-09-2024,MED105,WH004,8,Customer Return
RET001210,16-06-2025,MED081,WH007,57,Damaged
RET001211,31-01-2024,MED123,WH005,66,Customer Return
RET001212,15-09-2024,MED067,WH010,189,Damaged
RET001213,17-03-2024,MED243,WH002,66,Wrong Product
RET001214,11-01-2025,MED295,WH002,197,Quality Issue
RET001215,30-01-2025,MED287,WH009,76,Overstock
RET001216,18-03-2025,MED213,WH010,53,Customer Return
RET001217,07-09-2024,MED206,WH004,52,Wrong Product
RET001218,13-12-2024,MED110,WH006,125,Damaged
RET001219,28-02-2025,MED249,WH009,87,Overstock
RET001220,25-06-2025,MED178,WH001,36,Overstock
RET001221,28-01-2024,MED058,WH002,129,Quality Issue
RET001222,05-02-2024,MED173,WH008,50,Overstock
RET001223,14-08-2024,MED272,WH009,185,Expired
RET001224,23-09-2024,MED285,WH004,71,Damaged
RET001225,07-05-2024,MED101,WH003,75,Overstock
RET001226,27-03-2024,MED298,WH006,48,Damaged
RET001227,18-09-2024,MED243,WH006,103,Expired
RET001228,07-01-2025,MED116,WH006,180,Wrong Product
RET001229,26-07-2024,MED001,WH003,137,Overstock
RET001230,22-08-2024,MED208,WH004,37,Overstock
RET001231,30-05-2025,MED029,WH004,105,Quality Issue
RET001232,07-09-2024,MED236,WH001,131,Customer Return
RET001233,29-10-2024,MED188,WH003,126,Expired
RET001234,16-01-2024,MED100,WH007,136,Quality Issue
RET001235,28-05-2024,MED024,WH004,69,Customer Return
RET001236,10-05-2025,MED227,WH006,62,Wrong Product
RET001237,07-01-2025,MED079,WH001,64,Wrong Product
RET001238,08-01-2025,MED295,WH005,68,Quality Issue
RET001239,04-03-2025,MED071,WH009,163,Customer Return
RET001240,23-10-2024,MED037,WH004,135,Not Specified
RET001241,22-05-2024,MED096,WH009,120,Damaged
RET001242,24-04-2025,MED172,WH003,18,Overstock
RET001243,04-06-2025,MED095,WH008,58,Quality Issue
RET001244,16-06-2025,MED187,WH004,170,Expired
RET001245,03-01-2024,MED200,WH006,88,Damaged
RET001246,18-08-2024,MED293,WH005,5,Overstock
RET001247,14-04-2025,MED210,WH004,95,Customer Return
RET001248,03-07-2024,MED094,WH008,171,Damaged
RET001249,01-01-2025,MED220,WH008,78,Damaged
RET001250,15-09-2024,MED202,WH001,31,Damaged
RET001251,05-01-2024,MED056,WH008,165,Overstock
RET001252,29-08-2024,MED294,WH001,85,Wrong Product
RET001253,21-02-2025,MED286,WH009,164,Overstock
RET001254,24-04-2024,MED266,WH008,96,Damaged
RET001255,13-06-2025,MED062,WH010,192,Wrong Product
RET001256,10-11-2024,MED235,WH007,90,Quality Issue
RET001257,20-05-2025,MED141,WH003,46,Quality Issue
RET001258,10-12-2024,MED166,WH007,96,Damaged
RET001259,20-12-2024,MED047,WH004,32,Expired
RET001260,15-08-2024,MED205,WH010,136,Customer Return
RET001261,26-09-2024,MED252,WH004,160,Quality Issue
RET001262,07-03-2025,MED201,WH002,135,Damaged
RET001263,17-09-2024,MED107,WH009,188,Overstock
RET001264,06-07-2024,MED101,WH004,200,Customer Return
RET001265,30-10-2024,MED141,WH009,163,Damaged
RET001266,14-05-2024,MED164,WH005,31,Overstock
RET001267,19-07-2024,MED288,WH009,138,Wrong Product
RET001268,06-06-2024,MED146,WH004,81,Damaged
RET001269,17-02-2024,MED279,WH009,35,Quality Issue
RET001270,27-06-2025,MED264,WH008,7,Wrong Product
RET001271,22-11-2024,MED237,WH002,140,Wrong Product
RET001272,19-10-2024,MED197,WH001,114,Overstock
RET001273,04-06-2025,MED184,WH002,126,Quality Issue
RET001274,21-01-2025,MED070,WH007,15,Damaged
RET001275,27-03-2025,MED194,WH004,66,Expired
RET001276,30-10-2024,MED217,WH006,76,Quality Issue
RET001277,19-04-2025,MED275,WH007,75,Quality Issue
RET001278,17-02-2025,MED114,WH006,15,Expired
RET001279,26-11-2024,MED198,WH001,90,Quality Issue
RET001280,11-09-2024,MED211,WH007,98,Overstock
RET001281,19-05-2025,MED235,WH010,151,Damaged
RET001282,11-07-2024,MED157,WH008,16,Overstock
RET001283,07-11-2024,MED255,WH008,195,Overstock
RET001284,02-01-2025,MED130,WH009,187,Expired
RET001285,18-01-2024,MED004,WH002,31,Overstock
RET001286,10-11-2024,MED044,WH003,13,Overstock
RET001287,14-12-2024,MED108,WH008,146,Damaged
RET001288,11-04-2024,MED106,WH005,74,Damaged
RET001289,13-05-2024,MED215,WH010,49,Quality Issue
RET001290,14-07-2024,MED118,WH005,160,Wrong Product
RET001291,30-04-2025,MED249,WH009,121,Overstock
RET001292,14-02-2024,MED032,WH007,55,Customer Return
RET001293,21-05-2024,MED011,WH008,106,Overstock
RET001294,20-03-2024,MED253,WH003,54,Overstock
RET001295,18-05-2025,MED052,WH008,169,Overstock
RET001296,27-03-2024,MED298,WH009,144,Overstock
RET001297,10-02-2025,MED219,WH001,133,Quality Issue
RET001298,21-09-2024,MED070,WH003,34,Customer Return
RET001299,08-02-2025,MED231,WH002,181,Expired
RET001300,23-05-2024,MED017,WH008,187,Quality Issue
RET001301,23-11-2024,MED275,WH007,90,Expired
RET001302,25-12-2024,MED013,WH003,133,Expired
RET001303,27-06-2025,MED092,WH009,17,Overstock
RET001304,07-12-2024,MED088,WH001,112,Overstock
RET001305,05-07-2024,MED053,WH010,83,Quality Issue
RET001306,05-05-2025,MED038,WH009,93,Customer Return
RET001307,15-08-2024,MED110,WH005,9,Overstock
RET001308,07-12-2024,MED100,WH005,12,Expired
RET001309,30-07-2024,MED055,WH008,46,Wrong Product
RET001310,07-06-2025,MED232,WH001,22,Quality Issue
RET001311,16-02-2025,MED221,WH003,121,Expired
RET001312,27-11-2024,MED155,WH010,49,Wrong Product
RET001313,19-10-2024,MED281,WH008,78,Damaged
RET001314,30-07-2024,MED182,WH009,155,Wrong Product
RET001315,20-06-2025,MED038,WH002,87,Quality Issue
RET001316,08-06-2025,MED005,WH002,66,Quality Issue
RET001317,17-02-2024,MED183,WH004,135,Quality Issue
RET001318,02-12-2024,MED117,WH008,149,Quality Issue
RET001319,19-12-2024,MED248,WH001,115,Customer Return
RET001320,20-07-2024,MED108,WH008,148,Quality Issue
RET001321,19-02-2025,MED149,WH002,94,Expired
RET001322,01-06-2024,MED179,WH004,61,Overstock
RET001323,24-07-2024,MED194,WH002,63,Overstock
RET001324,03-04-2024,MED043,WH007,192,Customer Return
RET001325,17-09-2024,MED272,WH010,87,Customer Return
RET001326,23-07-2024,MED142,WH008,83,Overstock
RET001327,08-11-2024,MED095,WH001,48,Quality Issue
RET001328,17-05-2024,MED057,WH003,14,Customer Return
RET001329,20-05-2025,MED273,WH002,56,Overstock
RET001330,01-10-2024,MED107,WH004,48,Quality Issue
RET001331,03-06-2025,MED039,WH002,130,Wrong Product
RET001332,22-11-2024,MED092,WH002,21,Damaged
RET001333,08-06-2025,MED175,WH007,97,Overstock
RET001334,09-03-2024,MED060,WH001,106,Customer Return
RET001335,14-06-2025,MED180,WH004,38,Damaged
RET001336,24-05-2024,MED190,WH008,55,Expired
RET001337,16-08-2024,MED162,WH004,139,Wrong Product
RET001338,21-12-2024,MED095,WH004,86,Expired
RET001339,20-04-2025,MED298,WH009,136,Wrong Product
RET001340,09-11-2024,MED070,WH009,71,Damaged
RET001341,08-08-2024,MED209,WH005,137,Damaged
RET001342,17-05-2025,MED292,WH002,184,Damaged
RET001343,28-02-2025,MED207,WH005,121,Quality Issue
RET001344,19-02-2024,MED101,WH008,86,Overstock
RET001345,15-12-2024,MED270,WH010,158,Damaged
RET001346,04-06-2024,MED031,WH002,13,Wrong Product
RET001347,31-03-2025,MED143,WH002,48,Overstock
RET001348,10-09-2024,MED094,WH003,54,Wrong Product
RET001349,18-06-2025,MED145,WH008,27,Wrong Product
RET001350,24-10-2024,MED299,WH002,42,Expired
RET001351,07-02-2024,MED016,WH009,83,Quality Issue
RET001352,17-10-2024,MED188,WH010,143,Quality Issue
RET001353,15-05-2025,MED024,WH009,160,Customer Return
RET001354,06-05-2024,MED149,WH007,108,Overstock
RET001355,09-10-2024,MED250,WH008,11,Customer Return
RET001356,18-01-2025,MED092,WH007,25,Damaged
RET001357,14-02-2025,MED073,WH006,194,Expired
RET001358,06-03-2024,MED020,WH005,73,Expired
RET001359,10-04-2025,MED219,WH009,177,Customer Return
RET001360,05-03-2025,MED149,WH010,85,Customer Return
RET001361,19-12-2024,MED170,WH005,198,Customer Return
RET001362,15-05-2025,MED168,WH003,23,Expired
RET001363,11-08-2024,MED276,WH003,193,Customer Return
RET001364,18-04-2025,MED247,WH003,20,Overstock
RET001365,03-05-2024,MED054,WH002,181,Overstock
RET001366,23-08-2024,MED059,WH008,198,Wrong Product
RET001367,27-02-2025,MED137,WH006,135,Expired
RET001368,23-06-2025,MED135,WH004,157,Wrong Product
RET001369,02-01-2024,MED224,WH010,154,Quality Issue
RET001370,18-03-2024,MED079,WH009,29,Expired
RET001371,22-04-2024,MED179,WH006,70,Wrong Product
RET001372,08-10-2024,MED172,WH009,31,Quality Issue
RET001373,16-06-2025,MED261,WH009,171,Quality Issue
RET001374,24-03-2025,MED043,WH001,96,Customer Return
RET001375,11-02-2025,MED239,WH009,159,Damaged
RET001376,12-01-2024,MED043,WH001,189,Expired
RET001377,19-04-2024,MED095,WH004,19,Expired
RET001378,19-04-2024,MED010,WH001,146,Not Specified
RET001379,03-01-2025,MED288,WH010,81,Expired
RET001380,03-06-2025,MED115,WH004,128,Expired
RET001381,08-06-2025,MED254,WH008,177,Damaged
RET001382,31-01-2024,MED193,WH008,103,Damaged
RET001383,16-04-2025,MED050,WH002,14,Customer Return
RET001384,09-12-2024,MED050,WH005,145,Damaged
RET001385,27-06-2024,MED231,WH004,147,Damaged
RET001386,04-02-2024,MED221,WH003,175,Wrong Product
RET001387,20-01-2024,MED085,WH008,75,Quality Issue
RET001388,17-11-2024,MED069,WH004,199,Customer Return
RET001389,02-03-2024,MED218,WH009,153,Expired
RET001390,08-02-2025,MED125,WH008,57,Customer Return
RET001391,29-12-2024,MED138,WH003,34,Customer Return
RET001392,18-11-2024,MED257,WH007,175,Customer Return
RET001393,03-03-2025,MED138,WH005,150,Wrong Product
RET001394,20-03-2024,MED115,WH007,170,Quality Issue
RET001395,28-06-2024,MED038,WH006,14,Damaged
RET001396,08-07-2024,MED270,WH001,12,Wrong Product
RET001397,26-06-2024,MED045,WH010,138,Overstock
RET001398,11-06-2024,MED071,WH001,57,Expired
RET001399,09-04-2024,MED169,WH006,16,Damaged
RET001400,14-01-2024,MED134,WH001,199,Quality Issue
RET001401,14-03-2024,MED251,WH001,78,Customer Return
RET001402,24-02-2025,MED157,WH003,21,Damaged
RET001403,05-02-2024,MED056,WH006,112,Expired
RET001404,25-03-2024,MED117,WH003,49,Customer Return
RET001405,01-06-2024,MED120,WH006,73,Quality Issue
RET001406,09-02-2024,MED279,WH003,149,Quality Issue
RET001407,21-01-2025,MED029,WH009,59,Expired
RET001408,23-03-2025,MED167,WH009,29,Expired
RET001409,08-01-2024,MED047,WH003,111,Quality Issue
RET001410,25-04-2024,MED100,WH007,155,Expired
RET001411,31-10-2024,MED231,WH002,108,Expired
RET001412,26-12-2024,MED133,WH004,98,Damaged
RET001413,24-01-2024,MED219,WH010,165,Customer Return
RET001414,07-05-2025,MED290,WH003,100,Damaged
RET001415,04-02-2024,MED175,WH005,51,Quality Issue
RET001416,20-01-2024,MED192,WH010,96,Customer Return
RET001417,07-06-2025,MED151,WH002,48,Damaged
RET001418,18-03-2025,MED149,WH006,106,Overstock
RET001419,18-01-2024,MED149,WH008,23,Overstock
RET001420,27-07-2024,MED254,WH002,92,Wrong Product
RET001421,23-05-2025,MED084,WH006,102,Overstock
RET001422,05-06-2024,MED289,WH009,136,Quality Issue
RET001423,10-02-2025,MED141,WH008,173,Overstock
RET001424,11-02-2024,MED063,WH010,182,Expired
RET001425,23-04-2025,MED138,WH005,25,Not Specified
RET001426,16-06-2024,MED108,WH002,23,Expired
RET001427,07-09-2024,MED289,WH010,43,Overstock
RET001428,07-02-2024,MED236,WH009,169,Expired
RET001429,14-10-2024,MED075,WH009,166,Damaged
RET001430,15-02-2025,MED154,WH005,77,Quality Issue
RET001431,14-04-2025,MED289,WH004,162,Overstock
RET001432,21-09-2024,MED256,WH009,57,Expired
RET001433,12-02-2025,MED270,WH006,38,Damaged
RET001434,27-03-2025,MED055,WH004,40,Customer Return
RET001435,07-03-2025,MED195,WH006,153,Wrong Product
RET001436,28-07-2024,MED045,WH008,106,Customer Return
RET001437,25-05-2025,MED294,WH004,35,Wrong Product
RET001438,17-09-2024,MED056,WH009,73,Expired
RET001439,13-03-2025,MED207,WH004,83,Quality Issue
RET001440,13-10-2024,MED208,WH001,192,Overstock
RET001441,10-02-2024,MED024,WH005,5,Damaged
RET001442,23-06-2024,MED230,WH004,90,Overstock
RET001443,02-05-2024,MED091,WH007,40,Overstock
RET001444,15-06-2024,MED099,WH005,51,Quality Issue
RET001445,25-12-2024,MED061,WH003,167,Damaged
RET001446,27-05-2024,MED125,WH003,26,Wrong Product
RET001447,19-02-2024,MED142,WH004,39,Overstock
RET001448,26-04-2024,MED056,WH004,49,Customer Return
RET001449,23-05-2025,MED279,WH004,124,Expired
RET001450,25-02-2024,MED043,WH001,168,Damaged
RET001451,26-12-2024,MED082,WH002,160,Expired
RET001452,09-09-2024,MED171,WH008,102,Customer Return
RET001453,04-05-2024,MED104,WH009,169,Expired
RET001454,23-04-2025,MED207,WH001,147,Overstock
RET001455,10-05-2024,MED265,WH010,98,Overstock
RET001456,02-01-2025,MED235,WH008,143,Damaged
RET001457,15-04-2024,MED294,WH003,139,Overstock
RET001458,29-08-2024,MED038,WH007,79,Customer Return
RET001459,13-05-2024,MED244,WH001,99,Damaged
RET001460,27-10-2024,MED054,WH001,121,Expired
RET001461,06-04-2024,MED182,WH004,143,Quality Issue
RET001462,06-03-2024,MED202,WH003,168,Wrong Product
RET001463,10-03-2024,MED054,WH002,105,Wrong Product
RET001464,09-03-2025,MED024,WH006,6,Expired
RET001465,09-09-2024,MED282,WH005,110,Quality Issue
RET001466,03-03-2025,MED095,WH005,144,Overstock
RET001467,12-11-2024,MED078,WH009,52,Overstock
RET001468,27-01-2025,MED081,WH001,58,Overstock
RET001469,28-12-2024,MED133,WH005,110,Wrong Product
RET001470,24-06-2025,MED091,WH009,101,Damaged
RET001471,24-10-2024,MED130,WH005,151,Overstock
RET001472,01-12-2024,MED259,WH003,107,Expired
RET001473,30-08-2024,MED252,WH009,9,Customer Return
RET001474,26-06-2024,MED284,WH009,70,Customer Return
RET001475,23-09-2024,MED064,WH007,186,Wrong Product
RET001476,19-02-2025,MED298,WH005,171,Wrong Product
RET001477,30-09-2024,MED236,WH004,131,Customer Return
RET001478,01-08-2024,MED124,WH003,115,Customer Return
RET001479,23-05-2024,MED088,WH009,21,Expired
RET001480,22-04-2025,MED060,WH002,161,Wrong Product
RET001481,07-06-2024,MED100,WH004,44,Wrong Product
RET001482,31-05-2024,MED194,WH010,121,Customer Return
RET001483,12-01-2024,MED037,WH004,86,Expired
RET001484,23-07-2024,MED213,WH003,148,Customer Return
RET001485,13-03-2024,MED080,WH005,24,Wrong Product
RET001486,22-03-2024,MED121,WH003,115,Overstock
RET001487,29-05-2025,MED173,WH006,113,Expired
RET001488,02-11-2024,MED222,WH001,50,Wrong Product
RET001489,06-03-2025,MED262,WH006,141,Expired
RET001490,30-05-2025,MED033,WH005,16,Customer Return
RET001491,21-01-2025,MED243,WH009,152,Quality Issue
RET001492,20-08-2024,MED137,WH008,165,Expired
RET001493,07-01-2024,MED070,WH002,176,Customer Return
RET001494,23-04-2024,MED286,WH005,31,Quality Issue
RET001495,14-06-2024,MED248,WH005,50,Wrong Product
RET001496,16-12-2024,MED143,WH001,5,Expired
RET001497,28-06-2024,MED267,WH007,38,Quality Issue
RET001498,23-06-2024,MED081,WH007,174,Quality Issue
RET001499,22-04-2025,MED099,WH001,96,Expired
RET001500,09-01-2024,MED121,WH001,23,Customer Return
RET001501,11-05-2025,MED124,WH009,38,Customer Return
RET001502,08-05-2025,MED004,WH010,33,Customer Return
RET001503,10-03-2025,MED225,WH003,70,Expired
RET001504,08-03-2025,MED021,WH007,162,Damaged
RET001505,13-12-2024,MED028,WH009,171,Customer Return
RET001506,21-12-2024,MED182,WH008,8,Damaged
RET001507,29-12-2024,MED004,WH001,128,Wrong Product
RET001508,27-06-2024,MED164,WH004,140,Customer Return
RET001509,05-11-2024,MED056,WH006,78,Customer Return
RET001510,08-01-2024,MED053,WH010,158,Quality Issue
RET001511,03-04-2025,MED106,WH009,74,Damaged
RET001512,21-04-2025,MED182,WH006,179,Quality Issue
RET001513,13-10-2024,MED090,WH009,55,Expired
RET001514,18-12-2024,MED039,WH007,80,Quality Issue
RET001515,31-03-2025,MED161,WH003,169,Expired
RET001516,25-10-2024,MED022,WH004,134,Expired
RET001517,04-04-2024,MED215,WH001,52,Expired
RET001518,16-08-2024,MED141,WH010,31,Wrong Product
RET001519,25-11-2024,MED063,WH002,200,Damaged
RET001520,14-04-2025,MED259,WH003,155,Quality Issue
RET001521,24-08-2024,MED110,WH010,46,Wrong Product
RET001522,28-10-2024,MED152,WH009,187,Customer Return
RET001523,14-06-2025,MED154,WH001,77,Overstock
RET001524,05-01-2024,MED229,WH002,26,Expired
RET001525,28-07-2024,MED046,WH006,25,Customer Return
RET001526,24-01-2025,MED208,WH003,55,Wrong Product
RET001527,05-06-2024,MED284,WH001,100,Overstock
RET001528,01-09-2024,MED067,WH003,19,Quality Issue
RET001529,20-04-2024,MED236,WH010,22,Wrong Product
RET001530,03-07-2024,MED174,WH002,132,Customer Return
RET001531,03-09-2024,MED253,WH009,114,Damaged
RET001532,13-06-2025,MED281,WH005,7,Damaged
RET001533,01-06-2024,MED027,WH010,159,Quality Issue
RET001534,05-03-2024,MED122,WH007,58,Overstock
RET001535,22-02-2024,MED267,WH003,138,Expired
RET001536,10-08-2024,MED275,WH007,108,Quality Issue
RET001537,09-04-2025,MED009,WH006,122,Quality Issue
RET001538,27-07-2024,MED237,WH008,163,Quality Issue
RET001539,25-04-2025,MED292,WH008,83,Damaged
RET001540,08-07-2024,MED219,WH001,103,Overstock
RET001541,20-06-2025,MED119,WH002,132,Wrong Product
RET001542,15-08-2024,MED222,WH004,139,Damaged
RET001543,13-04-2025,MED208,WH003,159,Wrong Product
RET001544,05-11-2024,MED051,WH004,61,Customer Return
RET001545,11-02-2024,MED286,WH008,126,Wrong Product
RET001546,16-05-2024,MED194,WH007,171,Expired
RET001547,14-03-2025,MED282,WH001,56,Quality Issue
RET001548,02-12-2024,MED263,WH006,86,Overstock
RET001549,01-08-2024,MED137,WH008,50,Quality Issue
RET001550,22-09-2024,MED118,WH008,44,Overstock
RET001551,01-03-2025,MED116,WH006,12,Not Specified
RET001552,03-04-2025,MED122,WH008,100,Expired
RET001553,23-03-2024,MED106,WH009,21,Quality Issue
RET001554,09-01-2025,MED088,WH004,77,Wrong Product
RET001555,10-03-2025,MED115,WH004,48,Overstock
RET001556,09-02-2025,MED129,WH003,166,Damaged
RET001557,04-04-2024,MED212,WH005,199,Overstock
RET001558,03-01-2024,MED242,WH008,44,Wrong Product
RET001559,11-04-2025,MED238,WH009,142,Quality Issue
RET001560,13-03-2024,MED065,WH004,112,Not Specified
RET001561,20-05-2025,MED069,WH008,200,Expired
RET001562,17-08-2024,MED295,WH001,116,Quality Issue
RET001563,03-05-2024,MED263,WH004,35,Wrong Product
RET001564,15-01-2024,MED034,WH001,158,Wrong Product
RET001565,29-06-2025,MED115,WH008,107,Overstock
RET001566,30-03-2024,MED131,WH002,116,Not Specified
RET001567,29-06-2025,MED090,WH001,137,Expired
RET001568,21-01-2024,MED230,WH006,156,Quality Issue
RET001569,10-12-2024,MED173,WH009,140,Expired
RET001570,11-07-2024,MED110,WH009,95,Quality Issue
RET001571,29-06-2024,MED023,WH005,181,Expired
RET001572,27-03-2025,MED172,WH002,14,Wrong Product
RET001573,01-01-2024,MED015,WH009,160,Quality Issue
RET001574,20-05-2025,MED223,WH009,96,Overstock
RET001575,16-03-2024,MED288,WH010,142,Quality Issue
RET001576,02-03-2025,MED183,WH001,63,Overstock
RET001577,02-11-2024,MED248,WH008,54,Quality Issue
RET001578,01-10-2024,MED298,WH006,198,Customer Return
RET001579,03-06-2024,MED245,WH008,199,Damaged
RET001580,20-04-2024,MED089,WH008,188,Overstock
RET001581,07-02-2025,MED214,WH002,160,Overstock
RET001582,05-09-2024,MED220,WH005,133,Quality Issue
RET001583,24-02-2024,MED167,WH004,172,Overstock
RET001584,30-03-2024,MED235,WH008,92,Expired
RET001585,15-05-2025,MED253,WH003,31,Wrong Product
RET001586,10-04-2025,MED172,WH010,53,Expired
RET001587,13-10-2024,MED186,WH002,67,Expired
RET001588,21-12-2024,MED287,WH001,63,Overstock
RET001589,05-03-2024,MED291,WH001,121,Customer Return
RET001590,17-10-2024,MED026,WH002,120,Damaged
RET001591,08-01-2025,MED191,WH008,93,Overstock
RET001592,10-06-2024,MED178,WH010,106,Wrong Product
RET001593,01-12-2024,MED252,WH004,96,Overstock
RET001594,25-11-2024,MED115,WH010,21,Damaged
RET001595,03-01-2025,MED248,WH001,155,Expired
RET001596,18-02-2024,MED146,WH006,17,Wrong Product
RET001597,02-06-2025,MED297,WH005,94,Quality Issue
RET001598,30-05-2024,MED104,WH005,88,Customer Return
RET001599,07-03-2024,MED147,WH007,158,Not Specified
RET001600,23-06-2024,MED150,WH003,194,Damaged
RET001601,19-05-2025,MED050,WH005,110,Quality Issue
RET001602,30-12-2024,MED271,WH001,24,Damaged
RET001603,10-11-2024,MED205,WH010,73,Wrong Product
RET001604,06-12-2024,MED238,WH008,71,Customer Return
RET001605,02-01-2024,MED096,WH009,159,Wrong Product
RET001606,25-08-2024,MED021,WH010,118,Expired
RET001607,09-01-2024,MED081,WH002,194,Customer Return
RET001608,01-04-2025,MED224,WH007,144,Expired
RET001609,06-02-2024,MED169,WH005,32,Wrong Product
RET001610,02-02-2024,MED032,WH009,62,Damaged
RET001611,27-10-2024,MED022,WH001,175,Expired
RET001612,26-07-2024,MED044,WH010,184,Damaged
RET001613,06-01-2025,MED054,WH010,129,Quality Issue
RET001614,15-08-2024,MED040,WH008,91,Damaged
RET001615,03-02-2025,MED144,WH007,152,Damaged
RET001616,01-06-2025,MED148,WH010,95,Quality Issue
RET001617,29-02-2024,MED015,WH004,26,Customer Return
RET001618,26-10-2024,MED089,WH002,104,Damaged
RET001619,29-11-2024,MED081,WH003,66,Expired
RET001620,06-02-2024,MED046,WH005,158,Quality Issue
RET001621,02-07-2024,MED214,WH009,20,Expired
RET001622,26-08-2024,MED247,WH005,150,Overstock
RET001623,13-08-2024,MED231,WH005,133,Expired
RET001624,27-06-2024,MED283,WH001,72,Overstock
RET001625,29-02-2024,MED101,WH007,119,Quality Issue
RET001626,15-08-2024,MED057,WH007,77,Wrong Product
RET001627,27-02-2024,MED283,WH006,183,Expired
RET001628,27-03-2024,MED075,WH003,97,Wrong Product
RET001629,26-04-2025,MED133,WH005,178,Customer Return
RET001630,07-10-2024,MED066,WH006,174,Wrong Product
RET001631,24-03-2025,MED247,WH010,96,Expired
RET001632,07-12-2024,MED186,WH004,36,Expired
RET001633,23-03-2024,MED042,WH005,141,Expired
RET001634,26-09-2024,MED239,WH009,198,Customer Return
RET001635,26-02-2024,MED015,WH008,50,Damaged
RET001636,25-12-2024,MED112,WH008,83,Overstock
RET001637,11-06-2024,MED128,WH007,153,Damaged
RET001638,06-11-2024,MED021,WH006,142,Customer Return
RET001639,09-03-2024,MED061,WH002,22,Customer Return
RET001640,13-07-2024,MED186,WH009,73,Overstock
RET001641,19-03-2025,MED210,WH002,113,Overstock
RET001642,07-03-2024,MED133,WH002,10,Overstock
RET001643,13-06-2024,MED113,WH010,130,Damaged
RET001644,20-12-2024,MED246,WH009,107,Quality Issue
RET001645,19-05-2024,MED098,WH003,52,Quality Issue
RET001646,15-06-2024,MED190,WH010,195,Wrong Product
RET001647,22-06-2024,MED152,WH005,176,Expired
RET001648,26-06-2025,MED018,WH005,10,Overstock
RET001649,02-03-2025,MED107,WH008,54,Damaged
RET001650,24-04-2024,MED258,WH008,139,Customer Return
RET001651,31-07-2024,MED010,WH009,88,Wrong Product
RET001652,26-11-2024,MED116,WH003,64,Quality Issue
RET001653,08-04-2025,MED070,WH003,195,Damaged
RET001654,06-05-2025,MED109,WH010,89,Customer Return
RET001655,26-10-2024,MED201,WH004,169,Overstock
RET001656,05-02-2024,MED260,WH006,158,Damaged
RET001657,16-03-2025,MED064,WH007,51,Overstock
RET001658,26-01-2024,MED051,WH002,106,Overstock
RET001659,24-10-2024,MED194,WH001,32,Quality Issue
RET001660,15-10-2024,MED015,WH004,57,Overstock
RET001661,12-03-2024,MED247,WH004,63,Expired
RET001662,08-06-2024,MED055,WH008,144,Expired
RET001663,31-07-2024,MED261,WH009,110,Overstock
RET001664,27-02-2025,MED021,WH010,52,Wrong Product
RET001665,29-08-2024,MED146,WH008,74,Overstock
RET001666,22-10-2024,MED002,WH008,8,Damaged
RET001667,15-10-2024,MED299,WH007,75,Overstock
RET001668,30-01-2024,MED118,WH010,135,Wrong Product
RET001669,26-02-2025,MED032,WH006,35,Wrong Product
RET001670,04-03-2024,MED189,WH004,79,Overstock
RET001671,21-03-2024,MED213,WH005,187,Wrong Product
RET001672,25-03-2024,MED195,WH001,53,Quality Issue
RET001673,08-03-2024,MED081,WH001,7,Overstock
RET001674,09-03-2025,MED293,WH009,27,Expired
RET001675,13-11-2024,MED294,WH006,127,Customer Return
RET001676,04-09-2024,MED268,WH009,135,Overstock
RET001677,30-01-2024,MED172,WH002,29,Wrong Product
RET001678,04-06-2024,MED020,WH001,96,Damaged
RET001679,24-04-2025,MED012,WH009,190,Wrong Product
RET001680,12-10-2024,MED250,WH008,140,Damaged
RET001681,15-07-2024,MED201,WH008,144,Damaged
RET001682,09-08-2024,MED064,WH010,119,Quality Issue
RET001683,21-02-2024,MED105,WH009,25,Wrong Product
RET001684,17-07-2024,MED030,WH002,28,Customer Return
RET001685,12-09-2024,MED204,WH009,12,Damaged
RET001686,14-05-2024,MED187,WH003,158,Damaged
RET001687,18-10-2024,MED113,WH009,61,Overstock
RET001688,03-06-2024,MED072,WH001,117,Customer Return
RET001689,30-04-2025,MED293,WH005,112,Customer Return
RET001690,31-07-2024,MED156,WH009,188,Overstock
RET001691,11-12-2024,MED115,WH005,182,Wrong Product
RET001692,10-04-2025,MED184,WH009,83,Damaged
RET001693,02-05-2024,MED081,WH002,135,Damaged
RET001694,07-03-2024,MED140,WH004,111,Customer Return
RET001695,29-11-2024,MED169,WH002,131,Customer Return
RET001696,14-09-2024,MED137,WH003,191,Expired
RET001697,22-04-2024,MED263,WH008,139,Wrong Product
RET001698,07-02-2025,MED208,WH001,140,Wrong Product
RET001699,28-08-2024,MED095,WH007,39,Wrong Product
RET001700,27-11-2024,MED279,WH006,88,Overstock
RET001701,19-05-2025,MED211,WH006,182,Damaged
RET001702,28-02-2024,MED048,WH010,77,Overstock
RET001703,05-06-2025,MED294,WH002,15,Quality Issue
RET001704,17-08-2024,MED188,WH003,175,Overstock
RET001705,16-05-2024,MED037,WH007,183,Wrong Product
RET001706,26-07-2024,MED110,WH001,134,Wrong Product
RET001707,17-02-2024,MED256,WH009,186,Expired
RET001708,07-02-2025,MED030,WH003,197,Overstock
RET001709,27-08-2024,MED270,WH007,53,Quality Issue
RET001710,25-01-2024,MED097,WH005,99,Overstock
RET001711,17-04-2024,MED209,WH010,20,Expired
RET001712,24-09-2024,MED135,WH001,12,Expired
RET001713,12-05-2024,MED005,WH004,120,Customer Return
RET001714,04-03-2025,MED117,WH005,46,Expired
RET001715,30-06-2024,MED036,WH006,152,Customer Return
RET001716,13-04-2024,MED124,WH006,58,Damaged
RET001717,28-10-2024,MED058,WH003,139,Customer Return
RET001718,14-01-2024,MED170,WH004,46,Quality Issue
RET001719,23-11-2024,MED232,WH004,174,Damaged
RET001720,03-06-2024,MED243,WH002,14,Damaged
RET001721,21-11-2024,MED133,WH001,173,Expired
RET001722,17-07-2024,MED264,WH004,191,Customer Return
RET001723,09-08-2024,MED123,WH009,36,Damaged
RET001724,12-03-2025,MED230,WH005,11,Wrong Product
RET001725,10-07-2024,MED270,WH005,82,Customer Return
RET001726,17-12-2024,MED223,WH005,95,Wrong Product
RET001727,07-03-2025,MED018,WH006,122,Expired
RET001728,01-09-2024,MED240,WH004,180,Damaged
RET001729,04-07-2024,MED029,WH004,15,Overstock
RET001730,25-06-2025,MED028,WH008,24,Damaged
RET001731,26-06-2024,MED224,WH008,25,Overstock
RET001732,01-05-2024,MED087,WH004,18,Expired
RET001733,27-01-2025,MED281,WH010,183,Customer Return
RET001734,05-10-2024,MED154,WH005,90,Quality Issue
RET001735,26-06-2024,MED138,WH004,144,Overstock
RET001736,15-07-2024,MED088,WH008,76,Quality Issue
RET001737,29-01-2024,MED252,WH006,85,Overstock
RET001738,26-06-2025,MED003,WH010,120,Wrong Product
RET001739,03-05-2025,MED020,WH005,135,Customer Return
RET001740,23-10-2024,MED036,WH005,144,Expired
RET001741,23-01-2024,MED235,WH003,177,Damaged
RET001742,16-12-2024,MED146,WH005,193,Damaged
RET001743,14-02-2024,MED155,WH010,187,Customer Return
RET001744,16-09-2024,MED250,WH005,179,Damaged
RET001745,23-11-2024,MED008,WH008,36,Expired
RET001746,20-02-2024,MED106,WH010,42,Quality Issue
RET001747,25-03-2024,MED100,WH002,14,Expired
RET001748,11-08-2024,MED003,WH010,197,Customer Return
RET001749,16-01-2025,MED158,WH002,32,Expired
RET001750,21-04-2025,MED223,WH002,164,Wrong Product
RET001751,25-10-2024,MED299,WH005,25,Expired
RET001752,22-07-2024,MED195,WH007,16,Customer Return
RET001753,04-06-2025,MED068,WH006,100,Customer Return
RET001754,21-04-2025,MED283,WH005,138,Damaged
RET001755,26-11-2024,MED246,WH007,131,Damaged
RET001756,24-02-2025,MED027,WH009,137,Expired
RET001757,20-12-2024,MED238,WH001,46,Quality Issue
RET001758,29-01-2025,MED278,WH004,91,Damaged
RET001759,29-06-2024,MED065,WH005,17,Not Specified
RET001760,06-05-2024,MED253,WH001,182,Wrong Product
RET001761,13-04-2024,MED270,WH009,188,Expired
RET001762,23-03-2024,MED018,WH004,71,Wrong Product
RET001763,01-07-2024,MED112,WH009,140,Overstock
RET001764,16-04-2025,MED234,WH005,126,Expired
RET001765,16-02-2024,MED188,WH005,165,Overstock
RET001766,16-04-2025,MED002,WH005,161,Wrong Product
RET001767,19-06-2024,MED193,WH008,68,Damaged
RET001768,15-10-2024,MED101,WH001,16,Customer Return
RET001769,11-10-2024,MED140,WH006,158,Expired
RET001770,03-12-2024,MED119,WH005,152,Damaged
RET001771,17-01-2024,MED294,WH003,179,Expired
RET001772,21-09-2024,MED148,WH003,146,Overstock
RET001773,09-04-2025,MED172,WH007,152,Wrong Product
RET001774,10-02-2024,MED080,WH010,158,Damaged
RET001775,13-06-2025,MED123,WH001,54,Overstock
RET001776,30-06-2025,MED080,WH002,191,Overstock
RET001777,04-12-2024,MED140,WH005,100,Expired
RET001778,15-09-2024,MED269,WH001,14,Overstock
RET001779,12-05-2024,MED117,WH002,147,Wrong Product
RET001780,23-08-2024,MED189,WH008,71,Quality Issue
RET001781,29-11-2024,MED208,WH006,123,Expired
RET001782,19-04-2024,MED087,WH001,167,Quality Issue
RET001783,04-05-2024,MED036,WH004,68,Expired
RET001784,23-06-2025,MED028,WH007,26,Wrong Product
RET001785,15-01-2025,MED023,WH007,122,Expired
RET001786,10-02-2025,MED061,WH003,166,Overstock
RET001787,29-03-2024,MED129,WH001,104,Overstock
RET001788,04-02-2024,MED247,WH005,179,Overstock
RET001789,09-11-2024,MED034,WH003,47,Customer Return
RET001790,12-12-2024,MED103,WH008,173,Wrong Product
RET001791,23-03-2025,MED133,WH007,24,Wrong Product
RET001792,17-04-2024,MED109,WH001,11,Damaged
RET001793,27-07-2024,MED005,WH005,156,Wrong Product
RET001794,06-04-2024,MED196,WH008,182,Quality Issue
RET001795,13-04-2025,MED133,WH004,177,Overstock
RET001796,03-02-2025,MED176,WH004,40,Quality Issue
RET001797,08-03-2025,MED180,WH002,154,Overstock
RET001798,21-03-2025,MED068,WH007,20,Expired
RET001799,06-05-2025,MED192,WH009,14,Expired
RET001800,03-02-2025,MED094,WH009,195,Overstock
RET001801,29-06-2025,MED166,WH009,124,Quality Issue
RET001802,28-02-2025,MED004,WH007,148,Overstock
RET001803,30-04-2025,MED078,WH006,171,Overstock
RET001804,21-07-2024,MED283,WH002,128,Expired
RET001805,22-11-2024,MED039,WH002,154,Customer Return
RET001806,16-03-2025,MED271,WH004,42,Quality Issue
RET001807,09-12-2024,MED062,WH008,54,Overstock
RET001808,09-02-2025,MED104,WH007,50,Wrong Product
RET001809,31-05-2025,MED257,WH001,28,Wrong Product
RET001810,18-05-2025,MED284,WH005,148,Expired
RET001811,22-03-2024,MED109,WH006,197,Damaged
RET001812,27-08-2024,MED072,WH001,14,Expired
RET001813,08-02-2025,MED298,WH006,89,Expired
RET001814,28-05-2024,MED107,WH007,34,Expired
RET001815,16-03-2025,MED181,WH005,59,Wrong Product
RET001816,19-02-2024,MED032,WH001,194,Damaged
RET001817,05-01-2024,MED212,WH010,185,Customer Return
RET001818,01-04-2024,MED287,WH008,149,Customer Return
RET001819,10-07-2024,MED219,WH009,37,Quality Issue
RET001820,22-04-2025,MED081,WH001,141,Customer Return
RET001821,17-01-2025,MED278,WH009,150,Damaged
RET001822,31-01-2025,MED087,WH005,98,Quality Issue
RET001823,09-05-2024,MED232,WH005,200,Overstock
RET001824,22-05-2025,MED174,WH002,22,Not Specified
RET001825,31-05-2025,MED211,WH005,181,Overstock
RET001826,05-01-2025,MED105,WH006,168,Damaged
RET001827,16-02-2025,MED177,WH003,5,Wrong Product
RET001828,07-11-2024,MED165,WH010,66,Quality Issue
RET001829,26-03-2024,MED230,WH009,153,Expired
RET001830,06-09-2024,MED036,WH008,126,Overstock
RET001831,20-08-2024,MED020,WH006,111,Wrong Product
RET001832,14-12-2024,MED171,WH009,153,Overstock
RET001833,17-11-2024,MED212,WH009,146,Expired
RET001834,10-03-2024,MED231,WH009,86,Overstock
RET001835,03-09-2024,MED008,WH009,125,Overstock
RET001836,16-04-2024,MED096,WH003,136,Quality Issue
RET001837,03-03-2025,MED280,WH005,185,Expired
RET001838,12-04-2025,MED112,WH007,49,Overstock
RET001839,11-07-2024,MED268,WH002,21,Customer Return
RET001840,03-07-2024,MED073,WH003,62,Damaged
RET001841,16-03-2024,MED061,WH001,44,Wrong Product
RET001842,23-06-2025,MED203,WH004,23,Wrong Product
RET001843,04-03-2025,MED089,WH007,167,Expired
RET001844,31-08-2024,MED055,WH007,56,Quality Issue
RET001845,01-07-2024,MED282,WH001,131,Quality Issue
RET001846,17-01-2024,MED244,WH007,63,Damaged
RET001847,24-12-2024,MED188,WH003,126,Damaged
RET001848,22-09-2024,MED231,WH010,149,Quality Issue
RET001849,27-01-2024,MED268,WH005,162,Customer Return
RET001850,15-06-2025,MED218,WH009,77,Expired
RET001851,14-04-2025,MED130,WH005,113,Damaged
RET001852,25-07-2024,MED025,WH009,162,Overstock
RET001853,16-09-2024,MED292,WH007,181,Customer Return
RET001854,23-03-2025,MED152,WH001,98,Overstock
RET001855,13-04-2025,MED009,WH008,120,Customer Return
RET001856,04-06-2025,MED261,WH010,30,Customer Return
RET001857,19-06-2025,MED112,WH008,56,Not Specified
RET001858,13-12-2024,MED053,WH008,149,Wrong Product
RET001859,19-01-2024,MED220,WH006,33,Expired
RET001860,26-08-2024,MED247,WH010,134,Customer Return
RET001861,21-03-2025,MED088,WH006,48,Overstock
RET001862,02-03-2024,MED155,WH004,72,Expired
RET001863,19-06-2025,MED242,WH005,143,Quality Issue
RET001864,05-12-2024,MED146,WH007,44,Expired
RET001865,11-03-2024,MED290,WH008,15,Quality Issue
RET001866,21-11-2024,MED178,WH003,137,Wrong Product
RET001867,27-12-2024,MED140,WH002,141,Customer Return
RET001868,27-02-2024,MED011,WH002,127,Expired
RET001869,24-01-2025,MED046,WH006,107,Damaged
RET001870,17-02-2024,MED180,WH001,109,Wrong Product
RET001871,24-05-2024,MED179,WH007,65,Damaged
RET001872,26-02-2025,MED112,WH002,121,Not Specified
RET001873,30-05-2024,MED216,WH006,129,Overstock
RET001874,26-07-2024,MED205,WH003,9,Customer Return
RET001875,26-12-2024,MED074,WH001,80,Quality Issue
RET001876,10-07-2024,MED273,WH010,112,Expired
RET001877,25-03-2025,MED073,WH004,113,Expired
RET001878,20-04-2024,MED028,WH004,153,Overstock
RET001879,19-02-2025,MED072,WH005,37,Customer Return
RET001880,03-05-2024,MED158,WH005,124,Damaged
RET001881,01-06-2025,MED004,WH002,176,Customer Return
RET001882,14-04-2025,MED246,WH004,129,Expired
RET001883,27-04-2025,MED118,WH008,101,Damaged
RET001884,25-06-2025,MED213,WH009,196,Expired
RET001885,28-06-2025,MED258,WH002,139,Quality Issue
RET001886,02-08-2024,MED031,WH001,148,Damaged
RET001887,08-03-2025,MED142,WH004,193,Overstock
RET001888,17-04-2025,MED267,WH004,122,Quality Issue
RET001889,12-10-2024,MED027,WH003,138,Quality Issue
RET001890,08-05-2025,MED107,WH009,193,Customer Return
RET001891,25-01-2025,MED266,WH006,122,Quality Issue
RET001892,29-02-2024,MED153,WH009,21,Wrong Product
RET001893,23-04-2025,MED032,WH005,64,Quality Issue
RET001894,02-05-2024,MED055,WH003,17,Damaged
RET001895,02-01-2024,MED297,WH005,178,Expired
RET001896,07-07-2024,MED178,WH007,20,Wrong Product
RET001897,13-08-2024,MED117,WH007,113,Expired
RET001898,07-11-2024,MED259,WH001,52,Damaged
RET001899,20-07-2024,MED146,WH010,7,Quality Issue
RET001900,28-03-2024,MED207,WH001,96,Damaged
RET001901,11-01-2025,MED034,WH001,117,Quality Issue
RET001902,21-08-2024,MED170,WH007,176,Wrong Product
RET001903,06-02-2025,MED053,WH004,70,Quality Issue
RET001904,02-03-2025,MED009,WH004,195,Damaged
RET001905,19-08-2024,MED164,WH001,180,Quality Issue
RET001906,24-03-2025,MED255,WH001,70,Wrong Product
RET001907,07-03-2024,MED199,WH007,69,Overstock
RET001908,06-11-2024,MED024,WH002,44,Quality Issue
RET001909,30-10-2024,MED201,WH001,119,Overstock
RET001910,08-03-2025,MED127,WH008,74,Expired
RET001911,02-04-2025,MED280,WH007,85,Damaged
RET001912,27-05-2025,MED084,WH005,140,Expired
RET001913,10-04-2025,MED140,WH005,124,Damaged
RET001914,04-03-2024,MED252,WH001,157,Expired
RET001915,04-12-2024,MED240,WH008,105,Overstock
RET001916,06-06-2025,MED124,WH008,156,Customer Return
RET001917,25-11-2024,MED240,WH005,172,Damaged
RET001918,02-08-2024,MED238,WH009,15,Damaged
RET001919,27-04-2025,MED282,WH005,13,Overstock
RET001920,21-04-2024,MED247,WH006,12,Overstock
RET001921,14-05-2025,MED291,WH010,186,Quality Issue
RET001922,09-06-2024,MED036,WH010,85,Wrong Product
RET001923,28-03-2025,MED226,WH002,172,Customer Return
RET001924,04-05-2025,MED134,WH010,42,Customer Return
RET001925,27-11-2024,MED025,WH004,130,Expired
RET001926,03-06-2024,MED108,WH004,151,Overstock
RET001927,27-05-2025,MED001,WH004,149,Customer Return
RET001928,01-03-2024,MED160,WH010,79,Overstock
RET001929,04-03-2025,MED128,WH004,45,Customer Return
RET001930,06-03-2024,MED185,WH009,177,Expired
RET001931,18-06-2024,MED294,WH007,44,Customer Return
RET001932,21-05-2025,MED173,WH010,144,Damaged
RET001933,25-07-2024,MED079,WH002,61,Overstock
RET001934,30-10-2024,MED217,WH004,79,Overstock
RET001935,25-04-2024,MED120,WH009,43,Quality Issue
RET001936,05-04-2024,MED187,WH004,54,Damaged
RET001937,07-09-2024,MED123,WH001,68,Expired
RET001938,16-10-2024,MED254,WH006,143,Customer Return
RET001939,15-06-2024,MED238,WH008,57,Overstock
RET001940,16-07-2024,MED109,WH008,199,Wrong Product
RET001941,17-01-2024,MED155,WH001,95,Customer Return
RET001942,24-01-2025,MED048,WH004,106,Quality Issue
RET001943,28-08-2024,MED216,WH008,40,Customer Return
RET001944,31-12-2024,MED029,WH001,26,Damaged
RET001945,21-06-2024,MED075,WH010,195,Overstock
RET001946,10-11-2024,MED123,WH005,68,Quality Issue
RET001947,27-01-2025,MED020,WH002,41,Customer Return
RET001948,13-08-2024,MED227,WH005,18,Wrong Product
RET001949,13-10-2024,MED021,WH009,167,Expired
RET001950,02-11-2024,MED043,WH008,128,Customer Return
RET001951,09-05-2025,MED243,WH006,32,Damaged
RET001952,23-05-2025,MED041,WH002,110,Quality Issue
RET001953,16-08-2024,MED260,WH001,165,Expired
RET001954,28-04-2025,MED195,WH007,58,Damaged
RET001955,24-08-2024,MED237,WH004,89,Not Specified
RET001956,07-05-2025,MED229,WH001,96,Expired
RET001957,07-11-2024,MED130,WH005,197,Damaged
RET001958,18-02-2025,MED270,WH003,173,Quality Issue
RET001959,22-10-2024,MED199,WH008,190,Quality Issue
RET001960,02-11-2024,MED152,WH008,186,Quality Issue
RET001961,07-02-2025,MED216,WH003,169,Damaged
RET001962,13-02-2024,MED239,WH010,148,Not Specified
RET001963,25-06-2024,MED031,WH003,94,Wrong Product
RET001964,31-03-2025,MED296,WH002,5,Damaged
RET001965,20-01-2025,MED092,WH003,16,Expired
RET001966,22-04-2024,MED107,WH005,173,Customer Return
RET001967,23-06-2025,MED060,WH004,117,Damaged
RET001968,24-04-2025,MED009,WH009,134,Customer Return
RET001969,06-02-2024,MED188,WH010,38,Quality Issue
RET001970,24-03-2025,MED093,WH009,69,Damaged
RET001971,24-09-2024,MED244,WH001,36,Quality Issue
RET001972,29-05-2025,MED227,WH008,161,Damaged
RET001973,01-03-2024,MED154,WH009,100,Wrong Product
RET001974,29-06-2025,MED274,WH005,30,Expired
RET001975,03-10-2024,MED199,WH001,28,Damaged
RET001976,14-05-2025,MED063,WH003,63,Damaged
RET001977,07-08-2024,MED043,WH006,19,Damaged
RET001978,20-10-2024,MED294,WH002,180,Wrong Product
RET001979,21-10-2024,MED135,WH002,176,Wrong Product
RET001980,26-04-2025,MED077,WH002,122,Expired
RET001981,16-12-2024,MED123,WH003,143,Overstock
RET001982,13-03-2025,MED193,WH001,84,Expired
RET001983,30-09-2024,MED035,WH001,195,Customer Return
RET001984,26-05-2024,MED027,WH001,118,Damaged
RET001985,06-06-2025,MED061,WH010,196,Overstock
RET001986,22-03-2024,MED057,WH005,180,Wrong Product
RET001987,18-06-2024,MED163,WH008,39,Damaged
RET001988,29-02-2024,MED168,WH007,132,Quality Issue
RET001989,17-06-2025,MED228,WH010,160,Damaged
RET001990,10-07-2024,MED020,WH002,113,Damaged
RET001991,14-11-2024,MED189,WH001,18,Quality Issue
RET001992,07-04-2024,MED033,WH002,16,Customer Return
RET001993,10-05-2024,MED064,WH001,127,Quality Issue
RET001994,27-01-2024,MED030,WH003,13,Quality Issue
RET001995,08-04-2025,MED187,WH007,124,Customer Return
RET001996,08-04-2024,MED270,WH001,195,Customer Return
RET001997,17-03-2024,MED177,WH006,121,Expired
RET001998,15-06-2024,MED055,WH005,161,Wrong Product
RET001999,10-10-2024,MED131,WH010,110,Customer Return
RET002000,04-03-2024,MED066,WH004,174,Overstock
RET002001,20-11-2024,MED037,WH010,94,Expired
RET002002,28-01-2024,MED107,WH007,47,Damaged
RET002003,09-05-2024,MED140,WH001,106,Wrong Product
RET002004,18-06-2025,MED061,WH002,96,Quality Issue
RET002005,21-03-2024,MED060,WH005,119,Overstock
RET002006,17-03-2025,MED299,WH001,61,Damaged
RET002007,15-02-2025,MED011,WH005,128,Expired
RET002008,09-01-2024,MED202,WH009,159,Overstock
RET002009,07-03-2024,MED084,WH006,98,Customer Return
RET002010,26-06-2024,MED152,WH004,7,Quality Issue
RET002011,03-12-2024,MED003,WH002,175,Wrong Product
RET002012,23-03-2025,MED140,WH002,192,Customer Return
RET002013,29-02-2024,MED050,WH007,161,Quality Issue
RET002014,08-10-2024,MED011,WH003,147,Overstock
RET002015,06-01-2024,MED126,WH007,40,Quality Issue
RET002016,18-07-2024,MED023,WH009,83,Customer Return
RET002017,21-02-2025,MED052,WH006,25,Overstock
RET002018,18-05-2024,MED216,WH009,126,Not Specified
RET002019,07-06-2025,MED113,WH007,38,Wrong Product
RET002020,24-02-2025,MED037,WH010,80,Quality Issue
RET002021,16-03-2025,MED222,WH001,149,Damaged
RET002022,02-02-2025,MED219,WH005,160,Quality Issue
RET002023,03-09-2024,MED005,WH009,29,Expired
RET002024,13-08-2024,MED150,WH009,72,Damaged
RET002025,22-01-2024,MED154,WH008,101,Damaged
RET002026,17-03-2025,MED104,WH010,84,Expired
RET002027,07-11-2024,MED107,WH003,134,Damaged
RET002028,13-12-2024,MED143,WH007,23,Damaged
RET002029,25-07-2024,MED288,WH008,11,Wrong Product
RET002030,31-01-2024,MED096,WH002,167,Damaged
RET002031,21-07-2024,MED203,WH006,84,Quality Issue
RET002032,20-06-2025,MED096,WH005,122,Customer Return
RET002033,30-03-2024,MED083,WH002,164,Expired
RET002034,13-03-2024,MED255,WH007,199,Expired
RET002035,20-05-2025,MED169,WH005,27,Not Specified
RET002036,12-03-2024,MED237,WH005,176,Customer Return
RET002037,07-02-2024,MED227,WH003,87,Wrong Product
RET002038,22-07-2024,MED186,WH006,151,Customer Return
RET002039,09-11-2024,MED139,WH003,180,Damaged
RET002040,16-02-2024,MED125,WH006,127,Expired
RET002041,02-08-2024,MED143,WH007,192,Customer Return
RET002042,27-06-2024,MED240,WH010,60,Wrong Product
RET002043,05-02-2025,MED175,WH008,175,Quality Issue
RET002044,22-06-2025,MED009,WH008,96,Wrong Product
RET002045,08-05-2024,MED144,WH010,5,Damaged
RET002046,27-05-2024,MED247,WH009,39,Expired
RET002047,24-09-2024,MED203,WH006,193,Quality Issue
RET002048,11-09-2024,MED104,WH002,136,Quality Issue
RET002049,10-12-2024,MED131,WH005,5,Not Specified
RET002050,03-06-2025,MED204,WH003,110,Customer Return
RET002051,17-11-2024,MED024,WH003,16,Wrong Product
RET002052,20-03-2025,MED295,WH005,144,Expired
RET002053,17-08-2024,MED148,WH004,182,Wrong Product
RET002054,17-03-2024,MED220,WH003,144,Damaged
RET002055,17-02-2025,MED024,WH010,74,Not Specified
RET002056,29-12-2024,MED282,WH003,151,Wrong Product
RET002057,28-04-2024,MED231,WH007,69,Damaged
RET002058,08-05-2025,MED240,WH007,151,Damaged
RET002059,15-02-2025,MED053,WH009,76,Expired
RET002060,20-06-2025,MED109,WH005,160,Customer Return
RET002061,21-06-2025,MED170,WH002,187,Quality Issue
RET002062,29-10-2024,MED118,WH007,200,Damaged
RET002063,27-02-2025,MED283,WH008,34,Expired
RET002064,13-02-2024,MED260,WH001,145,Damaged
RET002065,04-04-2025,MED289,WH004,119,Damaged
RET002066,27-10-2024,MED073,WH001,41,Customer Return
RET002067,16-02-2025,MED100,WH006,111,Customer Return
RET002068,13-01-2024,MED203,WH004,177,Expired
RET002069,18-03-2024,MED205,WH006,108,Overstock
RET002070,29-10-2024,MED236,WH001,26,Wrong Product
RET002071,31-08-2024,MED028,WH010,81,Quality Issue
RET002072,09-01-2025,MED186,WH008,97,Customer Return
RET002073,07-02-2025,MED234,WH010,164,Overstock
RET002074,22-03-2024,MED208,WH008,14,Expired
RET002075,22-02-2025,MED297,WH005,50,Expired
RET002076,07-10-2024,MED100,WH003,97,Overstock
RET002077,21-10-2024,MED116,WH002,176,Wrong Product
RET002078,21-06-2025,MED172,WH008,64,Expired
RET002079,19-05-2024,MED175,WH010,55,Damaged
RET002080,31-05-2024,MED278,WH002,43,Damaged
RET002081,29-04-2024,MED049,WH006,186,Overstock
RET002082,22-04-2025,MED073,WH003,11,Customer Return
RET002083,26-03-2025,MED144,WH007,145,Customer Return
RET002084,20-05-2024,MED080,WH002,187,Wrong Product
RET002085,06-08-2024,MED098,WH009,20,Quality Issue
RET002086,18-05-2024,MED190,WH009,103,Customer Return
RET002087,09-11-2024,MED029,WH002,132,Wrong Product
RET002088,27-11-2024,MED125,WH006,150,Overstock
RET002089,07-01-2025,MED026,WH004,14,Customer Return
RET002090,18-03-2024,MED071,WH002,40,Overstock
RET002091,20-02-2024,MED012,WH001,107,Expired
RET002092,10-12-2024,MED069,WH003,167,Expired
RET002093,14-09-2024,MED211,WH001,39,Wrong Product
RET002094,25-03-2025,MED249,WH002,176,Wrong Product
RET002095,09-12-2024,MED181,WH009,181,Damaged
RET002096,06-01-2025,MED134,WH002,74,Damaged
RET002097,28-06-2025,MED059,WH009,99,Expired
RET002098,19-04-2024,MED095,WH001,77,Wrong Product
RET002099,20-09-2024,MED190,WH006,105,Damaged
RET002100,18-09-2024,MED084,WH010,110,Customer Return
RET002101,10-06-2025,MED222,WH005,187,Customer Return
RET002102,02-06-2024,MED018,WH006,129,Expired
RET002103,28-02-2024,MED084,WH010,57,Expired
RET002104,08-12-2024,MED295,WH002,154,Quality Issue
RET002105,24-10-2024,MED266,WH010,140,Expired
RET002106,21-01-2024,MED157,WH003,45,Quality Issue
RET002107,01-01-2025,MED191,WH008,175,Wrong Product
RET002108,29-05-2025,MED169,WH007,194,Customer Return
RET002109,10-07-2024,MED001,WH009,80,Wrong Product
RET002110,08-05-2024,MED117,WH001,144,Wrong Product
RET002111,21-02-2025,MED027,WH005,19,Expired
RET002112,07-05-2025,MED146,WH005,62,Quality Issue
RET002113,12-08-2024,MED139,WH007,40,Damaged
RET002114,11-07-2024,MED066,WH004,147,Customer Return
RET002115,25-02-2025,MED033,WH005,191,Quality Issue
RET002116,12-02-2024,MED189,WH006,60,Expired
RET002117,07-01-2025,MED133,WH007,79,Wrong Product
RET002118,26-11-2024,MED293,WH008,32,Customer Return
RET002119,17-06-2025,MED280,WH006,153,Quality Issue
RET002120,19-05-2025,MED294,WH009,112,Wrong Product
RET002121,23-11-2024,MED041,WH003,108,Damaged
RET002122,28-01-2025,MED044,WH003,31,Overstock
RET002123,10-02-2025,MED276,WH007,85,Expired
RET002124,03-03-2025,MED198,WH006,144,Damaged
RET002125,04-05-2025,MED228,WH001,67,Quality Issue
RET002126,02-04-2025,MED228,WH005,136,Customer Return
RET002127,04-10-2024,MED137,WH004,27,Wrong Product
RET002128,13-01-2024,MED215,WH003,193,Quality Issue
RET002129,21-03-2025,MED089,WH010,142,Expired
RET002130,29-03-2025,MED031,WH007,6,Expired
RET002131,25-08-2024,MED122,WH008,37,Damaged
RET002132,22-05-2024,MED263,WH008,33,Damaged
RET002133,04-12-2024,MED251,WH008,20,Overstock
RET002134,17-05-2025,MED220,WH009,86,Wrong Product
RET002135,21-05-2025,MED179,WH010,134,Damaged
RET002136,26-07-2024,MED263,WH006,60,Overstock
RET002137,20-07-2024,MED222,WH008,29,Overstock
RET002138,28-02-2024,MED110,WH002,184,Wrong Product
RET002139,02-05-2025,MED171,WH007,133,Wrong Product
RET002140,21-11-2024,MED025,WH009,58,Expired
RET002141,06-01-2024,MED070,WH007,20,Quality Issue
RET002142,29-05-2025,MED163,WH001,97,Damaged
RET002143,03-05-2024,MED095,WH007,119,Wrong Product
RET002144,28-04-2025,MED122,WH003,106,Quality Issue
RET002145,15-01-2024,MED094,WH009,6,Expired
RET002146,01-03-2025,MED252,WH001,6,Overstock
RET002147,17-08-2024,MED147,WH008,57,Wrong Product
RET002148,16-05-2024,MED205,WH006,171,Overstock
RET002149,09-07-2024,MED037,WH008,26,Expired
RET002150,07-01-2025,MED069,WH010,117,Wrong Product
RET002151,27-04-2024,MED131,WH010,44,Damaged
RET002152,17-08-2024,MED078,WH003,36,Customer Return
RET002153,21-02-2025,MED045,WH004,200,Overstock
RET002154,28-01-2024,MED129,WH010,40,Quality Issue
RET002155,09-09-2024,MED296,WH009,131,Wrong Product
RET002156,28-03-2024,MED195,WH010,30,Customer Return
RET002157,11-10-2024,MED055,WH002,11,Damaged
RET002158,01-09-2024,MED177,WH001,174,Wrong Product
RET002159,06-02-2025,MED081,WH010,35,Overstock
RET002160,17-08-2024,MED044,WH003,105,Customer Return
RET002161,01-02-2024,MED155,WH006,131,Damaged
RET002162,25-04-2025,MED031,WH003,16,Expired
RET002163,18-09-2024,MED050,WH004,181,Damaged
RET002164,15-03-2025,MED010,WH009,96,Customer Return
RET002165,16-03-2024,MED176,WH004,91,Customer Return
RET002166,25-06-2025,MED254,WH009,29,Quality Issue
RET002167,07-01-2024,MED174,WH010,33,Quality Issue
RET002168,22-03-2024,MED280,WH003,131,Expired
RET002169,08-04-2024,MED125,WH004,65,Quality Issue
RET002170,14-06-2024,MED155,WH001,73,Quality Issue
RET002171,09-02-2025,MED091,WH006,138,Overstock
RET002172,14-05-2025,MED251,WH002,146,Damaged
RET002173,25-02-2024,MED013,WH010,58,Expired
RET002174,26-06-2024,MED262,WH010,46,Quality Issue
RET002175,16-08-2024,MED186,WH001,173,Overstock
RET002176,21-03-2025,MED212,WH007,122,Quality Issue
RET002177,05-02-2025,MED008,WH007,113,Damaged
RET002178,16-08-2024,MED289,WH010,135,Damaged
RET002179,11-02-2024,MED237,WH006,54,Quality Issue
RET002180,28-03-2025,MED143,WH008,26,Quality Issue
RET002181,02-01-2025,MED215,WH010,84,Overstock
RET002182,24-03-2025,MED236,WH002,40,Customer Return
RET002183,06-08-2024,MED136,WH001,178,Damaged
RET002184,04-01-2024,MED202,WH004,22,Customer Return
RET002185,10-04-2025,MED004,WH006,14,Quality Issue
RET002186,22-12-2024,MED211,WH009,39,Quality Issue
RET002187,22-08-2024,MED028,WH004,25,Overstock
RET002188,11-08-2024,MED155,WH006,102,Damaged
RET002189,07-08-2024,MED044,WH010,75,Wrong Product
RET002190,15-08-2024,MED229,WH001,48,Quality Issue
RET002191,14-07-2024,MED153,WH007,105,Overstock
RET002192,10-09-2024,MED213,WH006,111,Wrong Product
RET002193,24-02-2025,MED270,WH008,77,Quality Issue
RET002194,22-01-2025,MED163,WH003,5,Customer Return
RET002195,14-01-2024,MED293,WH001,29,Overstock
RET002196,17-09-2024,MED288,WH003,58,Wrong Product
RET002197,21-05-2025,MED187,WH001,54,Wrong Product
RET002198,21-08-2024,MED013,WH002,30,Wrong Product
RET002199,04-04-2024,MED252,WH005,169,Wrong Product
RET002200,21-04-2025,MED160,WH010,75,Damaged
RET002201,15-02-2024,MED135,WH010,166,Overstock
RET002202,17-02-2024,MED078,WH002,167,Damaged
RET002203,23-04-2024,MED270,WH010,66,Wrong Product
RET002204,29-07-2024,MED177,WH008,112,Customer Return
RET002205,08-09-2024,MED171,WH001,187,Customer Return
RET002206,17-06-2025,MED120,WH005,76,Expired
RET002207,07-05-2024,MED163,WH002,22,Customer Return
RET002208,15-12-2024,MED213,WH001,18,Customer Return
RET002209,17-08-2024,MED083,WH002,92,Quality Issue
RET002210,05-10-2024,MED149,WH008,66,Overstock
RET002211,11-11-2024,MED298,WH002,54,Damaged
RET002212,30-04-2025,MED230,WH008,64,Customer Return
RET002213,22-06-2025,MED184,WH001,102,Quality Issue
RET002214,31-12-2024,MED253,WH010,32,Overstock
RET002215,24-06-2024,MED115,WH008,41,Overstock
RET002216,07-06-2024,MED209,WH009,169,Quality Issue
RET002217,14-01-2024,MED141,WH004,106,Expired
RET002218,22-12-2024,MED163,WH002,87,Expired
RET002219,08-10-2024,MED155,WH008,13,Damaged
RET002220,22-03-2024,MED023,WH001,141,Damaged
RET002221,17-05-2024,MED029,WH010,81,Expired
RET002222,04-02-2025,MED185,WH006,38,Overstock
RET002223,04-03-2024,MED068,WH003,29,Wrong Product
RET002224,01-01-2024,MED275,WH001,99,Overstock
RET002225,06-06-2025,MED247,WH002,178,Damaged
RET002226,07-04-2024,MED268,WH004,67,Overstock
RET002227,03-03-2024,MED270,WH007,14,Customer Return
RET002228,19-02-2024,MED250,WH005,178,Overstock
RET002229,01-06-2025,MED251,WH008,92,Customer Return
RET002230,28-04-2025,MED110,WH001,53,Customer Return
RET002231,09-11-2024,MED137,WH002,171,Not Specified
RET002232,31-05-2024,MED182,WH007,18,Wrong Product
RET002233,10-11-2024,MED008,WH010,166,Customer Return
RET002234,07-07-2024,MED032,WH005,182,Damaged
RET002235,15-03-2024,MED291,WH005,45,Quality Issue
RET002236,21-07-2024,MED045,WH008,182,Damaged
RET002237,18-06-2025,MED145,WH002,80,Wrong Product
RET002238,24-08-2024,MED012,WH008,70,Overstock
RET002239,08-05-2024,MED070,WH001,151,Overstock
RET002240,21-01-2025,MED230,WH009,175,Wrong Product
RET002241,03-02-2025,MED099,WH007,41,Customer Return
RET002242,01-11-2024,MED035,WH005,36,Expired
RET002243,23-01-2025,MED060,WH008,43,Not Specified
RET002244,01-04-2025,MED097,WH006,72,Quality Issue
RET002245,24-04-2025,MED072,WH008,72,Overstock
RET002246,25-11-2024,MED288,WH009,82,Wrong Product
RET002247,16-08-2024,MED218,WH006,11,Expired
RET002248,02-01-2024,MED253,WH007,67,Damaged
RET002249,21-08-2024,MED074,WH010,89,Expired
RET002250,06-12-2024,MED181,WH007,14,Quality Issue
RET002251,19-02-2024,MED248,WH008,110,Damaged
RET002252,11-03-2024,MED182,WH002,115,Wrong Product
RET002253,07-06-2025,MED108,WH001,132,Customer Return
RET002254,14-01-2025,MED025,WH010,45,Wrong Product
RET002255,11-01-2024,MED085,WH005,28,Damaged
RET002256,17-04-2025,MED155,WH006,200,Customer Return
RET002257,14-11-2024,MED082,WH001,49,Customer Return
RET002258,05-12-2024,MED140,WH007,125,Wrong Product
RET002259,14-02-2024,MED080,WH002,74,Overstock
RET002260,12-05-2024,MED170,WH008,180,Expired
RET002261,07-05-2025,MED228,WH006,70,Customer Return
RET002262,29-03-2024,MED015,WH003,193,Damaged
RET002263,28-03-2024,MED143,WH009,182,Expired
RET002264,05-03-2024,MED025,WH010,195,Customer Return
RET002265,16-04-2025,MED027,WH009,76,Wrong Product
RET002266,17-03-2025,MED227,WH002,83,Damaged
RET002267,07-06-2025,MED234,WH007,151,Expired
RET002268,28-06-2025,MED136,WH004,147,Customer Return
RET002269,28-10-2024,MED055,WH001,135,Customer Return
RET002270,20-04-2025,MED292,WH009,147,Customer Return
RET002271,06-02-2025,MED096,WH008,44,Expired
RET002272,14-05-2024,MED199,WH006,53,Damaged
RET002273,29-09-2024,MED289,WH004,197,Expired
RET002274,29-07-2024,MED284,WH010,7,Customer Return
RET002275,05-06-2024,MED162,WH003,69,Expired
RET002276,09-09-2024,MED190,WH003,30,Customer Return
RET002277,01-10-2024,MED261,WH009,6,Wrong Product
RET002278,14-09-2024,MED084,WH002,197,Damaged
RET002279,02-01-2024,MED207,WH009,81,Overstock
RET002280,11-05-2025,MED113,WH002,105,Overstock
RET002281,31-01-2024,MED267,WH003,167,Wrong Product
RET002282,31-10-2024,MED255,WH002,163,Not Specified
RET002283,07-05-2024,MED090,WH004,143,Damaged
RET002284,21-10-2024,MED291,WH001,8,Customer Return
RET002285,26-06-2025,MED041,WH010,141,Damaged
RET002286,14-02-2024,MED243,WH010,30,Overstock
RET002287,19-08-2024,MED198,WH008,196,Quality Issue
RET002288,02-10-2024,MED279,WH004,154,Wrong Product
RET002289,05-08-2024,MED019,WH010,195,Expired
RET002290,22-02-2024,MED055,WH009,70,Quality Issue
RET002291,04-04-2024,MED166,WH006,100,Quality Issue
RET002292,03-08-2024,MED195,WH010,111,Quality Issue
RET002293,05-04-2024,MED013,WH009,173,Quality Issue
RET002294,05-07-2024,MED245,WH010,78,Quality Issue
RET002295,05-03-2025,MED115,WH002,161,Expired
RET002296,05-04-2024,MED082,WH007,162,Expired
RET002297,29-10-2024,MED074,WH001,167,Customer Return
RET002298,06-12-2024,MED288,WH006,176,Wrong Product
RET002299,12-07-2024,MED216,WH008,75,Quality Issue
RET002300,29-05-2024,MED116,WH007,129,Quality Issue
RET002301,05-12-2024,MED253,WH002,142,Wrong Product
RET002302,22-10-2024,MED122,WH009,94,Expired
RET002303,12-07-2024,MED007,WH007,97,Customer Return
RET002304,16-05-2024,MED158,WH007,36,Damaged
RET002305,03-07-2024,MED157,WH006,82,Overstock
RET002306,16-02-2025,MED157,WH008,172,Damaged
RET002307,28-02-2024,MED055,WH004,65,Overstock
RET002308,17-05-2025,MED274,WH008,180,Damaged
RET002309,09-03-2025,MED143,WH002,78,Wrong Product
RET002310,21-09-2024,MED287,WH005,136,Customer Return
RET002311,15-06-2024,MED179,WH003,92,Customer Return
RET002312,24-07-2024,MED207,WH007,196,Quality Issue
RET002313,10-02-2024,MED099,WH006,96,Expired
RET002314,06-06-2024,MED198,WH008,187,Wrong Product
RET002315,05-12-2024,MED159,WH004,185,Quality Issue
RET002316,14-11-2024,MED261,WH008,74,Damaged
RET002317,13-02-2024,MED047,WH005,91,Wrong Product
RET002318,29-11-2024,MED109,WH002,67,Overstock
RET002319,16-02-2024,MED042,WH004,156,Expired
RET002320,02-02-2025,MED162,WH007,14,Customer Return
RET002321,30-08-2024,MED193,WH004,109,Customer Return
RET002322,17-06-2024,MED165,WH010,22,Wrong Product
RET002323,30-06-2024,MED243,WH008,147,Quality Issue
RET002324,09-01-2024,MED102,WH004,40,Overstock
RET002325,04-01-2024,MED076,WH004,131,Damaged
RET002326,24-11-2024,MED080,WH001,179,Quality Issue
RET002327,07-10-2024,MED063,WH004,112,Overstock
RET002328,22-04-2024,MED023,WH008,92,Quality Issue
RET002329,22-05-2024,MED039,WH005,184,Customer Return
RET002330,05-03-2025,MED096,WH010,12,Overstock
RET002331,13-01-2024,MED046,WH006,34,Overstock
RET002332,02-11-2024,MED141,WH007,175,Customer Return
RET002333,03-02-2024,MED061,WH008,200,Wrong Product
RET002334,27-03-2025,MED050,WH008,97,Expired
RET002335,18-05-2025,MED261,WH004,198,Quality Issue
RET002336,14-04-2025,MED136,WH009,16,Expired
RET002337,10-07-2024,MED136,WH006,147,Expired
RET002338,15-03-2025,MED136,WH010,189,Wrong Product
RET002339,05-12-2024,MED168,WH001,117,Wrong Product
RET002340,08-04-2024,MED018,WH003,116,Overstock
RET002341,07-02-2025,MED184,WH010,81,Quality Issue
RET002342,20-05-2024,MED165,WH007,39,Expired
RET002343,26-02-2025,MED271,WH008,144,Wrong Product
RET002344,16-12-2024,MED278,WH003,154,Expired
RET002345,07-12-2024,MED005,WH001,14,Damaged
RET002346,29-04-2025,MED145,WH008,159,Customer Return
RET002347,25-07-2024,MED104,WH006,167,Customer Return
RET002348,03-10-2024,MED074,WH006,157,Customer Return
RET002349,14-04-2024,MED069,WH004,150,Expired
RET002350,02-04-2024,MED129,WH002,132,Overstock
RET002351,29-03-2024,MED042,WH007,118,Overstock
RET002352,05-06-2025,MED291,WH002,8,Customer Return
RET002353,08-05-2025,MED107,WH008,65,Customer Return
RET002354,21-08-2024,MED082,WH008,171,Quality Issue
RET002355,28-09-2024,MED133,WH003,78,Customer Return
RET002356,12-07-2024,MED001,WH003,147,Overstock
RET002357,30-11-2024,MED177,WH004,13,Expired
RET002358,11-08-2024,MED031,WH003,54,Damaged
RET002359,23-10-2024,MED081,WH010,176,Expired
RET002360,03-03-2024,MED292,WH002,165,Wrong Product
RET002361,18-05-2024,MED138,WH003,117,Expired
RET002362,16-05-2025,MED251,WH004,90,Customer Return
RET002363,10-09-2024,MED038,WH007,135,Expired
RET002364,15-03-2024,MED201,WH002,62,Overstock
RET002365,07-02-2024,MED220,WH003,45,Customer Return
RET002366,01-03-2024,MED144,WH005,146,Damaged
RET002367,28-05-2025,MED201,WH002,79,Expired
RET002368,31-05-2024,MED182,WH009,149,Expired
RET002369,06-08-2024,MED129,WH005,108,Customer Return
RET002370,07-04-2025,MED257,WH010,66,Damaged
RET002371,03-03-2024,MED063,WH002,105,Expired
RET002372,02-07-2024,MED276,WH010,99,Customer Return
RET002373,27-04-2024,MED261,WH007,54,Quality Issue
RET002374,10-06-2025,MED283,WH010,56,Expired
RET002375,01-04-2025,MED282,WH001,62,Expired
RET002376,08-01-2025,MED117,WH006,182,Wrong Product
RET002377,21-04-2025,MED104,WH004,68,Expired
RET002378,01-05-2025,MED219,WH006,22,Quality Issue
RET002379,01-01-2024,MED224,WH005,13,Wrong Product
RET002380,02-04-2025,MED145,WH003,116,Overstock
RET002381,25-03-2024,MED122,WH003,87,Wrong Product
RET002382,20-04-2024,MED257,WH006,49,Overstock
RET002383,13-05-2024,MED135,WH004,198,Expired
RET002384,10-11-2024,MED110,WH007,83,Damaged
RET002385,26-02-2025,MED223,WH007,27,Wrong Product
RET002386,04-07-2024,MED125,WH006,44,Damaged
RET002387,09-05-2024,MED175,WH010,13,Wrong Product
RET002388,29-06-2024,MED076,WH004,123,Customer Return
RET002389,27-09-2024,MED017,WH004,87,Overstock
RET002390,14-06-2024,MED058,WH010,126,Overstock
RET002391,14-12-2024,MED230,WH003,87,Wrong Product
RET002392,04-04-2025,MED254,WH007,197,Quality Issue
RET002393,12-02-2024,MED266,WH006,92,Customer Return
RET002394,03-08-2024,MED123,WH004,144,Customer Return
RET002395,04-09-2024,MED156,WH007,186,Overstock
RET002396,02-08-2024,MED190,WH006,164,Overstock
RET002397,27-02-2024,MED148,WH008,103,Wrong Product
RET002398,25-01-2025,MED030,WH002,22,Expired
RET002399,15-02-2025,MED084,WH005,128,Overstock
RET002400,15-02-2024,MED262,WH009,161,Expired
RET002401,01-05-2024,MED048,WH007,26,Quality Issue
RET002402,02-04-2024,MED091,WH010,37,Quality Issue
RET002403,02-05-2025,MED174,WH005,178,Expired
RET002404,03-06-2025,MED096,WH004,80,Quality Issue
RET002405,26-12-2024,MED078,WH006,19,Wrong Product
RET002406,24-02-2024,MED209,WH001,20,Overstock
RET002407,18-02-2024,MED275,WH002,63,Damaged
RET002408,25-12-2024,MED022,WH008,39,Damaged
RET002409,13-06-2024,MED174,WH008,17,Customer Return
RET002410,07-11-2024,MED287,WH002,54,Customer Return
RET002411,22-08-2024,MED089,WH007,107,Damaged
RET002412,04-06-2024,MED142,WH006,126,Customer Return
RET002413,06-08-2024,MED014,WH004,167,Quality Issue
RET002414,18-01-2024,MED143,WH005,136,Customer Return
RET002415,13-02-2025,MED250,WH009,160,Damaged
RET002416,01-06-2024,MED158,WH007,150,Wrong Product
RET002417,08-06-2025,MED073,WH004,76,Customer Return
RET002418,08-06-2024,MED165,WH005,131,Customer Return
RET002419,14-05-2024,MED067,WH005,46,Customer Return
RET002420,14-03-2024,MED064,WH005,186,Damaged
RET002421,19-01-2025,MED097,WH008,12,Expired
RET002422,20-04-2024,MED042,WH006,61,Expired
RET002423,15-03-2025,MED136,WH002,149,Damaged
RET002424,06-02-2025,MED098,WH009,26,Overstock
RET002425,17-03-2024,MED001,WH009,200,Quality Issue
RET002426,07-09-2024,MED187,WH001,67,Overstock
RET002427,20-11-2024,MED276,WH005,36,Damaged
RET002428,02-04-2024,MED054,WH003,116,Damaged
RET002429,17-01-2024,MED074,WH002,163,Wrong Product
RET002430,10-01-2024,MED056,WH009,127,Overstock
RET002431,10-03-2025,MED280,WH009,160,Quality Issue
RET002432,18-08-2024,MED160,WH002,21,Wrong Product
RET002433,30-11-2024,MED131,WH008,41,Quality Issue
RET002434,29-03-2024,MED190,WH003,199,Quality Issue
RET002435,02-09-2024,MED105,WH006,160,Not Specified
RET002436,18-03-2025,MED275,WH010,17,Overstock
RET002437,19-04-2024,MED107,WH007,196,Customer Return
RET002438,08-08-2024,MED298,WH010,144,Damaged
RET002439,09-04-2024,MED092,WH004,159,Wrong Product
RET002440,14-03-2024,MED024,WH004,196,Quality Issue
RET002441,11-06-2024,MED280,WH007,117,Not Specified
RET002442,11-09-2024,MED115,WH006,61,Damaged
RET002443,24-02-2025,MED025,WH005,181,Overstock
RET002444,30-05-2024,MED048,WH001,125,Damaged
RET002445,05-01-2025,MED052,WH008,199,Overstock
RET002446,15-11-2024,MED071,WH006,61,Quality Issue
RET002447,07-04-2024,MED051,WH006,77,Expired
RET002448,27-01-2025,MED028,WH001,12,Customer Return
RET002449,23-06-2025,MED068,WH002,79,Quality Issue
RET002450,04-10-2024,MED194,WH001,175,Overstock
RET002451,20-08-2024,MED235,WH001,57,Wrong Product
RET002452,29-05-2025,MED170,WH005,22,Overstock
RET002453,02-07-2024,MED250,WH005,176,Quality Issue
RET002454,20-04-2024,MED090,WH004,53,Wrong Product
RET002455,20-12-2024,MED188,WH005,129,Wrong Product
RET002456,20-02-2024,MED286,WH007,51,Wrong Product
RET002457,07-03-2025,MED025,WH008,147,Overstock
RET002458,07-01-2025,MED190,WH001,128,Damaged
RET002459,09-03-2025,MED184,WH008,114,Not Specified
RET002460,17-08-2024,MED217,WH008,164,Not Specified
RET002461,03-05-2024,MED112,WH007,17,Not Specified
RET002462,02-02-2024,MED050,WH008,133,Damaged
RET002463,17-03-2025,MED255,WH002,159,Quality Issue
RET002464,13-09-2024,MED110,WH007,43,Customer Return
RET002465,15-10-2024,MED169,WH006,161,Customer Return
RET002466,01-02-2025,MED169,WH006,82,Quality Issue
RET002467,11-09-2024,MED244,WH008,137,Quality Issue
RET002468,02-05-2025,MED070,WH003,17,Overstock
RET002469,21-01-2025,MED063,WH006,55,Customer Return
RET002470,18-01-2025,MED248,WH010,188,Overstock
RET002471,07-06-2024,MED083,WH008,20,Damaged
RET002472,03-10-2024,MED092,WH007,23,Wrong Product
RET002473,14-03-2024,MED101,WH006,171,Quality Issue
RET002474,29-02-2024,MED027,WH009,49,Wrong Product
RET002475,15-03-2024,MED023,WH009,177,Damaged
RET002476,27-03-2025,MED259,WH003,192,Expired
RET002477,07-09-2024,MED009,WH007,53,Quality Issue
RET002478,31-08-2024,MED253,WH004,13,Wrong Product
RET002479,01-03-2025,MED275,WH010,99,Wrong Product
RET002480,24-01-2024,MED165,WH005,125,Wrong Product
RET002481,29-07-2024,MED044,WH004,185,Customer Return
RET002482,14-02-2025,MED165,WH004,100,Not Specified
RET002483,06-05-2024,MED071,WH006,197,Quality Issue
RET002484,01-05-2024,MED003,WH004,15,Expired
RET002485,23-03-2024,MED243,WH006,82,Customer Return
RET002486,04-01-2025,MED295,WH005,122,Overstock
RET002487,22-05-2025,MED272,WH010,183,Expired
RET002488,26-12-2024,MED197,WH002,54,Wrong Product
RET002489,18-08-2024,MED074,WH010,171,Expired
RET002490,06-03-2025,MED016,WH004,170,Expired
RET002491,07-06-2025,MED159,WH009,121,Customer Return
RET002492,15-02-2025,MED224,WH009,50,Damaged
RET002493,07-12-2024,MED060,WH009,124,Damaged
RET002494,02-06-2024,MED263,WH001,70,Overstock
RET002495,01-09-2024,MED249,WH001,151,Overstock
RET002496,15-05-2025,MED213,WH010,165,Wrong Product
RET002497,14-07-2024,MED147,WH001,85,Damaged
RET002498,08-12-2024,MED184,WH008,176,Expired
RET002499,01-04-2024,MED084,WH004,32,Expired
RET002500,20-01-2025,MED177,WH007,184,Wrong Product
RET002501,05-02-2025,MED107,WH003,48,Quality Issue
RET002502,22-04-2024,MED070,WH008,66,Damaged
RET002503,25-02-2025,MED259,WH007,60,Wrong Product
RET002504,19-03-2025,MED103,WH010,100,Customer Return
RET002505,19-02-2024,MED083,WH004,183,Overstock
RET002506,20-01-2025,MED259,WH005,129,Overstock
RET002507,05-03-2025,MED158,WH009,23,Overstock
RET002508,08-01-2025,MED295,WH005,127,Wrong Product
RET002509,21-02-2025,MED022,WH001,36,Wrong Product
RET002510,02-07-2024,MED117,WH002,108,Quality Issue
RET002511,20-06-2024,MED107,WH001,18,Quality Issue
RET002512,19-01-2024,MED106,WH010,159,Damaged
RET002513,11-01-2024,MED234,WH004,42,Quality Issue
RET002514,29-09-2024,MED135,WH005,142,Damaged
RET002515,20-02-2025,MED172,WH007,23,Damaged
RET002516,16-12-2024,MED168,WH002,24,Damaged
RET002517,19-06-2025,MED109,WH006,138,Customer Return
RET002518,27-10-2024,MED062,WH009,180,Damaged
RET002519,01-09-2024,MED002,WH005,119,Damaged
RET002520,31-03-2024,MED228,WH003,27,Wrong Product
RET002521,03-01-2024,MED008,WH008,186,Overstock
RET002522,17-06-2025,MED298,WH004,56,Damaged
RET002523,09-05-2024,MED115,WH006,113,Overstock
RET002524,24-04-2024,MED291,WH007,95,Damaged
RET002525,03-09-2024,MED190,WH009,137,Wrong Product
RET002526,07-06-2024,MED132,WH010,101,Expired
RET002527,21-04-2024,MED210,WH009,133,Wrong Product
RET002528,23-06-2025,MED190,WH009,85,Damaged
RET002529,30-11-2024,MED266,WH008,142,Not Specified
RET002530,27-04-2024,MED002,WH010,62,Expired
RET002531,31-05-2025,MED269,WH007,45,Expired
RET002532,02-01-2025,MED017,WH010,187,Wrong Product
RET002533,20-03-2024,MED015,WH010,120,Wrong Product
RET002534,21-06-2025,MED268,WH007,33,Wrong Product
RET002535,15-07-2024,MED266,WH004,74,Wrong Product
RET002536,27-05-2024,MED155,WH010,156,Expired
RET002537,04-09-2024,MED177,WH007,185,Expired
RET002538,06-06-2024,MED191,WH009,55,Wrong Product
RET002539,21-06-2024,MED066,WH009,54,Wrong Product
RET002540,04-03-2024,MED265,WH010,184,Quality Issue
RET002541,09-03-2024,MED174,WH001,33,Quality Issue
RET002542,27-08-2024,MED145,WH003,31,Customer Return
RET002543,28-08-2024,MED160,WH006,154,Wrong Product
RET002544,21-01-2024,MED281,WH009,167,Quality Issue
RET002545,10-12-2024,MED051,WH004,36,Overstock
RET002546,09-06-2024,MED088,WH007,111,Customer Return
RET002547,20-03-2025,MED197,WH001,164,Wrong Product
RET002548,17-07-2024,MED290,WH008,99,Overstock
RET002549,29-01-2025,MED135,WH003,133,Wrong Product
RET002550,16-05-2024,MED210,WH010,97,Expired
RET002551,17-03-2025,MED168,WH002,100,Customer Return
RET002552,08-05-2024,MED167,WH001,79,Wrong Product
RET002553,07-11-2024,MED293,WH001,156,Wrong Product
RET002554,25-04-2025,MED052,WH005,128,Wrong Product
RET002555,13-02-2025,MED167,WH002,57,Damaged
RET002556,15-04-2024,MED213,WH006,138,Wrong Product
RET002557,03-05-2024,MED244,WH008,65,Expired
RET002558,26-07-2024,MED039,WH005,112,Quality Issue
RET002559,16-04-2025,MED184,WH005,56,Customer Return
RET002560,31-01-2024,MED054,WH007,140,Customer Return
RET002561,27-08-2024,MED124,WH001,135,Quality Issue
RET002562,18-04-2024,MED134,WH003,52,Customer Return
RET002563,18-12-2024,MED294,WH010,140,Quality Issue
RET002564,29-08-2024,MED139,WH010,78,Wrong Product
RET002565,02-09-2024,MED050,WH007,171,Overstock
RET002566,31-01-2024,MED108,WH007,77,Wrong Product
RET002567,14-10-2024,MED176,WH006,60,Expired
RET002568,22-09-2024,MED125,WH010,98,Customer Return
RET002569,06-05-2024,MED220,WH001,66,Damaged
RET002570,06-07-2024,MED115,WH006,177,Quality Issue
RET002571,22-11-2024,MED242,WH003,153,Wrong Product
RET002572,12-01-2025,MED288,WH005,77,Expired
RET002573,28-01-2024,MED169,WH010,111,Expired
RET002574,03-03-2024,MED103,WH010,122,Expired
RET002575,06-04-2024,MED012,WH010,107,Expired
RET002576,08-08-2024,MED192,WH007,81,Customer Return
RET002577,24-02-2025,MED222,WH005,73,Quality Issue
RET002578,16-02-2024,MED022,WH009,152,Quality Issue
RET002579,06-08-2024,MED195,WH007,53,Quality Issue
RET002580,12-05-2024,MED187,WH010,153,Overstock
RET002581,02-03-2025,MED028,WH009,102,Customer Return
RET002582,16-05-2025,MED231,WH006,103,Wrong Product
RET002583,04-05-2025,MED255,WH005,124,Quality Issue
RET002584,14-07-2024,MED209,WH003,62,Expired
RET002585,14-01-2024,MED007,WH006,199,Wrong Product
RET002586,21-06-2025,MED057,WH004,107,Overstock
RET002587,01-12-2024,MED252,WH001,93,Wrong Product
RET002588,03-03-2024,MED012,WH002,103,Wrong Product
RET002589,18-05-2024,MED149,WH005,161,Quality Issue
RET002590,16-06-2025,MED002,WH005,41,Wrong Product
RET002591,31-10-2024,MED058,WH005,47,Quality Issue
RET002592,26-04-2025,MED065,WH005,56,Customer Return
RET002593,04-07-2024,MED268,WH007,155,Wrong Product
RET002594,03-04-2025,MED051,WH002,34,Expired
RET002595,13-03-2025,MED082,WH008,54,Wrong Product
RET002596,10-05-2025,MED059,WH007,26,Damaged
RET002597,10-06-2024,MED145,WH006,51,Overstock
RET002598,15-06-2025,MED161,WH003,94,Expired
RET002599,23-02-2024,MED152,WH002,22,Damaged
RET002600,18-07-2024,MED170,WH007,77,Overstock
RET002601,10-03-2024,MED021,WH009,86,Wrong Product
RET002602,21-08-2024,MED194,WH006,90,Quality Issue
RET002603,19-03-2025,MED294,WH007,196,Expired
RET002604,28-04-2025,MED178,WH009,143,Customer Return
RET002605,28-06-2025,MED162,WH010,47,Quality Issue
RET002606,02-06-2025,MED001,WH010,200,Quality Issue
RET002607,17-10-2024,MED041,WH005,23,Quality Issue
RET002608,24-02-2024,MED135,WH002,51,Expired
RET002609,15-11-2024,MED008,WH001,176,Customer Return
RET002610,01-08-2024,MED240,WH001,181,Overstock
RET002611,03-11-2024,MED187,WH001,182,Damaged
RET002612,28-03-2024,MED250,WH008,170,Damaged
RET002613,15-09-2024,MED279,WH007,158,Customer Return
RET002614,24-01-2025,MED078,WH001,181,Overstock
RET002615,22-09-2024,MED030,WH009,178,Damaged
RET002616,13-02-2025,MED163,WH007,153,Expired
RET002617,10-08-2024,MED203,WH001,87,Overstock
RET002618,17-03-2025,MED152,WH001,164,Overstock
RET002619,08-08-2024,MED062,WH005,28,Expired
RET002620,27-08-2024,MED287,WH001,179,Overstock
RET002621,10-03-2025,MED033,WH007,125,Quality Issue
RET002622,29-07-2024,MED032,WH006,179,Customer Return
RET002623,17-04-2024,MED161,WH002,73,Overstock
RET002624,14-05-2024,MED048,WH001,127,Wrong Product
RET002625,14-03-2025,MED149,WH007,15,Quality Issue
RET002626,15-10-2024,MED279,WH010,16,Damaged
RET002627,10-01-2024,MED109,WH002,95,Expired
RET002628,18-05-2025,MED216,WH001,9,Quality Issue
RET002629,10-04-2025,MED120,WH007,91,Quality Issue
RET002630,23-12-2024,MED265,WH001,181,Damaged
RET002631,29-02-2024,MED287,WH004,100,Overstock
RET002632,19-03-2025,MED270,WH010,85,Expired
RET002633,07-09-2024,MED017,WH003,127,Overstock
RET002634,12-01-2025,MED146,WH007,76,Overstock
RET002635,31-08-2024,MED117,WH007,181,Overstock
RET002636,18-01-2024,MED063,WH009,186,Damaged
RET002637,19-08-2024,MED257,WH001,30,Overstock
RET002638,29-06-2024,MED050,WH005,179,Overstock
RET002639,26-09-2024,MED185,WH007,91,Damaged
RET002640,03-05-2025,MED129,WH010,55,Customer Return
RET002641,02-04-2024,MED016,WH002,102,Overstock
RET002642,29-04-2025,MED070,WH006,127,Customer Return
RET002643,09-10-2024,MED034,WH002,83,Wrong Product
RET002644,06-07-2024,MED108,WH001,81,Overstock
RET002645,16-01-2025,MED179,WH003,79,Quality Issue
RET002646,09-08-2024,MED022,WH004,16,Expired
RET002647,18-02-2024,MED041,WH002,123,Quality Issue
RET002648,16-06-2024,MED230,WH001,113,Customer Return
RET002649,30-01-2024,MED257,WH010,68,Overstock
RET002650,18-11-2024,MED103,WH008,71,Expired
RET002651,18-04-2024,MED005,WH006,62,Damaged
RET002652,26-01-2024,MED234,WH010,180,Overstock
RET002653,11-05-2025,MED046,WH004,53,Wrong Product
RET002654,31-12-2024,MED226,WH007,27,Wrong Product
RET002655,10-11-2024,MED178,WH007,46,Customer Return
RET002656,20-11-2024,MED124,WH007,19,Wrong Product
RET002657,16-08-2024,MED068,WH010,63,Overstock
RET002658,14-05-2024,MED076,WH007,6,Damaged
RET002659,17-05-2024,MED146,WH010,96,Expired
RET002660,11-03-2024,MED027,WH002,109,Damaged
RET002661,28-07-2024,MED035,WH003,87,Customer Return
RET002662,03-06-2025,MED258,WH009,187,Customer Return
RET002663,06-06-2024,MED262,WH010,78,Customer Return
RET002664,04-01-2024,MED267,WH002,83,Customer Return
RET002665,21-06-2024,MED008,WH006,154,Expired
RET002666,15-05-2025,MED233,WH005,92,Customer Return
RET002667,14-05-2025,MED001,WH007,27,Damaged
RET002668,17-05-2025,MED234,WH004,97,Wrong Product
RET002669,13-04-2025,MED097,WH009,160,Overstock
RET002670,18-06-2025,MED241,WH003,91,Customer Return
RET002671,27-08-2024,MED247,WH005,41,Overstock
RET002672,07-12-2024,MED300,WH008,36,Customer Return
RET002673,23-12-2024,MED215,WH005,149,Expired
RET002674,21-07-2024,MED240,WH005,125,Expired
RET002675,17-01-2024,MED091,WH010,82,Expired
RET002676,10-02-2024,MED275,WH006,50,Wrong Product
RET002677,25-04-2024,MED153,WH009,79,Quality Issue
RET002678,19-04-2024,MED055,WH003,128,Quality Issue
RET002679,11-08-2024,MED229,WH002,59,Expired
RET002680,19-03-2025,MED265,WH003,116,Overstock
RET002681,13-02-2025,MED047,WH002,173,Wrong Product
RET002682,12-02-2024,MED006,WH002,87,Wrong Product
RET002683,09-05-2025,MED193,WH005,169,Overstock
RET002684,09-04-2024,MED240,WH007,136,Customer Return
RET002685,12-08-2024,MED204,WH003,12,Customer Return
RET002686,24-04-2024,MED256,WH005,35,Damaged
RET002687,28-04-2025,MED046,WH007,46,Quality Issue
RET002688,09-03-2025,MED019,WH004,168,Damaged
RET002689,01-05-2024,MED080,WH003,139,Customer Return
RET002690,04-07-2024,MED036,WH005,9,Overstock
RET002691,12-07-2024,MED086,WH006,115,Customer Return
RET002692,30-05-2025,MED050,WH007,13,Not Specified
RET002693,27-07-2024,MED274,WH006,190,Overstock
RET002694,15-03-2024,MED186,WH005,169,Damaged
RET002695,14-11-2024,MED290,WH007,171,Wrong Product
RET002696,17-04-2025,MED170,WH008,176,Damaged
RET002697,11-10-2024,MED194,WH003,176,Quality Issue
RET002698,18-01-2024,MED212,WH009,53,Overstock
RET002699,02-06-2025,MED223,WH006,66,Expired
RET002700,08-01-2024,MED283,WH003,22,Customer Return
RET002701,26-06-2025,MED097,WH008,99,Overstock
RET002702,21-04-2025,MED021,WH008,90,Customer Return
RET002703,04-02-2024,MED300,WH008,161,Expired
RET002704,12-04-2025,MED200,WH007,63,Overstock
RET002705,27-03-2024,MED052,WH005,42,Not Specified
RET002706,08-06-2025,MED032,WH002,12,Customer Return
RET002707,23-02-2024,MED122,WH010,117,Customer Return
RET002708,19-06-2024,MED171,WH010,98,Damaged
RET002709,17-01-2025,MED211,WH007,67,Overstock
RET002710,13-08-2024,MED013,WH001,120,Customer Return
RET002711,10-10-2024,MED191,WH006,72,Expired
RET002712,13-03-2025,MED090,WH004,178,Expired
RET002713,04-03-2024,MED272,WH010,124,Overstock
RET002714,01-03-2024,MED177,WH007,153,Quality Issue
RET002715,17-12-2024,MED076,WH009,28,Overstock
RET002716,03-12-2024,MED292,WH009,110,Quality Issue
RET002717,03-05-2025,MED017,WH007,17,Damaged
RET002718,27-10-2024,MED165,WH009,19,Overstock
RET002719,17-06-2025,MED197,WH002,72,Damaged
RET002720,22-03-2025,MED064,WH010,76,Expired
RET002721,13-08-2024,MED140,WH003,94,Expired
RET002722,25-03-2025,MED006,WH006,196,Wrong Product
RET002723,11-08-2024,MED095,WH006,40,Quality Issue
RET002724,08-02-2025,MED004,WH009,171,Quality Issue
RET002725,08-01-2024,MED036,WH006,143,Quality Issue
RET002726,27-11-2024,MED295,WH005,157,Quality Issue
RET002727,17-01-2025,MED286,WH010,29,Expired
RET002728,29-03-2024,MED040,WH004,35,Customer Return
RET002729,15-04-2025,MED263,WH001,107,Overstock
RET002730,04-03-2024,MED137,WH009,160,Customer Return
RET002731,08-02-2024,MED240,WH001,170,Overstock
RET002732,26-11-2024,MED205,WH002,107,Expired
RET002733,18-08-2024,MED265,WH001,21,Quality Issue
RET002734,05-06-2024,MED020,WH006,80,Overstock
RET002735,06-10-2024,MED179,WH002,191,Wrong Product
RET002736,29-04-2024,MED170,WH003,59,Expired
RET002737,15-12-2024,MED199,WH007,55,Damaged
RET002738,16-12-2024,MED098,WH003,109,Damaged
RET002739,19-04-2025,MED289,WH005,37,Quality Issue
RET002740,06-08-2024,MED242,WH004,62,Overstock
RET002741,12-09-2024,MED248,WH008,176,Wrong Product
RET002742,23-04-2024,MED251,WH004,185,Damaged
RET002743,17-01-2024,MED143,WH001,112,Wrong Product
RET002744,16-06-2025,MED053,WH004,117,Expired
RET002745,28-08-2024,MED221,WH004,48,Wrong Product
RET002746,08-06-2024,MED024,WH001,33,Overstock
RET002747,25-08-2024,MED082,WH004,31,Customer Return
RET002748,11-05-2025,MED257,WH009,94,Wrong Product
RET002749,22-05-2024,MED057,WH008,46,Quality Issue
RET002750,19-10-2024,MED205,WH002,143,Damaged
RET002751,05-06-2024,MED265,WH006,12,Wrong Product
RET002752,09-04-2025,MED258,WH003,106,Quality Issue
RET002753,27-02-2025,MED073,WH010,156,Customer Return
RET002754,09-06-2025,MED291,WH003,95,Damaged
RET002755,08-06-2024,MED172,WH005,61,Overstock
RET002756,14-11-2024,MED018,WH006,91,Damaged
RET002757,28-06-2024,MED200,WH005,137,Quality Issue
RET002758,17-04-2025,MED275,WH002,128,Wrong Product
RET002759,08-10-2024,MED260,WH009,69,Overstock
RET002760,04-01-2025,MED005,WH004,71,Overstock
RET002761,15-06-2025,MED022,WH009,98,Expired
RET002762,07-01-2024,MED277,WH007,8,Expired
RET002763,22-03-2024,MED272,WH003,137,Quality Issue
RET002764,26-05-2024,MED152,WH009,168,Customer Return
RET002765,26-12-2024,MED004,WH010,7,Quality Issue
RET002766,29-10-2024,MED116,WH008,60,Customer Return
RET002767,04-05-2025,MED217,WH009,22,Customer Return
RET002768,18-02-2024,MED149,WH008,41,Quality Issue
RET002769,21-03-2025,MED214,WH003,108,Damaged
RET002770,23-07-2024,MED014,WH008,99,Quality Issue
RET002771,04-03-2024,MED154,WH009,16,Damaged
RET002772,06-01-2025,MED081,WH002,54,Expired
RET002773,09-06-2025,MED051,WH003,17,Quality Issue
RET002774,04-06-2025,MED264,WH005,15,Wrong Product
RET002775,22-06-2025,MED118,WH007,149,Damaged
RET002776,30-12-2024,MED279,WH003,70,Quality Issue
RET002777,13-05-2025,MED094,WH009,135,Expired
RET002778,06-01-2025,MED205,WH010,155,Quality Issue
RET002779,11-10-2024,MED283,WH009,138,Overstock
RET002780,03-09-2024,MED103,WH002,179,Quality Issue
RET002781,20-05-2024,MED191,WH005,19,Expired
RET002782,12-02-2024,MED167,WH001,140,Customer Return
RET002783,06-05-2025,MED133,WH002,188,Expired
RET002784,17-11-2024,MED096,WH001,105,Damaged
RET002785,03-12-2024,MED077,WH001,158,Customer Return
RET002786,09-10-2024,MED035,WH007,121,Wrong Product
RET002787,19-08-2024,MED091,WH006,9,Customer Return
RET002788,02-04-2024,MED166,WH003,162,Quality Issue
RET002789,31-01-2024,MED154,WH001,91,Quality Issue
RET002790,11-04-2024,MED141,WH001,44,Customer Return
RET002791,02-01-2025,MED154,WH001,75,Overstock
RET002792,26-06-2025,MED074,WH010,30,Quality Issue
RET002793,04-06-2024,MED226,WH001,146,Customer Return
RET002794,04-10-2024,MED051,WH009,198,Customer Return
RET002795,01-07-2024,MED175,WH008,198,Quality Issue
RET002796,31-03-2025,MED089,WH008,28,Quality Issue
RET002797,26-06-2025,MED072,WH008,88,Quality Issue
RET002798,14-01-2025,MED105,WH003,97,Overstock
RET002799,28-07-2024,MED220,WH006,123,Expired
RET002800,22-06-2024,MED281,WH010,65,Wrong Product
RET002801,23-02-2024,MED164,WH008,9,Customer Return
RET002802,03-06-2024,MED052,WH005,93,Damaged
RET002803,13-03-2024,MED214,WH010,163,Wrong Product
RET002804,19-03-2024,MED046,WH005,158,Overstock
RET002805,21-01-2024,MED103,WH004,26,Overstock
RET002806,29-02-2024,MED146,WH008,51,Damaged
RET002807,22-05-2024,MED128,WH006,15,Customer Return
RET002808,09-12-2024,MED077,WH005,53,Expired
RET002809,26-12-2024,MED119,WH010,43,Expired
RET002810,22-11-2024,MED098,WH007,87,Damaged
RET002811,31-07-2024,MED155,WH005,11,Expired
RET002812,22-07-2024,MED250,WH002,147,Expired
RET002813,20-11-2024,MED287,WH003,154,Wrong Product
RET002814,26-01-2025,MED220,WH010,140,Damaged
RET002815,16-03-2024,MED276,WH003,42,Quality Issue
RET002816,20-04-2024,MED022,WH002,46,Quality Issue
RET002817,24-06-2024,MED260,WH001,121,Wrong Product
RET002818,22-07-2024,MED185,WH005,36,Overstock
RET002819,13-08-2024,MED004,WH003,34,Expired
RET002820,18-03-2024,MED224,WH001,192,Expired
RET002821,11-01-2024,MED251,WH002,59,Customer Return
RET002822,31-07-2024,MED125,WH009,130,Expired
RET002823,27-06-2025,MED121,WH006,83,Customer Return
RET002824,19-03-2024,MED178,WH005,128,Customer Return
RET002825,15-12-2024,MED242,WH006,188,Customer Return
RET002826,19-12-2024,MED221,WH004,131,Wrong Product
RET002827,05-03-2025,MED064,WH004,16,Damaged
RET002828,01-04-2024,MED231,WH001,57,Overstock
RET002829,07-09-2024,MED113,WH004,130,Damaged
RET002830,28-07-2024,MED113,WH005,62,Expired
RET002831,31-08-2024,MED122,WH005,35,Wrong Product
RET002832,25-02-2025,MED101,WH006,94,Expired
RET002833,12-04-2024,MED250,WH001,190,Wrong Product
RET002834,07-04-2025,MED122,WH010,100,Wrong Product
RET002835,26-02-2024,MED269,WH009,154,Overstock
RET002836,17-08-2024,MED018,WH009,96,Damaged
RET002837,28-08-2024,MED231,WH002,71,Quality Issue
RET002838,11-06-2024,MED057,WH007,105,Damaged
RET002839,12-07-2024,MED251,WH005,128,Customer Return
RET002840,26-12-2024,MED278,WH010,40,Quality Issue
RET002841,21-01-2025,MED151,WH004,157,Wrong Product
RET002842,03-06-2024,MED049,WH003,157,Overstock
RET002843,31-10-2024,MED283,WH003,11,Quality Issue
RET002844,20-12-2024,MED051,WH009,77,Customer Return
RET002845,23-08-2024,MED189,WH001,188,Quality Issue
RET002846,28-04-2025,MED221,WH007,67,Wrong Product
RET002847,23-12-2024,MED075,WH003,134,Wrong Product
RET002848,01-07-2024,MED204,WH006,43,Quality Issue
RET002849,11-01-2025,MED108,WH003,73,Quality Issue
RET002850,05-03-2024,MED055,WH001,159,Damaged
RET002851,08-10-2024,MED067,WH004,125,Quality Issue
RET002852,15-11-2024,MED151,WH005,52,Damaged
RET002853,03-03-2025,MED262,WH010,125,Damaged
RET002854,17-05-2024,MED170,WH003,9,Expired
RET002855,29-06-2025,MED153,WH010,120,Expired
RET002856,19-03-2024,MED004,WH005,183,Damaged
RET002857,28-05-2025,MED014,WH002,53,Customer Return
RET002858,23-03-2025,MED214,WH004,141,Customer Return
RET002859,11-12-2024,MED217,WH004,32,Damaged
RET002860,01-07-2024,MED194,WH010,160,Wrong Product
RET002861,12-10-2024,MED044,WH002,87,Wrong Product
RET002862,08-01-2024,MED066,WH008,151,Overstock
RET002863,31-12-2024,MED175,WH009,65,Quality Issue
RET002864,12-04-2024,MED217,WH006,98,Quality Issue
RET002865,11-08-2024,MED017,WH004,127,Overstock
RET002866,15-09-2024,MED120,WH010,180,Expired
RET002867,29-12-2024,MED214,WH006,114,Customer Return
RET002868,29-05-2024,MED282,WH002,68,Not Specified
RET002869,18-03-2024,MED195,WH005,24,Quality Issue
RET002870,26-02-2024,MED179,WH002,137,Overstock
RET002871,11-03-2024,MED233,WH008,94,Customer Return
RET002872,20-02-2024,MED178,WH008,170,Expired
RET002873,26-01-2025,MED295,WH003,172,Damaged
RET002874,06-03-2025,MED187,WH009,105,Wrong Product
RET002875,12-02-2024,MED222,WH010,143,Damaged
RET002876,31-01-2024,MED091,WH008,82,Quality Issue
RET002877,20-05-2024,MED011,WH002,46,Expired
RET002878,17-05-2025,MED186,WH004,156,Wrong Product
RET002879,18-03-2025,MED141,WH004,138,Wrong Product
RET002880,22-03-2024,MED063,WH010,145,Quality Issue
RET002881,24-04-2025,MED269,WH010,110,Quality Issue
RET002882,05-02-2024,MED239,WH005,30,Damaged
RET002883,27-02-2025,MED210,WH002,124,Overstock
RET002884,06-01-2024,MED235,WH001,197,Overstock
RET002885,10-11-2024,MED265,WH006,128,Expired
RET002886,02-07-2024,MED084,WH004,57,Overstock
RET002887,07-06-2024,MED120,WH004,150,Customer Return
RET002888,21-10-2024,MED032,WH008,31,Wrong Product
RET002889,09-10-2024,MED064,WH001,83,Expired
RET002890,11-11-2024,MED065,WH001,16,Wrong Product
RET002891,25-07-2024,MED163,WH002,69,Quality Issue
RET002892,29-11-2024,MED267,WH002,182,Customer Return
RET002893,14-07-2024,MED090,WH004,19,Wrong Product
RET002894,26-06-2024,MED070,WH002,184,Not Specified
RET002895,22-01-2025,MED060,WH004,96,Damaged
RET002896,27-09-2024,MED197,WH006,144,Damaged
RET002897,11-10-2024,MED270,WH009,15,Overstock
RET002898,13-01-2024,MED142,WH004,134,Wrong Product
RET002899,07-03-2024,MED034,WH001,54,Expired
RET002900,18-02-2024,MED227,WH004,148,Damaged
RET002901,03-05-2024,MED083,WH001,46,Damaged
RET002902,21-10-2024,MED257,WH007,30,Customer Return
RET002903,30-01-2025,MED027,WH002,134,Customer Return
RET002904,19-05-2025,MED215,WH002,176,Overstock
RET002905,18-08-2024,MED278,WH002,15,Customer Return
RET002906,06-04-2025,MED122,WH008,47,Damaged
RET002907,16-01-2025,MED039,WH002,126,Expired
RET002908,15-01-2024,MED107,WH008,18,Customer Return
RET002909,07-06-2025,MED262,WH010,152,Damaged
RET002910,11-02-2025,MED214,WH001,38,Expired
RET002911,03-01-2025,MED070,WH002,189,Damaged
RET002912,04-05-2024,MED181,WH006,28,Damaged
RET002913,09-06-2024,MED153,WH006,170,Wrong Product
RET002914,21-01-2025,MED052,WH007,29,Expired
RET002915,20-06-2024,MED261,WH003,34,Quality Issue
RET002916,11-06-2024,MED269,WH002,192,Wrong Product
RET002917,20-09-2024,MED155,WH010,50,Overstock
RET002918,07-11-2024,MED162,WH001,63,Customer Return
RET002919,21-09-2024,MED218,WH003,120,Quality Issue
RET002920,03-04-2025,MED149,WH003,8,Quality Issue
RET002921,18-05-2025,MED071,WH007,162,Wrong Product
RET002922,11-03-2025,MED129,WH005,93,Expired
RET002923,20-02-2025,MED032,WH002,75,Wrong Product
RET002924,09-01-2025,MED044,WH004,25,Damaged
RET002925,06-04-2025,MED058,WH003,194,Customer Return
RET002926,13-06-2025,MED137,WH002,7,Overstock
RET002927,29-10-2024,MED250,WH007,95,Quality Issue
RET002928,22-10-2024,MED156,WH009,182,Expired
RET002929,26-01-2024,MED138,WH009,150,Quality Issue
RET002930,17-02-2025,MED029,WH005,46,Damaged
RET002931,07-02-2024,MED074,WH001,119,Quality Issue
RET002932,13-03-2024,MED104,WH001,99,Damaged
RET002933,02-01-2024,MED135,WH005,35,Expired
RET002934,27-11-2024,MED082,WH002,135,Wrong Product
RET002935,12-02-2024,MED167,WH002,129,Expired
RET002936,31-05-2024,MED275,WH006,34,Damaged
RET002937,18-07-2024,MED013,WH003,113,Expired
RET002938,23-04-2024,MED148,WH007,192,Damaged
RET002939,12-12-2024,MED257,WH006,128,Wrong Product
RET002940,29-01-2025,MED178,WH004,133,Quality Issue
RET002941,11-05-2024,MED150,WH004,81,Damaged
RET002942,22-04-2025,MED278,WH005,92,Damaged
RET002943,08-06-2025,MED124,WH003,97,Expired
RET002944,01-04-2025,MED119,WH010,148,Quality Issue
RET002945,16-12-2024,MED008,WH009,143,Damaged
RET002946,07-03-2025,MED180,WH001,50,Quality Issue
RET002947,30-09-2024,MED064,WH005,168,Damaged
RET002948,17-05-2025,MED196,WH002,156,Quality Issue
RET002949,20-11-2024,MED044,WH005,87,Customer Return
RET002950,03-04-2024,MED100,WH008,126,Customer Return
RET002951,10-10-2024,MED292,WH004,39,Overstock
RET002952,29-03-2024,MED154,WH007,140,Customer Return
RET002953,03-03-2025,MED284,WH002,56,Customer Return
RET002954,23-11-2024,MED118,WH010,61,Wrong Product
RET002955,29-06-2025,MED292,WH008,148,Damaged
RET002956,29-04-2025,MED299,WH007,181,Overstock
RET002957,17-10-2024,MED143,WH006,97,Expired
RET002958,02-04-2025,MED063,WH007,167,Overstock
RET002959,26-10-2024,MED138,WH008,110,Wrong Product
RET002960,07-01-2024,MED020,WH009,27,Wrong Product
RET002961,19-06-2025,MED062,WH007,66,Customer Return
RET002962,06-01-2025,MED207,WH003,145,Damaged
RET002963,27-08-2024,MED139,WH008,64,Damaged
RET002964,17-06-2025,MED141,WH001,43,Damaged
RET002965,23-05-2025,MED108,WH007,130,Quality Issue
RET002966,31-03-2025,MED196,WH003,143,Expired
RET002967,31-05-2024,MED229,WH001,79,Customer Return
RET002968,14-02-2024,MED269,WH002,142,Damaged
RET002969,13-07-2024,MED006,WH005,82,Wrong Product
RET002970,07-03-2025,MED071,WH008,140,Customer Return
RET002971,08-03-2025,MED148,WH003,154,Expired
RET002972,25-01-2025,MED077,WH010,118,Customer Return
RET002973,03-07-2024,MED262,WH006,36,Expired
RET002974,30-12-2024,MED054,WH001,107,Customer Return
RET002975,08-03-2024,MED140,WH005,189,Expired
RET002976,28-07-2024,MED122,WH006,156,Expired
RET002977,07-04-2025,MED250,WH007,173,Damaged
RET002978,21-04-2025,MED271,WH004,68,Quality Issue
RET002979,23-02-2024,MED286,WH009,66,Quality Issue
RET002980,18-05-2025,MED271,WH010,139,Overstock
RET002981,22-04-2024,MED148,WH004,59,Customer Return
RET002982,11-03-2025,MED296,WH001,59,Quality Issue
RET002983,14-06-2025,MED144,WH008,23,Customer Return
RET002984,22-04-2025,MED086,WH010,162,Expired
RET002985,21-04-2025,MED043,WH010,57,Expired
RET002986,20-04-2025,MED121,WH005,189,Expired
RET002987,20-12-2024,MED082,WH003,47,Overstock
RET002988,29-03-2025,MED185,WH008,111,Wrong Product
RET002989,03-05-2025,MED115,WH005,146,Overstock
RET002990,05-01-2025,MED016,WH004,87,Wrong Product
RET002991,26-03-2024,MED165,WH005,159,Expired
RET002992,03-04-2025,MED235,WH002,59,Quality Issue
RET002993,29-11-2024,MED015,WH003,115,Wrong Product
RET002994,02-04-2024,MED065,WH006,144,Expired
RET002995,07-09-2024,MED096,WH001,137,Wrong Product
RET002996,19-08-2024,MED110,WH003,10,Expired
RET002997,01-02-2024,MED196,WH002,70,Overstock
RET002998,16-05-2025,MED140,WH009,186,Overstock
RET002999,12-02-2024,MED126,WH003,75,Quality Issue
RET003000,11-10-2024,MED177,WH006,189,Quality Issue
RET003001,25-04-2024,MED296,WH002,196,Wrong Product
RET003002,08-04-2025,MED009,WH003,75,Customer Return
RET003003,17-01-2025,MED089,WH002,155,Expired
RET003004,14-09-2024,MED027,WH002,72,Wrong Product
RET003005,11-02-2025,MED101,WH004,168,Damaged
RET003006,23-11-2024,MED254,WH006,112,Customer Return
RET003007,20-04-2024,MED230,WH010,10,Customer Return
RET003008,23-09-2024,MED298,WH009,196,Customer Return
RET003009,03-05-2025,MED085,WH002,176,Customer Return
RET003010,07-01-2025,MED248,WH006,161,Overstock
RET003011,20-03-2025,MED083,WH004,28,Customer Return
RET003012,06-01-2024,MED243,WH007,88,Quality Issue
RET003013,17-03-2025,MED249,WH002,47,Quality Issue
RET003014,06-09-2024,MED046,WH002,164,Quality Issue
RET003015,01-07-2024,MED140,WH008,44,Quality Issue
RET003016,14-03-2025,MED098,WH004,135,Wrong Product
RET003017,02-03-2025,MED184,WH007,102,Overstock
RET003018,12-05-2025,MED215,WH002,25,Quality Issue
RET003019,07-06-2024,MED264,WH008,53,Expired
RET003020,30-03-2025,MED224,WH003,78,Quality Issue
RET003021,27-03-2024,MED089,WH004,135,Overstock
RET003022,11-03-2025,MED086,WH006,182,Quality Issue
RET003023,01-06-2024,MED073,WH001,121,Customer Return
RET003024,06-01-2025,MED184,WH005,38,Overstock
RET003025,07-11-2024,MED173,WH009,174,Overstock
RET003026,25-04-2024,MED160,WH005,80,Expired
RET003027,17-08-2024,MED164,WH009,74,Damaged
RET003028,27-10-2024,MED072,WH004,43,Damaged
RET003029,27-02-2025,MED290,WH010,119,Wrong Product
RET003030,17-06-2025,MED142,WH009,184,Overstock
RET003031,29-01-2024,MED207,WH008,120,Wrong Product
RET003032,19-12-2024,MED219,WH001,177,Customer Return
RET003033,03-10-2024,MED112,WH004,58,Overstock
RET003034,13-09-2024,MED254,WH007,78,Expired
RET003035,18-04-2024,MED017,WH004,23,Customer Return
RET003036,15-12-2024,MED089,WH002,55,Quality Issue
RET003037,24-10-2024,MED224,WH007,132,Overstock
RET003038,29-05-2025,MED283,WH005,171,Wrong Product
RET003039,23-01-2025,MED071,WH007,169,Expired
RET003040,05-05-2024,MED282,WH009,120,Damaged
RET003041,25-04-2024,MED138,WH010,129,Quality Issue
RET003042,05-01-2025,MED245,WH001,154,Damaged
RET003043,14-01-2025,MED088,WH010,158,Expired
RET003044,14-05-2025,MED189,WH004,11,Overstock
RET003045,25-01-2025,MED177,WH004,185,Not Specified
RET003046,12-10-2024,MED012,WH010,25,Customer Return
RET003047,30-11-2024,MED214,WH002,170,Wrong Product
RET003048,08-07-2024,MED091,WH006,26,Wrong Product
RET003049,11-02-2024,MED206,WH009,113,Damaged
RET003050,09-08-2024,MED095,WH007,169,Expired
RET003051,10-06-2024,MED261,WH005,82,Wrong Product
RET003052,09-02-2024,MED290,WH002,171,Expired
RET003053,27-09-2024,MED144,WH008,149,Wrong Product
RET003054,29-05-2024,MED265,WH001,185,Expired
RET003055,03-03-2024,MED280,WH009,172,Customer Return
RET003056,13-03-2025,MED067,WH006,184,Customer Return
RET003057,16-03-2024,MED194,WH005,166,Overstock
RET003058,02-06-2024,MED190,WH002,7,Customer Return
RET003059,16-02-2024,MED218,WH007,161,Customer Return
RET003060,25-06-2024,MED108,WH001,159,Quality Issue
RET003061,20-11-2024,MED154,WH006,150,Expired
RET003062,12-08-2024,MED067,WH005,43,Overstock
RET003063,10-10-2024,MED184,WH005,17,Expired
RET003064,09-12-2024,MED270,WH003,150,Overstock
RET003065,25-11-2024,MED243,WH002,65,Customer Return
RET003066,22-10-2024,MED141,WH007,54,Customer Return
RET003067,30-01-2025,MED127,WH010,154,Customer Return
RET003068,20-08-2024,MED134,WH005,177,Overstock
RET003069,30-04-2024,MED128,WH002,127,Damaged
RET003070,23-06-2024,MED151,WH006,118,Overstock
RET003071,22-06-2025,MED133,WH006,122,Quality Issue
RET003072,05-09-2024,MED177,WH003,143,Expired
RET003073,12-06-2025,MED202,WH008,162,Wrong Product
RET003074,19-11-2024,MED186,WH009,67,Customer Return
RET003075,31-03-2025,MED051,WH007,8,Wrong Product
RET003076,20-03-2024,MED255,WH008,176,Wrong Product
RET003077,04-08-2024,MED007,WH003,193,Expired
RET003078,11-06-2025,MED297,WH003,198,Overstock
RET003079,12-09-2024,MED050,WH009,18,Not Specified
RET003080,09-10-2024,MED005,WH001,170,Quality Issue
RET003081,09-09-2024,MED026,WH003,27,Damaged
RET003082,17-04-2025,MED011,WH005,195,Damaged
RET003083,03-05-2024,MED165,WH009,30,Expired
RET003084,13-12-2024,MED090,WH005,115,Expired
RET003085,09-06-2024,MED060,WH005,66,Expired
RET003086,20-04-2025,MED042,WH007,21,Quality Issue
RET003087,10-01-2025,MED046,WH009,158,Expired
RET003088,12-04-2025,MED169,WH008,78,Not Specified
RET003089,14-01-2024,MED069,WH010,104,Overstock
RET003090,19-12-2024,MED263,WH008,193,Customer Return
RET003091,08-10-2024,MED197,WH005,107,Damaged
RET003092,20-04-2025,MED157,WH007,142,Wrong Product
RET003093,27-06-2024,MED193,WH001,31,Quality Issue
RET003094,20-02-2024,MED248,WH002,100,Customer Return
RET003095,09-05-2025,MED046,WH005,23,Expired
RET003096,29-02-2024,MED279,WH004,34,Expired
RET003097,17-08-2024,MED200,WH003,57,Overstock
RET003098,11-06-2025,MED067,WH003,178,Not Specified
RET003099,21-02-2024,MED028,WH007,33,Expired
RET003100,14-11-2024,MED260,WH001,176,Wrong Product
RET003101,26-01-2024,MED229,WH001,109,Damaged
RET003102,12-04-2024,MED026,WH003,183,Overstock
RET003103,08-03-2024,MED082,WH010,90,Damaged
RET003104,30-09-2024,MED035,WH009,154,Overstock
RET003105,19-05-2025,MED040,WH006,42,Damaged
RET003106,21-06-2024,MED025,WH008,154,Wrong Product
RET003107,27-04-2024,MED162,WH002,129,Expired
RET003108,28-05-2024,MED138,WH001,156,Quality Issue
RET003109,16-07-2024,MED115,WH003,125,Customer Return
RET003110,18-02-2024,MED283,WH008,68,Wrong Product
RET003111,22-02-2025,MED132,WH003,137,Wrong Product
RET003112,09-03-2025,MED104,WH002,117,Expired
RET003113,14-12-2024,MED117,WH005,84,Wrong Product
RET003114,31-10-2024,MED230,WH008,15,Customer Return
RET003115,29-07-2024,MED001,WH010,166,Wrong Product
RET003116,25-02-2025,MED044,WH007,141,Quality Issue
RET003117,20-05-2025,MED167,WH008,15,Damaged
RET003118,02-05-2025,MED294,WH008,38,Damaged
RET003119,15-05-2024,MED059,WH008,28,Overstock
RET003120,06-08-2024,MED287,WH010,190,Wrong Product
RET003121,25-02-2025,MED225,WH005,167,Damaged
RET003122,08-12-2024,MED084,WH009,127,Quality Issue
RET003123,27-12-2024,MED167,WH010,133,Overstock
RET003124,12-05-2024,MED170,WH005,62,Quality Issue
RET003125,17-02-2024,MED044,WH007,73,Overstock
RET003126,10-03-2024,MED103,WH008,108,Overstock
RET003127,28-08-2024,MED208,WH009,49,Customer Return
RET003128,09-03-2025,MED137,WH009,33,Expired
RET003129,09-04-2024,MED039,WH001,104,Expired
RET003130,07-07-2024,MED027,WH002,65,Damaged
RET003131,13-12-2024,MED076,WH006,192,Damaged
RET003132,04-06-2024,MED159,WH005,159,Expired
RET003133,04-09-2024,MED289,WH002,25,Damaged
RET003134,07-07-2024,MED211,WH002,155,Quality Issue
RET003135,14-01-2024,MED070,WH007,51,Customer Return
RET003136,06-06-2025,MED005,WH007,166,Expired
RET003137,13-07-2024,MED180,WH006,68,Wrong Product
RET003138,14-04-2024,MED050,WH001,194,Expired
RET003139,06-06-2024,MED014,WH009,23,Overstock
RET003140,18-10-2024,MED202,WH003,144,Overstock
RET003141,01-07-2024,MED198,WH009,52,Overstock
RET003142,27-08-2024,MED275,WH001,12,Quality Issue
RET003143,18-03-2024,MED253,WH005,68,Wrong Product
RET003144,08-05-2024,MED247,WH004,72,Quality Issue
RET003145,31-07-2024,MED021,WH005,65,Expired
RET003146,01-10-2024,MED285,WH008,28,Wrong Product
RET003147,11-08-2024,MED222,WH001,22,Overstock
RET003148,22-01-2024,MED157,WH003,159,Damaged
RET003149,11-09-2024,MED256,WH004,23,Overstock
RET003150,06-06-2024,MED184,WH001,103,Expired
RET003151,05-11-2024,MED123,WH004,39,Customer Return
RET003152,06-10-2024,MED015,WH010,147,Expired
RET003153,19-03-2024,MED090,WH007,187,Not Specified
RET003154,25-10-2024,MED287,WH002,114,Damaged
RET003155,18-05-2025,MED061,WH001,85,Expired
RET003156,16-12-2024,MED288,WH001,99,Damaged
RET003157,14-01-2025,MED140,WH003,182,Wrong Product
RET003158,13-06-2024,MED063,WH010,93,Customer Return
RET003159,25-05-2025,MED010,WH008,91,Customer Return
RET003160,19-01-2024,MED128,WH005,33,Expired
RET003161,20-07-2024,MED124,WH008,178,Customer Return
RET003162,25-01-2024,MED199,WH007,60,Wrong Product
RET003163,22-02-2024,MED250,WH002,24,Expired
RET003164,11-05-2025,MED124,WH001,99,Overstock
RET003165,28-11-2024,MED029,WH005,82,Wrong Product
RET003166,07-02-2024,MED283,WH010,155,Expired
RET003167,28-07-2024,MED073,WH006,70,Expired
RET003168,05-03-2024,MED293,WH003,46,Quality Issue
RET003169,24-01-2025,MED295,WH003,173,Wrong Product
RET003170,29-07-2024,MED149,WH001,35,Quality Issue
RET003171,11-11-2024,MED010,WH007,176,Damaged
RET003172,15-05-2025,MED226,WH007,42,Customer Return
RET003173,06-03-2024,MED080,WH006,109,Quality Issue
RET003174,02-01-2025,MED002,WH007,146,Expired
RET003175,15-01-2025,MED232,WH005,160,Expired
RET003176,17-05-2025,MED071,WH006,98,Damaged
RET003177,26-09-2024,MED091,WH009,189,Overstock
RET003178,11-04-2025,MED145,WH007,75,Damaged
RET003179,05-09-2024,MED059,WH005,124,Quality Issue
RET003180,09-07-2024,MED109,WH010,85,Customer Return
RET003181,09-11-2024,MED028,WH005,195,Customer Return
RET003182,31-01-2024,MED175,WH001,178,Overstock
RET003183,08-01-2025,MED210,WH008,194,Quality Issue
RET003184,30-03-2024,MED082,WH001,43,Overstock
RET003185,24-04-2025,MED268,WH001,133,Wrong Product
RET003186,02-08-2024,MED121,WH002,97,Overstock
RET003187,05-06-2025,MED001,WH004,67,Wrong Product
RET003188,25-06-2025,MED020,WH004,115,Damaged
RET003189,10-01-2025,MED085,WH008,60,Customer Return
RET003190,09-05-2025,MED027,WH004,46,Damaged
RET003191,08-02-2025,MED215,WH004,88,Overstock
RET003192,08-11-2024,MED284,WH004,41,Customer Return
RET003193,13-02-2025,MED147,WH001,44,Customer Return
RET003194,13-08-2024,MED249,WH001,116,Expired
RET003195,08-01-2025,MED084,WH002,9,Customer Return
RET003196,04-02-2024,MED036,WH009,102,Wrong Product
RET003197,19-07-2024,MED252,WH001,131,Expired
RET003198,18-08-2024,MED076,WH007,78,Expired
RET003199,28-05-2025,MED298,WH006,197,Wrong Product
RET003200,24-02-2025,MED035,WH010,41,Expired
RET003201,20-05-2024,MED182,WH002,148,Customer Return
RET003202,19-11-2024,MED076,WH009,109,Expired
RET003203,22-01-2025,MED225,WH007,26,Quality Issue
RET003204,28-09-2024,MED286,WH002,22,Wrong Product
RET003205,11-04-2025,MED014,WH003,87,Customer Return
RET003206,13-02-2025,MED172,WH003,155,Customer Return
RET003207,27-03-2024,MED154,WH004,200,Customer Return
RET003208,29-01-2025,MED097,WH008,100,Expired
RET003209,31-05-2024,MED195,WH007,98,Damaged
RET003210,25-02-2024,MED278,WH001,109,Wrong Product
RET003211,03-06-2024,MED245,WH003,173,Expired
RET003212,12-03-2024,MED270,WH009,89,Damaged
RET003213,14-04-2025,MED159,WH006,106,Overstock
RET003214,26-04-2025,MED213,WH004,105,Damaged
RET003215,23-09-2024,MED007,WH007,200,Damaged
RET003216,07-05-2025,MED218,WH002,21,Quality Issue
RET003217,01-03-2024,MED236,WH003,194,Overstock
RET003218,04-10-2024,MED143,WH009,166,Expired
RET003219,23-05-2024,MED274,WH004,124,Overstock
RET003220,17-03-2024,MED161,WH005,179,Overstock
RET003221,01-07-2024,MED031,WH010,183,Wrong Product
RET003222,21-05-2024,MED045,WH010,129,Damaged
RET003223,04-07-2024,MED066,WH004,16,Wrong Product
RET003224,19-10-2024,MED298,WH002,178,Expired
RET003225,16-01-2024,MED002,WH010,129,Wrong Product
RET003226,06-03-2025,MED166,WH006,91,Damaged
RET003227,03-05-2025,MED136,WH010,60,Expired
RET003228,23-06-2024,MED046,WH006,32,Damaged
RET003229,28-08-2024,MED255,WH009,20,Customer Return
RET003230,14-03-2024,MED058,WH005,108,Damaged
RET003231,21-04-2025,MED249,WH003,134,Overstock
RET003232,26-01-2025,MED287,WH007,22,Expired
RET003233,07-06-2024,MED127,WH002,128,Quality Issue
RET003234,17-12-2024,MED034,WH006,28,Expired
RET003235,25-05-2024,MED025,WH003,99,Customer Return
RET003236,27-09-2024,MED254,WH001,133,Quality Issue
RET003237,09-01-2024,MED010,WH003,179,Wrong Product
RET003238,10-04-2025,MED116,WH008,128,Wrong Product
RET003239,16-03-2025,MED297,WH006,69,Overstock
RET003240,27-06-2024,MED064,WH002,48,Customer Return
RET003241,19-05-2025,MED010,WH006,127,Damaged
RET003242,17-07-2024,MED133,WH004,67,Customer Return
RET003243,24-12-2024,MED251,WH001,165,Customer Return
RET003244,17-02-2024,MED028,WH003,39,Customer Return
RET003245,28-10-2024,MED287,WH002,58,Customer Return
RET003246,14-05-2024,MED291,WH009,64,Quality Issue
RET003247,15-01-2025,MED247,WH005,24,Wrong Product
RET003248,27-02-2024,MED280,WH009,104,Wrong Product
RET003249,18-02-2024,MED170,WH005,25,Damaged
RET003250,22-02-2024,MED261,WH001,152,Customer Return
RET003251,06-04-2024,MED031,WH010,200,Expired
RET003252,07-01-2025,MED030,WH008,172,Damaged
RET003253,01-03-2025,MED281,WH005,122,Expired
RET003254,06-05-2024,MED108,WH001,111,Damaged
RET003255,01-05-2024,MED242,WH009,108,Damaged
RET003256,20-10-2024,MED243,WH010,139,Damaged
RET003257,19-05-2024,MED293,WH003,165,Customer Return
RET003258,21-08-2024,MED194,WH008,98,Damaged
RET003259,10-10-2024,MED163,WH009,177,Quality Issue
RET003260,26-12-2024,MED113,WH002,198,Expired
RET003261,19-10-2024,MED202,WH004,86,Quality Issue
RET003262,22-06-2025,MED138,WH005,111,Customer Return
RET003263,20-05-2025,MED284,WH008,50,Quality Issue
RET003264,20-05-2024,MED031,WH007,77,Quality Issue
RET003265,20-02-2025,MED226,WH003,134,Wrong Product
RET003266,23-06-2024,MED246,WH010,71,Expired
RET003267,10-09-2024,MED106,WH006,129,Wrong Product
RET003268,25-10-2024,MED250,WH010,88,Wrong Product
RET003269,29-12-2024,MED275,WH009,99,Wrong Product
RET003270,01-12-2024,MED153,WH005,106,Damaged
RET003271,25-04-2025,MED075,WH002,35,Wrong Product
RET003272,09-01-2024,MED266,WH008,159,Quality Issue
RET003273,26-08-2024,MED225,WH005,131,Expired
RET003274,24-06-2024,MED081,WH005,91,Damaged
RET003275,16-05-2025,MED300,WH001,180,Damaged
RET003276,12-09-2024,MED172,WH009,183,Expired
RET003277,09-05-2024,MED102,WH002,144,Quality Issue
RET003278,10-02-2025,MED081,WH010,45,Damaged
RET003279,09-04-2024,MED064,WH005,191,Quality Issue
RET003280,08-10-2024,MED142,WH005,85,Expired
RET003281,23-04-2025,MED177,WH008,10,Customer Return
RET003282,05-02-2024,MED141,WH001,133,Customer Return
RET003283,17-09-2024,MED147,WH003,184,Wrong Product
RET003284,03-07-2024,MED032,WH010,40,Quality Issue
RET003285,17-11-2024,MED261,WH009,9,Quality Issue
RET003286,15-05-2025,MED238,WH002,153,Wrong Product
RET003287,17-10-2024,MED280,WH008,109,Expired
RET003288,08-06-2024,MED022,WH003,135,Quality Issue
RET003289,05-09-2024,MED076,WH006,48,Quality Issue
RET003290,01-02-2025,MED236,WH004,36,Expired
RET003291,05-11-2024,MED098,WH006,41,Damaged
RET003292,31-12-2024,MED017,WH008,125,Expired
RET003293,02-02-2025,MED076,WH001,92,Damaged
RET003294,18-08-2024,MED191,WH006,73,Wrong Product
RET003295,31-01-2024,MED044,WH005,19,Damaged
RET003296,07-02-2024,MED078,WH005,167,Customer Return
RET003297,30-04-2025,MED056,WH006,142,Damaged
RET003298,24-01-2025,MED234,WH009,180,Quality Issue
RET003299,11-12-2024,MED263,WH010,20,Customer Return
RET003300,03-03-2024,MED237,WH004,53,Wrong Product
RET003301,21-03-2024,MED065,WH001,128,Damaged
RET003302,04-04-2025,MED071,WH003,71,Damaged
RET003303,08-05-2024,MED090,WH004,177,Wrong Product
RET003304,12-04-2025,MED101,WH002,127,Wrong Product
RET003305,09-12-2024,MED147,WH002,55,Customer Return
RET003306,18-08-2024,MED214,WH003,111,Expired
RET003307,24-07-2024,MED259,WH009,179,Customer Return
RET003308,09-01-2025,MED087,WH010,29,Quality Issue
RET003309,01-12-2024,MED264,WH007,182,Quality Issue
RET003310,15-03-2025,MED284,WH008,28,Overstock
RET003311,27-04-2025,MED095,WH006,65,Damaged
RET003312,17-07-2024,MED054,WH002,11,Expired
RET003313,11-11-2024,MED273,WH002,152,Wrong Product
RET003314,08-09-2024,MED225,WH003,12,Customer Return
RET003315,31-07-2024,MED031,WH004,194,Expired
RET003316,12-05-2025,MED007,WH004,69,Overstock
RET003317,17-02-2024,MED188,WH002,53,Quality Issue
RET003318,05-04-2024,MED007,WH005,104,Overstock
RET003319,07-10-2024,MED106,WH004,105,Quality Issue
RET003320,01-12-2024,MED017,WH005,24,Expired
RET003321,31-05-2025,MED208,WH003,13,Overstock
RET003322,28-09-2024,MED093,WH005,77,Customer Return
RET003323,20-05-2025,MED138,WH010,173,Quality Issue
RET003324,31-01-2025,MED242,WH007,118,Damaged
RET003325,05-04-2024,MED236,WH002,39,Quality Issue
RET003326,13-07-2024,MED259,WH005,124,Damaged
RET003327,23-08-2024,MED214,WH007,17,Customer Return
RET003328,26-01-2025,MED098,WH010,130,Quality Issue
RET003329,24-03-2024,MED201,WH001,29,Expired
RET003330,17-05-2024,MED138,WH006,140,Overstock
RET003331,05-12-2024,MED195,WH004,146,Wrong Product
RET003332,26-05-2024,MED233,WH005,131,Damaged
RET003333,21-03-2024,MED122,WH007,9,Quality Issue
RET003334,05-06-2024,MED177,WH007,178,Customer Return
RET003335,28-04-2024,MED124,WH009,37,Damaged
RET003336,04-12-2024,MED037,WH004,76,Wrong Product
RET003337,05-03-2024,MED010,WH005,130,Wrong Product
RET003338,26-04-2025,MED153,WH006,88,Overstock
RET003339,19-02-2025,MED057,WH006,54,Not Specified
RET003340,13-06-2025,MED095,WH008,104,Quality Issue
RET003341,21-01-2024,MED169,WH006,140,Overstock
RET003342,02-02-2025,MED242,WH010,151,Quality Issue
RET003343,03-06-2024,MED128,WH005,130,Damaged
RET003344,07-01-2024,MED114,WH003,94,Quality Issue
RET003345,09-09-2024,MED299,WH006,52,Wrong Product
RET003346,22-11-2024,MED012,WH001,131,Damaged
RET003347,31-05-2025,MED211,WH003,87,Customer Return
RET003348,13-03-2024,MED053,WH002,197,Expired
RET003349,21-01-2025,MED295,WH008,117,Damaged
RET003350,07-01-2024,MED147,WH001,58,Damaged
RET003351,09-11-2024,MED136,WH006,8,Overstock
RET003352,28-12-2024,MED171,WH004,156,Quality Issue
RET003353,29-03-2024,MED191,WH005,119,Expired
RET003354,08-05-2025,MED169,WH002,139,Quality Issue
RET003355,10-12-2024,MED226,WH002,20,Not Specified
RET003356,15-02-2024,MED279,WH008,156,Customer Return
RET003357,25-06-2025,MED206,WH006,119,Overstock
RET003358,09-02-2025,MED106,WH006,75,Customer Return
RET003359,21-09-2024,MED025,WH001,166,Overstock
RET003360,01-06-2024,MED066,WH008,123,Expired
RET003361,16-05-2025,MED212,WH002,34,Quality Issue
RET003362,20-11-2024,MED081,WH006,137,Expired
RET003363,11-03-2025,MED208,WH006,143,Wrong Product
RET003364,04-04-2024,MED131,WH010,67,Quality Issue
RET003365,03-02-2025,MED018,WH004,159,Damaged
RET003366,21-08-2024,MED236,WH004,65,Customer Return
RET003367,26-09-2024,MED099,WH006,149,Quality Issue
RET003368,20-05-2025,MED105,WH001,120,Overstock
RET003369,05-05-2024,MED132,WH002,155,Quality Issue
RET003370,20-09-2024,MED141,WH007,198,Expired
RET003371,26-06-2024,MED113,WH008,173,Customer Return
RET003372,12-10-2024,MED240,WH002,98,Quality Issue
RET003373,11-11-2024,MED151,WH009,27,Quality Issue
RET003374,10-01-2024,MED261,WH007,171,Damaged
RET003375,29-06-2025,MED093,WH001,134,Customer Return
RET003376,02-01-2025,MED069,WH003,121,Damaged
RET003377,01-07-2024,MED212,WH001,164,Wrong Product
RET003378,16-05-2024,MED023,WH007,35,Quality Issue
RET003379,12-06-2024,MED153,WH009,182,Damaged
RET003380,26-02-2024,MED152,WH007,61,Overstock
RET003381,24-08-2024,MED164,WH002,83,Customer Return
RET003382,10-04-2024,MED102,WH002,115,Customer Return
RET003383,24-06-2024,MED037,WH001,93,Quality Issue
RET003384,08-03-2025,MED126,WH007,112,Wrong Product
RET003385,23-05-2025,MED111,WH008,64,Customer Return
RET003386,21-07-2024,MED211,WH003,59,Damaged
RET003387,12-05-2024,MED226,WH007,193,Customer Return
RET003388,29-11-2024,MED217,WH005,196,Damaged
RET003389,10-04-2025,MED154,WH008,41,Overstock
RET003390,19-05-2025,MED182,WH004,165,Quality Issue
RET003391,15-06-2024,MED003,WH009,73,Quality Issue
RET003392,01-01-2025,MED140,WH001,128,Quality Issue
RET003393,24-05-2024,MED158,WH007,196,Expired
RET003394,03-04-2024,MED085,WH004,85,Wrong Product
RET003395,22-04-2025,MED091,WH003,64,Wrong Product
RET003396,30-01-2025,MED062,WH003,127,Customer Return
RET003397,16-06-2024,MED245,WH009,116,Damaged
RET003398,14-12-2024,MED127,WH010,138,Customer Return
RET003399,14-12-2024,MED294,WH007,6,Customer Return
RET003400,02-10-2024,MED255,WH007,112,Damaged
RET003401,17-02-2024,MED108,WH001,141,Wrong Product
RET003402,21-04-2025,MED139,WH007,33,Damaged
RET003403,08-05-2025,MED068,WH008,162,Overstock
RET003404,31-10-2024,MED138,WH010,63,Wrong Product
RET003405,24-08-2024,MED008,WH010,169,Not Specified
RET003406,15-08-2024,MED013,WH007,41,Quality Issue
RET003407,16-02-2025,MED059,WH008,126,Expired
RET003408,30-12-2024,MED166,WH010,71,Wrong Product
RET003409,01-08-2024,MED176,WH007,48,Expired
RET003410,16-10-2024,MED132,WH006,20,Overstock
RET003411,26-02-2025,MED072,WH010,87,Overstock
RET003412,30-11-2024,MED047,WH006,40,Expired
RET003413,07-05-2025,MED053,WH007,66,Damaged
RET003414,23-05-2025,MED049,WH002,122,Customer Return
RET003415,05-07-2024,MED267,WH008,120,Wrong Product
RET003416,07-02-2025,MED235,WH005,94,Wrong Product
RET003417,02-01-2024,MED016,WH001,157,Customer Return
RET003418,16-01-2025,MED198,WH006,192,Quality Issue
RET003419,02-06-2024,MED105,WH009,180,Damaged
RET003420,30-01-2024,MED134,WH004,77,Customer Return
RET003421,16-05-2025,MED011,WH010,197,Overstock
RET003422,03-05-2025,MED113,WH010,32,Damaged
RET003423,08-09-2024,MED239,WH006,14,Overstock
RET003424,22-05-2024,MED126,WH005,148,Customer Return
RET003425,18-06-2024,MED039,WH001,136,Quality Issue
RET003426,14-12-2024,MED170,WH006,135,Customer Return
RET003427,29-09-2024,MED125,WH007,22,Customer Return
RET003428,24-01-2025,MED197,WH007,161,Quality Issue
RET003429,02-10-2024,MED283,WH010,125,Customer Return
RET003430,13-10-2024,MED287,WH010,141,Overstock
RET003431,24-12-2024,MED173,WH008,166,Expired
RET003432,07-06-2024,MED253,WH010,85,Customer Return
RET003433,23-02-2024,MED159,WH010,131,Wrong Product
RET003434,14-11-2024,MED126,WH009,140,Overstock
RET003435,13-05-2025,MED278,WH004,102,Expired
RET003436,01-03-2024,MED128,WH003,64,Customer Return
RET003437,14-07-2024,MED108,WH009,171,Wrong Product
RET003438,19-10-2024,MED001,WH002,103,Expired
RET003439,22-04-2025,MED125,WH004,191,Quality Issue
RET003440,27-04-2025,MED121,WH004,101,Expired
RET003441,26-05-2025,MED198,WH006,104,Overstock
RET003442,02-04-2024,MED158,WH002,109,Customer Return
RET003443,08-08-2024,MED199,WH004,61,Wrong Product
RET003444,31-05-2025,MED076,WH010,7,Damaged
RET003445,05-04-2024,MED297,WH007,81,Damaged
RET003446,06-04-2024,MED093,WH007,31,Customer Return
RET003447,07-02-2024,MED165,WH007,185,Quality Issue
RET003448,16-01-2024,MED269,WH007,161,Wrong Product
RET003449,01-07-2024,MED152,WH003,15,Damaged
RET003450,05-10-2024,MED198,WH004,199,Overstock
RET003451,23-05-2025,MED041,WH009,196,Quality Issue
RET003452,09-01-2025,MED129,WH003,20,Quality Issue
RET003453,29-06-2025,MED284,WH004,53,Overstock
RET003454,29-06-2025,MED284,WH003,44,Expired
RET003455,29-01-2025,MED193,WH005,29,Expired
RET003456,04-05-2025,MED032,WH003,14,Expired
RET003457,04-03-2024,MED011,WH005,165,Wrong Product
RET003458,22-03-2025,MED047,WH005,76,Damaged
RET003459,13-07-2024,MED199,WH010,153,Expired
RET003460,14-02-2024,MED269,WH008,183,Damaged
RET003461,18-01-2024,MED220,WH008,21,Quality Issue
RET003462,18-04-2024,MED135,WH007,124,Damaged
RET003463,20-01-2025,MED213,WH010,74,Wrong Product
RET003464,08-09-2024,MED027,WH002,171,Quality Issue
RET003465,16-02-2024,MED104,WH006,143,Quality Issue
RET003466,07-09-2024,MED258,WH005,84,Customer Return
RET003467,10-01-2025,MED071,WH007,144,Wrong Product
RET003468,10-11-2024,MED008,WH004,175,Expired
RET003469,25-03-2024,MED268,WH009,151,Overstock
RET003470,17-05-2024,MED203,WH006,143,Quality Issue
RET003471,08-01-2024,MED108,WH009,173,Expired
RET003472,15-11-2024,MED154,WH002,195,Quality Issue
RET003473,29-10-2024,MED063,WH004,180,Wrong Product
RET003474,08-03-2024,MED087,WH007,105,Customer Return
RET003475,17-06-2024,MED113,WH001,157,Expired
RET003476,23-02-2024,MED061,WH005,44,Not Specified
RET003477,11-12-2024,MED261,WH006,115,Expired
RET003478,14-05-2025,MED039,WH001,23,Overstock
RET003479,23-05-2024,MED049,WH007,176,Quality Issue
RET003480,02-06-2024,MED115,WH009,60,Wrong Product
RET003481,28-04-2025,MED126,WH009,115,Overstock
RET003482,15-06-2024,MED241,WH005,54,Wrong Product
RET003483,29-03-2025,MED181,WH002,38,Quality Issue
RET003484,29-04-2025,MED013,WH008,73,Overstock
RET003485,03-10-2024,MED072,WH009,140,Overstock
RET003486,04-12-2024,MED068,WH008,171,Expired
RET003487,23-04-2024,MED142,WH003,136,Quality Issue
RET003488,24-02-2025,MED045,WH004,160,Damaged
RET003489,28-01-2024,MED286,WH006,70,Wrong Product
RET003490,03-01-2025,MED112,WH007,17,Customer Return
RET003491,13-05-2024,MED165,WH008,128,Wrong Product
RET003492,17-03-2025,MED064,WH006,121,Overstock
RET003493,27-09-2024,MED142,WH008,111,Customer Return
RET003494,06-01-2024,MED183,WH001,90,Expired
RET003495,18-06-2024,MED015,WH010,75,Expired
RET003496,13-06-2025,MED143,WH004,84,Damaged
RET003497,17-02-2025,MED017,WH009,143,Wrong Product
RET003498,09-05-2025,MED260,WH003,111,Customer Return
RET003499,03-11-2024,MED090,WH005,68,Wrong Product
RET003500,22-02-2024,MED113,WH002,181,Wrong Product
RET003501,18-12-2024,MED178,WH007,69,Damaged
RET003502,10-06-2025,MED256,WH003,190,Customer Return
RET003503,03-04-2025,MED270,WH009,131,Customer Return
RET003504,21-06-2025,MED044,WH005,17,Expired
RET003505,11-03-2025,MED273,WH009,17,Overstock
RET003506,19-01-2024,MED267,WH007,92,Quality Issue
RET003507,22-02-2025,MED181,WH006,72,Damaged
RET003508,09-08-2024,MED239,WH007,143,Damaged
RET003509,20-09-2024,MED044,WH002,194,Overstock
RET003510,25-11-2024,MED296,WH010,34,Quality Issue
RET003511,24-06-2024,MED146,WH005,19,Wrong Product
RET003512,14-06-2024,MED060,WH009,145,Damaged
RET003513,10-03-2025,MED128,WH007,74,Overstock
RET003514,09-10-2024,MED097,WH009,170,Damaged
RET003515,22-02-2025,MED180,WH004,195,Customer Return
RET003516,22-04-2025,MED272,WH002,155,Wrong Product
RET003517,04-01-2024,MED157,WH009,33,Customer Return
RET003518,21-05-2025,MED091,WH003,40,Damaged
RET003519,18-04-2025,MED274,WH007,61,Overstock
RET003520,27-09-2024,MED215,WH005,162,Customer Return
RET003521,06-09-2024,MED160,WH008,12,Expired
RET003522,08-02-2025,MED094,WH003,70,Customer Return
RET003523,09-01-2024,MED062,WH009,82,Customer Return
RET003524,20-05-2024,MED011,WH006,18,Expired
RET003525,13-11-2024,MED233,WH002,143,Customer Return
RET003526,08-10-2024,MED225,WH007,24,Damaged
RET003527,20-02-2025,MED037,WH005,89,Expired
RET003528,23-06-2025,MED145,WH006,118,Expired
RET003529,21-06-2024,MED128,WH009,102,Quality Issue
RET003530,18-02-2024,MED065,WH001,170,Damaged
RET003531,17-06-2025,MED087,WH001,154,Damaged
RET003532,30-05-2024,MED292,WH002,175,Quality Issue
RET003533,10-08-2024,MED158,WH002,189,Customer Return
RET003534,13-06-2024,MED235,WH004,62,Overstock
RET003535,05-02-2024,MED008,WH007,7,Expired
RET003536,23-02-2024,MED272,WH003,67,Damaged
RET003537,20-04-2024,MED295,WH004,45,Expired
RET003538,21-07-2024,MED220,WH003,31,Damaged
RET003539,28-05-2025,MED093,WH007,146,Overstock
RET003540,26-09-2024,MED030,WH010,141,Quality Issue
RET003541,10-02-2024,MED141,WH001,123,Overstock
RET003542,24-03-2025,MED190,WH004,189,Wrong Product
RET003543,03-04-2025,MED202,WH004,43,Expired
RET003544,14-06-2025,MED208,WH001,16,Quality Issue
RET003545,26-01-2024,MED268,WH004,112,Quality Issue
RET003546,16-04-2024,MED234,WH003,77,Quality Issue
RET003547,17-09-2024,MED016,WH005,133,Expired
RET003548,15-09-2024,MED234,WH010,50,Customer Return
RET003549,26-09-2024,MED147,WH006,36,Expired
RET003550,08-07-2024,MED180,WH008,194,Quality Issue
RET003551,15-08-2024,MED152,WH009,163,Expired
RET003552,12-09-2024,MED077,WH001,80,Expired
RET003553,28-01-2024,MED010,WH001,66,Expired
RET003554,24-06-2025,MED002,WH002,39,Customer Return
RET003555,01-02-2024,MED030,WH006,17,Quality Issue
RET003556,22-04-2024,MED103,WH002,165,Customer Return
RET003557,06-02-2024,MED054,WH008,7,Overstock
RET003558,13-10-2024,MED026,WH004,104,Overstock
RET003559,12-11-2024,MED299,WH007,125,Expired
RET003560,13-07-2024,MED206,WH002,75,Overstock
RET003561,23-01-2024,MED111,WH009,80,Quality Issue
RET003562,11-01-2024,MED163,WH007,5,Damaged
RET003563,26-01-2024,MED208,WH002,165,Expired
RET003564,05-04-2024,MED033,WH009,105,Wrong Product
RET003565,21-04-2025,MED113,WH003,178,Expired
RET003566,21-05-2025,MED013,WH010,20,Customer Return
RET003567,03-06-2024,MED165,WH001,49,Damaged
RET003568,09-12-2024,MED075,WH004,173,Overstock
RET003569,07-02-2025,MED047,WH010,160,Overstock
RET003570,07-06-2025,MED104,WH010,124,Wrong Product
RET003571,27-06-2024,MED079,WH007,30,Expired
RET003572,18-03-2024,MED151,WH007,159,Expired
RET003573,30-12-2024,MED149,WH001,21,Quality Issue
RET003574,18-10-2024,MED066,WH005,21,Customer Return
RET003575,02-10-2024,MED121,WH001,146,Expired
RET003576,25-05-2024,MED242,WH002,148,Wrong Product
RET003577,04-06-2024,MED058,WH006,166,Customer Return
RET003578,08-11-2024,MED035,WH009,181,Damaged
RET003579,27-02-2024,MED059,WH007,165,Customer Return
RET003580,24-06-2024,MED097,WH008,133,Overstock
RET003581,04-03-2024,MED070,WH002,186,Quality Issue
RET003582,09-06-2024,MED035,WH010,164,Wrong Product
RET003583,05-02-2025,MED267,WH001,109,Overstock
RET003584,11-04-2024,MED052,WH009,23,Quality Issue
RET003585,20-10-2024,MED247,WH001,102,Wrong Product
RET003586,26-01-2024,MED077,WH010,15,Wrong Product
RET003587,18-03-2024,MED074,WH005,78,Expired
RET003588,27-06-2025,MED296,WH008,146,Damaged
RET003589,06-03-2024,MED129,WH005,104,Expired
RET003590,09-07-2024,MED159,WH008,36,Expired
RET003591,29-04-2024,MED157,WH001,11,Damaged
RET003592,05-10-2024,MED254,WH003,141,Wrong Product
RET003593,14-04-2025,MED296,WH004,48,Expired
RET003594,26-12-2024,MED003,WH003,176,Overstock
RET003595,25-01-2025,MED162,WH006,70,Quality Issue
RET003596,10-11-2024,MED080,WH003,71,Wrong Product
RET003597,01-01-2024,MED161,WH004,108,Overstock
RET003598,09-02-2025,MED189,WH010,37,Expired
RET003599,21-05-2025,MED095,WH004,135,Wrong Product
RET003600,11-11-2024,MED261,WH004,57,Quality Issue
RET003601,11-01-2024,MED055,WH008,54,Not Specified
RET003602,07-01-2024,MED062,WH005,178,Damaged
RET003603,18-05-2025,MED220,WH006,133,Customer Return
RET003604,02-08-2024,MED176,WH007,156,Wrong Product
RET003605,19-01-2024,MED050,WH001,131,Quality Issue
RET003606,22-05-2025,MED141,WH003,45,Expired
RET003607,17-06-2024,MED198,WH001,146,Overstock
RET003608,19-01-2024,MED023,WH006,116,Customer Return
RET003609,27-11-2024,MED024,WH004,11,Expired
RET003610,09-07-2024,MED109,WH007,74,Expired
RET003611,28-03-2025,MED196,WH009,11,Quality Issue
RET003612,14-12-2024,MED214,WH003,45,Quality Issue
RET003613,02-04-2025,MED129,WH009,104,Customer Return
RET003614,28-02-2024,MED025,WH006,129,Overstock
RET003615,20-03-2025,MED219,WH001,89,Overstock
RET003616,22-06-2025,MED095,WH001,152,Customer Return
RET003617,12-06-2025,MED035,WH008,118,Quality Issue
RET003618,08-07-2024,MED241,WH005,117,Quality Issue
RET003619,17-06-2024,MED133,WH008,12,Quality Issue
RET003620,12-03-2024,MED181,WH002,5,Quality Issue
RET003621,15-12-2024,MED087,WH005,117,Customer Return
RET003622,29-05-2024,MED029,WH007,60,Damaged
RET003623,11-05-2025,MED008,WH001,68,Overstock
RET003624,16-12-2024,MED099,WH010,190,Overstock
RET003625,10-04-2025,MED237,WH002,39,Quality Issue
RET003626,26-04-2025,MED065,WH007,96,Damaged
RET003627,28-05-2025,MED214,WH004,96,Damaged
RET003628,30-01-2024,MED061,WH005,54,Overstock
RET003629,13-10-2024,MED282,WH008,133,Customer Return
RET003630,12-08-2024,MED129,WH004,195,Not Specified
RET003631,12-04-2025,MED158,WH001,49,Customer Return
RET003632,09-10-2024,MED058,WH004,176,Expired
RET003633,31-10-2024,MED105,WH009,175,Damaged
RET003634,10-12-2024,MED274,WH001,93,Quality Issue
RET003635,16-04-2025,MED031,WH010,62,Damaged
RET003636,28-01-2025,MED163,WH009,77,Quality Issue
RET003637,01-02-2025,MED300,WH007,37,Customer Return
RET003638,07-01-2025,MED229,WH007,140,Wrong Product
RET003639,03-04-2024,MED019,WH003,18,Wrong Product
RET003640,21-04-2024,MED070,WH003,39,Damaged
RET003641,09-09-2024,MED281,WH010,116,Damaged
RET003642,18-03-2024,MED126,WH008,69,Wrong Product
RET003643,16-05-2024,MED043,WH004,186,Damaged
RET003644,04-07-2024,MED212,WH008,167,Customer Return
RET003645,10-11-2024,MED294,WH009,184,Quality Issue
RET003646,21-05-2025,MED267,WH007,122,Wrong Product
RET003647,27-08-2024,MED298,WH005,25,Overstock
RET003648,19-12-2024,MED007,WH007,96,Expired
RET003649,09-06-2025,MED135,WH004,31,Overstock
RET003650,14-01-2024,MED231,WH005,11,Customer Return
RET003651,22-01-2024,MED014,WH007,192,Overstock
RET003652,26-08-2024,MED238,WH001,114,Overstock
RET003653,03-05-2024,MED205,WH010,88,Wrong Product
RET003654,05-07-2024,MED171,WH002,188,Overstock
RET003655,31-05-2025,MED148,WH008,47,Quality Issue
RET003656,14-04-2024,MED192,WH002,18,Customer Return
RET003657,18-01-2024,MED174,WH010,135,Customer Return
RET003658,06-08-2024,MED270,WH003,88,Expired
RET003659,16-03-2025,MED278,WH008,173,Overstock
RET003660,16-01-2025,MED170,WH009,76,Overstock
RET003661,29-11-2024,MED157,WH005,173,Expired
RET003662,20-02-2025,MED201,WH003,138,Expired
RET003663,30-07-2024,MED203,WH007,64,Customer Return
RET003664,05-06-2024,MED280,WH007,112,Customer Return
RET003665,24-03-2025,MED233,WH004,61,Expired
RET003666,26-06-2025,MED116,WH001,85,Overstock
RET003667,19-02-2025,MED009,WH004,134,Customer Return
RET003668,06-04-2025,MED141,WH003,135,Quality Issue
RET003669,06-12-2024,MED189,WH007,166,Damaged
RET003670,04-11-2024,MED031,WH006,151,Not Specified
RET003671,13-02-2024,MED001,WH006,9,Overstock
RET003672,09-02-2025,MED064,WH005,9,Overstock
RET003673,22-09-2024,MED105,WH008,24,Overstock
RET003674,09-03-2025,MED159,WH002,69,Quality Issue
RET003675,04-05-2025,MED242,WH002,12,Not Specified
RET003676,29-01-2025,MED248,WH001,194,Damaged
RET003677,11-04-2024,MED205,WH007,100,Wrong Product
RET003678,14-05-2024,MED079,WH001,53,Customer Return
RET003679,19-01-2024,MED010,WH005,125,Quality Issue
RET003680,27-03-2025,MED086,WH005,29,Quality Issue
RET003681,14-05-2024,MED048,WH004,142,Quality Issue
RET003682,17-11-2024,MED092,WH003,192,Expired
RET003683,05-07-2024,MED214,WH001,34,Damaged
RET003684,15-10-2024,MED062,WH001,179,Damaged
RET003685,14-01-2025,MED225,WH010,163,Damaged
RET003686,15-02-2025,MED019,WH001,156,Quality Issue
RET003687,21-05-2025,MED267,WH003,143,Damaged
RET003688,21-10-2024,MED266,WH005,187,Overstock
RET003689,22-05-2024,MED222,WH004,11,Wrong Product
RET003690,15-09-2024,MED203,WH010,121,Expired
RET003691,09-08-2024,MED216,WH003,52,Damaged
RET003692,26-02-2024,MED290,WH008,104,Damaged
RET003693,27-05-2024,MED243,WH007,35,Damaged
RET003694,27-02-2025,MED088,WH009,121,Wrong Product
RET003695,13-01-2024,MED022,WH005,96,Quality Issue
RET003696,30-05-2025,MED233,WH004,167,Wrong Product
RET003697,19-06-2025,MED176,WH001,40,Customer Return
RET003698,18-09-2024,MED081,WH006,20,Customer Return
RET003699,22-03-2025,MED111,WH004,193,Quality Issue
RET003700,24-09-2024,MED052,WH004,198,Quality Issue
RET003701,07-08-2024,MED191,WH001,96,Expired
RET003702,24-01-2025,MED060,WH007,44,Quality Issue
RET003703,02-03-2025,MED033,WH005,96,Customer Return
RET003704,14-08-2024,MED120,WH007,18,Overstock
RET003705,31-05-2025,MED249,WH010,175,Customer Return
RET003706,25-03-2025,MED105,WH008,71,Customer Return
RET003707,31-05-2024,MED256,WH005,8,Customer Return
RET003708,15-05-2025,MED039,WH003,120,Overstock
RET003709,31-05-2024,MED248,WH010,18,Overstock
RET003710,10-04-2025,MED228,WH010,20,Quality Issue
RET003711,30-08-2024,MED233,WH003,93,Quality Issue
RET003712,26-01-2025,MED236,WH008,63,Overstock
RET003713,26-01-2024,MED164,WH002,56,Overstock
RET003714,20-05-2024,MED120,WH001,143,Overstock
RET003715,06-03-2025,MED061,WH005,70,Wrong Product
RET003716,17-04-2024,MED214,WH008,156,Customer Return
RET003717,08-03-2024,MED134,WH005,146,Wrong Product
RET003718,08-03-2024,MED296,WH004,51,Quality Issue
RET003719,15-08-2024,MED298,WH009,83,Wrong Product
RET003720,04-02-2024,MED097,WH005,10,Expired
RET003721,13-03-2024,MED113,WH004,191,Damaged
RET003722,09-05-2025,MED036,WH008,175,Wrong Product
RET003723,07-10-2024,MED168,WH009,15,Customer Return
RET003724,20-06-2024,MED168,WH002,54,Overstock
RET003725,23-01-2024,MED169,WH004,162,Wrong Product
RET003726,12-08-2024,MED231,WH007,166,Expired
RET003727,01-02-2025,MED081,WH001,17,Wrong Product
RET003728,18-03-2025,MED176,WH010,94,Damaged
RET003729,14-04-2025,MED121,WH005,71,Wrong Product
RET003730,10-04-2024,MED114,WH010,80,Overstock
RET003731,01-12-2024,MED047,WH009,116,Wrong Product
RET003732,29-01-2025,MED108,WH004,76,Damaged
RET003733,20-08-2024,MED034,WH001,173,Customer Return
RET003734,30-01-2024,MED218,WH005,70,Customer Return
RET003735,25-11-2024,MED103,WH006,156,Expired
RET003736,29-05-2024,MED222,WH009,181,Quality Issue
RET003737,26-05-2025,MED030,WH005,86,Damaged
RET003738,27-03-2024,MED218,WH007,184,Overstock
RET003739,06-06-2025,MED205,WH004,70,Customer Return
RET003740,09-06-2025,MED061,WH010,107,Wrong Product
RET003741,17-04-2024,MED293,WH004,156,Quality Issue
RET003742,07-04-2025,MED043,WH006,57,Damaged
RET003743,15-10-2024,MED228,WH008,34,Wrong Product
RET003744,27-10-2024,MED087,WH006,91,Damaged
RET003745,29-07-2024,MED041,WH006,104,Expired
RET003746,14-04-2025,MED178,WH010,85,Wrong Product
RET003747,20-05-2025,MED069,WH010,120,Wrong Product
RET003748,08-04-2024,MED290,WH004,87,Expired
RET003749,11-06-2025,MED002,WH008,47,Quality Issue
RET003750,23-01-2025,MED100,WH006,98,Wrong Product
RET003751,08-03-2024,MED082,WH003,70,Customer Return
RET003752,14-05-2025,MED017,WH009,141,Expired
RET003753,25-08-2024,MED008,WH008,87,Expired
RET003754,19-04-2024,MED186,WH005,22,Overstock
RET003755,18-01-2025,MED043,WH006,88,Overstock
RET003756,24-03-2025,MED206,WH003,176,Customer Return
RET003757,24-04-2024,MED219,WH010,173,Quality Issue
RET003758,13-02-2024,MED206,WH006,154,Customer Return
RET003759,23-04-2024,MED213,WH008,95,Wrong Product
RET003760,10-11-2024,MED047,WH007,45,Wrong Product
RET003761,24-08-2024,MED271,WH004,68,Damaged
RET003762,31-03-2024,MED105,WH008,105,Overstock
RET003763,06-04-2024,MED097,WH002,81,Overstock
RET003764,24-03-2025,MED071,WH010,168,Damaged
RET003765,01-11-2024,MED257,WH004,147,Customer Return
RET003766,02-04-2025,MED289,WH010,16,Expired
RET003767,29-12-2024,MED272,WH009,89,Wrong Product
RET003768,17-04-2024,MED005,WH008,52,Overstock
RET003769,10-09-2024,MED054,WH005,54,Wrong Product
RET003770,25-06-2025,MED048,WH009,98,Quality Issue
RET003771,01-11-2024,MED273,WH010,49,Damaged
RET003772,05-11-2024,MED273,WH004,54,Expired
RET003773,23-12-2024,MED109,WH002,56,Wrong Product
RET003774,25-02-2025,MED160,WH008,130,Damaged
RET003775,18-01-2025,MED195,WH007,45,Overstock
RET003776,13-01-2025,MED258,WH006,24,Quality Issue
RET003777,24-10-2024,MED289,WH007,14,Customer Return
RET003778,02-04-2024,MED178,WH007,112,Customer Return
RET003779,25-07-2024,MED235,WH009,199,Expired
RET003780,15-09-2024,MED178,WH009,42,Customer Return
RET003781,28-01-2024,MED088,WH001,183,Wrong Product
RET003782,19-09-2024,MED209,WH003,118,Overstock
RET003783,18-03-2025,MED224,WH007,108,Customer Return
RET003784,03-02-2024,MED072,WH004,144,Overstock
RET003785,14-07-2024,MED184,WH006,159,Damaged
RET003786,09-03-2024,MED217,WH003,72,Overstock
RET003787,06-08-2024,MED294,WH008,57,Damaged
RET003788,21-05-2025,MED231,WH004,145,Expired
RET003789,13-08-2024,MED154,WH008,6,Damaged
RET003790,01-01-2024,MED028,WH003,173,Quality Issue
RET003791,24-01-2024,MED242,WH010,146,Overstock
RET003792,04-02-2024,MED294,WH009,197,Quality Issue
RET003793,17-01-2025,MED142,WH005,44,Wrong Product
RET003794,26-02-2025,MED280,WH009,63,Damaged
RET003795,19-08-2024,MED056,WH001,136,Wrong Product
RET003796,03-03-2024,MED016,WH010,174,Quality Issue
RET003797,13-01-2024,MED157,WH004,67,Expired
RET003798,22-02-2024,MED150,WH007,30,Expired
RET003799,26-09-2024,MED221,WH004,90,Quality Issue
RET003800,15-01-2024,MED282,WH003,196,Quality Issue
RET003801,26-11-2024,MED077,WH007,144,Wrong Product
RET003802,20-01-2025,MED248,WH006,134,Overstock
RET003803,29-06-2025,MED098,WH004,35,Quality Issue
RET003804,03-12-2024,MED053,WH007,6,Customer Return
RET003805,08-01-2025,MED073,WH003,152,Damaged
RET003806,10-09-2024,MED057,WH004,47,Damaged
RET003807,23-12-2024,MED198,WH002,144,Damaged
RET003808,29-04-2024,MED189,WH001,9,Damaged
RET003809,05-05-2025,MED094,WH007,88,Customer Return
RET003810,24-04-2025,MED076,WH003,78,Customer Return
RET003811,02-07-2024,MED276,WH004,137,Expired
RET003812,05-06-2024,MED095,WH005,44,Damaged
RET003813,14-11-2024,MED225,WH001,158,Wrong Product
RET003814,24-06-2024,MED289,WH006,71,Overstock
RET003815,19-09-2024,MED178,WH001,67,Wrong Product
RET003816,19-08-2024,MED280,WH010,74,Overstock
RET003817,24-03-2024,MED205,WH009,57,Customer Return
RET003818,18-12-2024,MED124,WH005,164,Customer Return
RET003819,28-03-2024,MED024,WH006,192,Customer Return
RET003820,13-01-2024,MED031,WH004,189,Customer Return
RET003821,25-05-2024,MED297,WH002,114,Customer Return
RET003822,07-04-2025,MED053,WH010,93,Wrong Product
RET003823,17-10-2024,MED196,WH009,133,Quality Issue
RET003824,22-04-2025,MED271,WH001,6,Damaged
RET003825,05-06-2024,MED072,WH005,71,Expired
RET003826,15-02-2024,MED171,WH003,181,Customer Return
RET003827,26-02-2024,MED085,WH005,140,Customer Return
RET003828,13-09-2024,MED144,WH007,165,Expired
RET003829,20-02-2024,MED241,WH003,11,Customer Return
RET003830,21-10-2024,MED129,WH003,52,Wrong Product
RET003831,07-12-2024,MED082,WH003,108,Expired
RET003832,18-05-2024,MED145,WH010,33,Wrong Product
RET003833,17-06-2025,MED116,WH007,121,Wrong Product
RET003834,10-05-2025,MED172,WH008,7,Customer Return
RET003835,14-03-2024,MED060,WH005,58,Damaged
RET003836,12-04-2024,MED043,WH004,127,Quality Issue
RET003837,09-10-2024,MED061,WH006,25,Wrong Product
RET003838,26-03-2025,MED150,WH009,84,Not Specified
RET003839,18-12-2024,MED166,WH010,155,Damaged
RET003840,30-04-2025,MED200,WH006,192,Damaged
RET003841,20-04-2025,MED189,WH006,61,Quality Issue
RET003842,10-01-2024,MED271,WH005,63,Customer Return
RET003843,11-03-2024,MED140,WH008,152,Overstock
RET003844,21-08-2024,MED112,WH003,6,Quality Issue
RET003845,29-11-2024,MED077,WH003,130,Quality Issue
RET003846,27-03-2024,MED139,WH009,119,Overstock
RET003847,09-06-2024,MED149,WH005,7,Wrong Product
RET003848,12-06-2024,MED057,WH006,38,Damaged
RET003849,10-08-2024,MED286,WH004,126,Wrong Product
RET003850,27-02-2024,MED167,WH010,196,Wrong Product
RET003851,25-04-2024,MED035,WH002,74,Wrong Product
RET003852,29-10-2024,MED074,WH003,172,Expired
RET003853,07-12-2024,MED267,WH006,166,Wrong Product
RET003854,31-08-2024,MED113,WH007,161,Customer Return
RET003855,25-01-2025,MED097,WH005,38,Quality Issue
RET003856,19-03-2025,MED136,WH010,10,Wrong Product
RET003857,15-04-2024,MED191,WH007,130,Damaged
RET003858,23-02-2024,MED119,WH001,19,Customer Return
RET003859,15-06-2025,MED284,WH010,176,Quality Issue
RET003860,02-11-2024,MED211,WH009,188,Damaged
RET003861,25-07-2024,MED063,WH006,30,Quality Issue
RET003862,02-01-2024,MED147,WH010,115,Expired
RET003863,04-06-2024,MED169,WH002,124,Overstock
RET003864,12-02-2024,MED181,WH004,65,Wrong Product
RET003865,01-02-2024,MED280,WH004,162,Damaged
RET003866,11-06-2024,MED058,WH003,81,Quality Issue
RET003867,20-05-2025,MED021,WH009,73,Overstock
RET003868,07-12-2024,MED065,WH008,195,Overstock
RET003869,13-04-2025,MED251,WH008,81,Not Specified
RET003870,09-08-2024,MED219,WH006,39,Damaged
RET003871,15-10-2024,MED032,WH003,181,Damaged
RET003872,17-02-2025,MED080,WH003,79,Damaged
RET003873,20-02-2025,MED262,WH005,10,Damaged
RET003874,07-05-2025,MED249,WH004,139,Damaged
RET003875,25-06-2025,MED034,WH010,151,Expired
RET003876,14-09-2024,MED268,WH009,140,Wrong Product
RET003877,19-09-2024,MED099,WH010,66,Customer Return
RET003878,20-07-2024,MED082,WH008,15,Overstock
RET003879,20-08-2024,MED084,WH003,112,Damaged
RET003880,21-10-2024,MED114,WH006,124,Damaged
RET003881,29-06-2025,MED169,WH007,120,Overstock
RET003882,30-08-2024,MED142,WH003,31,Not Specified
RET003883,04-03-2024,MED073,WH004,60,Wrong Product
RET003884,23-06-2024,MED242,WH007,20,Customer Return
RET003885,09-03-2024,MED144,WH008,94,Damaged
RET003886,02-04-2025,MED107,WH007,22,Customer Return
RET003887,22-12-2024,MED298,WH010,58,Expired
RET003888,02-12-2024,MED295,WH009,66,Wrong Product
RET003889,28-07-2024,MED043,WH006,182,Overstock
RET003890,08-10-2024,MED140,WH004,157,Customer Return
RET003891,29-03-2024,MED054,WH004,154,Expired
RET003892,01-02-2025,MED036,WH009,153,Wrong Product
RET003893,03-11-2024,MED161,WH010,90,Quality Issue
RET003894,16-01-2025,MED020,WH007,139,Customer Return
RET003895,20-05-2025,MED046,WH002,60,Customer Return
RET003896,08-03-2024,MED207,WH003,6,Overstock
RET003897,02-05-2024,MED129,WH001,98,Quality Issue
RET003898,09-06-2024,MED131,WH006,26,Expired
RET003899,27-09-2024,MED174,WH001,117,Overstock
RET003900,30-12-2024,MED269,WH008,187,Customer Return
RET003901,22-01-2025,MED256,WH006,68,Damaged
RET003902,28-07-2024,MED231,WH005,198,Wrong Product
RET003903,28-05-2025,MED251,WH006,8,Damaged
RET003904,14-11-2024,MED130,WH004,109,Overstock
RET003905,02-06-2024,MED024,WH010,53,Customer Return
RET003906,09-10-2024,MED056,WH009,42,Expired
RET003907,02-04-2025,MED214,WH005,162,Wrong Product
RET003908,05-05-2025,MED060,WH009,43,Quality Issue
RET003909,28-09-2024,MED265,WH009,193,Customer Return
RET003910,25-02-2025,MED208,WH001,95,Wrong Product
RET003911,29-10-2024,MED059,WH009,96,Quality Issue
RET003912,06-12-2024,MED112,WH009,140,Customer Return
RET003913,24-05-2024,MED271,WH004,144,Expired
RET003914,10-08-2024,MED031,WH004,78,Damaged
RET003915,07-06-2025,MED117,WH002,163,Wrong Product
RET003916,26-09-2024,MED292,WH006,171,Wrong Product
RET003917,19-12-2024,MED030,WH009,198,Damaged
RET003918,26-03-2025,MED030,WH001,98,Wrong Product
RET003919,08-09-2024,MED102,WH009,125,Expired
RET003920,07-03-2025,MED178,WH008,58,Overstock
RET003921,24-07-2024,MED201,WH007,65,Overstock
RET003922,05-02-2025,MED195,WH003,75,Quality Issue
RET003923,21-06-2024,MED048,WH001,170,Expired
RET003924,29-05-2025,MED101,WH007,79,Overstock
RET003925,28-07-2024,MED297,WH009,157,Customer Return
RET003926,02-07-2024,MED194,WH006,81,Expired
RET003927,15-02-2025,MED042,WH007,79,Damaged
RET003928,19-05-2024,MED288,WH002,135,Wrong Product
RET003929,02-02-2024,MED279,WH002,61,Expired
RET003930,18-11-2024,MED291,WH006,195,Wrong Product
RET003931,10-11-2024,MED077,WH009,154,Quality Issue
RET003932,16-08-2024,MED108,WH007,127,Overstock
RET003933,14-07-2024,MED230,WH010,74,Customer Return
RET003934,17-02-2024,MED232,WH009,122,Quality Issue
RET003935,31-10-2024,MED223,WH001,93,Quality Issue
RET003936,12-12-2024,MED179,WH009,128,Damaged
RET003937,14-03-2024,MED125,WH005,117,Quality Issue
RET003938,06-01-2024,MED038,WH001,47,Quality Issue
RET003939,19-03-2024,MED023,WH008,150,Quality Issue
RET003940,22-02-2025,MED247,WH010,106,Customer Return
RET003941,15-05-2024,MED065,WH007,137,Overstock
RET003942,11-03-2025,MED231,WH006,10,Customer Return
RET003943,19-06-2025,MED213,WH007,142,Damaged
RET003944,11-02-2024,MED037,WH005,152,Customer Return
RET003945,29-05-2025,MED151,WH006,94,Overstock
RET003946,06-04-2024,MED074,WH001,52,Overstock
RET003947,14-03-2025,MED132,WH007,114,Overstock
RET003948,29-02-2024,MED015,WH004,188,Customer Return
RET003949,02-05-2025,MED192,WH005,23,Expired
RET003950,13-12-2024,MED195,WH007,183,Quality Issue
RET003951,18-06-2024,MED049,WH009,92,Expired
RET003952,14-09-2024,MED088,WH001,168,Overstock
RET003953,13-11-2024,MED023,WH003,173,Damaged
RET003954,15-05-2024,MED105,WH006,137,Customer Return
RET003955,19-01-2025,MED225,WH010,145,Wrong Product
RET003956,18-08-2024,MED012,WH004,17,Wrong Product
RET003957,28-03-2025,MED162,WH004,120,Customer Return
RET003958,02-11-2024,MED260,WH006,150,Overstock
RET003959,30-06-2025,MED138,WH009,64,Customer Return
RET003960,27-10-2024,MED186,WH005,151,Wrong Product
RET003961,11-01-2025,MED102,WH002,68,Wrong Product
RET003962,20-03-2025,MED029,WH005,111,Quality Issue
RET003963,07-01-2025,MED294,WH006,83,Wrong Product
RET003964,29-06-2024,MED055,WH005,17,Damaged
RET003965,15-12-2024,MED093,WH009,147,Overstock
RET003966,08-05-2024,MED106,WH006,84,Damaged
RET003967,11-07-2024,MED164,WH004,112,Customer Return
RET003968,05-07-2024,MED065,WH008,9,Overstock
RET003969,26-04-2024,MED186,WH004,47,Quality Issue
RET003970,01-01-2025,MED249,WH009,31,Wrong Product
RET003971,30-05-2025,MED274,WH002,73,Overstock
RET003972,19-11-2024,MED237,WH005,148,Customer Return
RET003973,14-05-2025,MED159,WH003,85,Wrong Product
RET003974,20-02-2024,MED183,WH009,6,Wrong Product
RET003975,09-05-2024,MED176,WH009,16,Quality Issue
RET003976,21-02-2025,MED166,WH008,108,Overstock
RET003977,13-06-2024,MED258,WH001,92,Quality Issue
RET003978,06-05-2024,MED044,WH005,120,Damaged
RET003979,20-07-2024,MED054,WH001,104,Customer Return
RET003980,18-02-2024,MED163,WH008,64,Damaged
RET003981,23-04-2024,MED284,WH002,115,Damaged
RET003982,10-09-2024,MED275,WH003,76,Damaged
RET003983,10-07-2024,MED116,WH010,157,Customer Return
RET003984,21-02-2025,MED151,WH007,90,Damaged
RET003985,08-11-2024,MED200,WH006,164,Wrong Product
RET003986,14-06-2024,MED079,WH001,81,Overstock
RET003987,16-06-2024,MED224,WH007,63,Expired
RET003988,02-07-2024,MED293,WH007,104,Overstock
RET003989,23-03-2024,MED075,WH008,17,Expired
RET003990,14-11-2024,MED236,WH001,173,Damaged
RET003991,12-06-2024,MED243,WH004,150,Overstock
RET003992,01-06-2025,MED265,WH001,151,Damaged
RET003993,06-10-2024,MED159,WH002,15,Wrong Product
RET003994,13-07-2024,MED121,WH006,183,Wrong Product
RET003995,16-12-2024,MED042,WH003,154,Quality Issue
RET003996,20-05-2024,MED038,WH006,51,Wrong Product
RET003997,07-05-2025,MED197,WH001,20,Quality Issue
RET003998,20-03-2024,MED046,WH004,197,Damaged
RET003999,08-01-2024,MED032,WH002,64,Customer Return
RET004000,05-11-2024,MED242,WH005,168,Damaged
RET004001,21-12-2024,MED144,WH005,47,Wrong Product
RET004002,25-04-2024,MED078,WH010,33,Damaged
RET004003,05-05-2024,MED203,WH004,197,Customer Return
RET004004,28-02-2024,MED085,WH010,154,Expired
RET004005,30-06-2025,MED230,WH007,45,Quality Issue
RET004006,12-02-2024,MED049,WH004,13,Damaged
RET004007,20-06-2024,MED203,WH001,60,Overstock
RET004008,28-06-2025,MED207,WH010,70,Quality Issue
RET004009,04-06-2025,MED118,WH005,18,Quality Issue
RET004010,26-02-2025,MED156,WH008,99,Wrong Product
RET004011,10-07-2024,MED208,WH004,177,Customer Return
RET004012,18-03-2025,MED034,WH009,79,Wrong Product
RET004013,04-12-2024,MED265,WH002,151,Damaged
RET004014,29-03-2025,MED171,WH008,179,Expired
RET004015,10-05-2024,MED024,WH010,69,Damaged
RET004016,24-03-2025,MED295,WH010,98,Wrong Product
RET004017,26-02-2025,MED228,WH005,182,Customer Return
RET004018,18-10-2024,MED052,WH004,182,Damaged
RET004019,28-06-2025,MED121,WH004,125,Overstock
RET004020,03-08-2024,MED177,WH007,182,Wrong Product
RET004021,26-02-2024,MED018,WH003,17,Overstock
RET004022,21-06-2024,MED081,WH008,106,Overstock
RET004023,13-01-2025,MED116,WH004,193,Expired
RET004024,10-07-2024,MED005,WH005,126,Quality Issue
RET004025,05-06-2025,MED236,WH002,186,Overstock
RET004026,29-06-2024,MED294,WH009,172,Customer Return
RET004027,13-07-2024,MED115,WH008,139,Damaged
RET004028,17-11-2024,MED148,WH010,113,Wrong Product
RET004029,22-01-2025,MED140,WH003,45,Quality Issue
RET004030,24-01-2025,MED158,WH006,27,Quality Issue
RET004031,14-04-2024,MED207,WH008,29,Wrong Product
RET004032,18-02-2024,MED231,WH008,119,Wrong Product
RET004033,18-09-2024,MED237,WH010,53,Overstock
RET004034,14-12-2024,MED083,WH007,94,Expired
RET004035,07-05-2025,MED055,WH006,20,Customer Return
RET004036,22-04-2024,MED020,WH009,93,Damaged
RET004037,25-06-2025,MED038,WH008,62,Customer Return
RET004038,03-06-2024,MED254,WH002,134,Damaged
RET004039,29-04-2025,MED283,WH007,124,Customer Return
RET004040,13-04-2025,MED017,WH002,140,Wrong Product
RET004041,06-08-2024,MED121,WH001,190,Quality Issue
RET004042,21-06-2025,MED232,WH009,131,Overstock
RET004043,11-02-2025,MED145,WH005,32,Expired
RET004044,02-03-2025,MED057,WH009,64,Wrong Product
RET004045,02-02-2025,MED106,WH003,20,Quality Issue
RET004046,08-06-2024,MED272,WH007,138,Expired
RET004047,27-05-2025,MED277,WH004,85,Wrong Product
RET004048,09-06-2025,MED141,WH010,168,Expired
RET004049,27-10-2024,MED151,WH003,40,Quality Issue
RET004050,26-03-2025,MED094,WH004,47,Damaged
RET004051,01-06-2024,MED038,WH004,78,Wrong Product
RET004052,02-04-2025,MED171,WH004,155,Damaged
RET004053,18-04-2025,MED098,WH005,130,Quality Issue
RET004054,26-11-2024,MED211,WH004,77,Quality Issue
RET004055,13-03-2025,MED109,WH009,85,Expired
RET004056,16-10-2024,MED266,WH003,21,Damaged
RET004057,03-01-2025,MED245,WH007,91,Expired
RET004058,25-06-2025,MED053,WH002,7,Overstock
RET004059,27-11-2024,MED062,WH007,164,Damaged
RET004060,09-03-2025,MED139,WH009,90,Expired
RET004061,10-03-2024,MED145,WH010,109,Expired
RET004062,06-05-2025,MED149,WH006,72,Customer Return
RET004063,29-06-2025,MED094,WH007,61,Wrong Product
RET004064,23-03-2025,MED053,WH002,64,Wrong Product
RET004065,10-12-2024,MED038,WH010,107,Customer Return
RET004066,27-03-2024,MED203,WH002,142,Damaged
RET004067,28-06-2024,MED111,WH007,95,Damaged
RET004068,11-07-2024,MED149,WH009,34,Customer Return
RET004069,31-01-2025,MED238,WH004,31,Damaged
RET004070,01-03-2025,MED147,WH001,176,Damaged
RET004071,17-12-2024,MED114,WH006,135,Customer Return
RET004072,08-03-2024,MED150,WH002,31,Quality Issue
RET004073,08-01-2024,MED252,WH007,192,Customer Return
RET004074,02-08-2024,MED244,WH008,39,Quality Issue
RET004075,13-11-2024,MED179,WH005,77,Quality Issue
RET004076,08-07-2024,MED146,WH003,50,Customer Return
RET004077,25-10-2024,MED297,WH006,29,Overstock
RET004078,19-04-2024,MED298,WH006,13,Overstock
RET004079,04-03-2024,MED254,WH010,13,Damaged
RET004080,13-05-2024,MED031,WH005,54,Customer Return
RET004081,24-09-2024,MED082,WH007,124,Overstock
RET004082,11-11-2024,MED029,WH008,190,Quality Issue
RET004083,21-04-2024,MED251,WH010,48,Damaged
RET004084,02-10-2024,MED149,WH007,112,Damaged
RET004085,07-03-2024,MED013,WH003,71,Damaged
RET004086,01-03-2024,MED237,WH005,76,Overstock
RET004087,02-10-2024,MED292,WH001,42,Quality Issue
RET004088,11-12-2024,MED138,WH007,90,Wrong Product
RET004089,05-06-2025,MED199,WH005,141,Wrong Product
RET004090,09-01-2024,MED251,WH003,49,Overstock
RET004091,08-06-2025,MED185,WH009,71,Expired
RET004092,05-10-2024,MED223,WH005,152,Customer Return
RET004093,11-02-2024,MED105,WH004,132,Wrong Product
RET004094,04-01-2024,MED119,WH004,44,Damaged
RET004095,14-04-2025,MED172,WH006,143,Not Specified
RET004096,14-06-2024,MED234,WH004,73,Wrong Product
RET004097,23-06-2025,MED041,WH009,66,Wrong Product
RET004098,25-12-2024,MED003,WH005,10,Expired
RET004099,29-07-2024,MED137,WH008,175,Damaged
RET004100,19-12-2024,MED011,WH007,108,Overstock
RET004101,03-02-2024,MED117,WH005,184,Expired
RET004102,08-12-2024,MED148,WH007,140,Damaged
RET004103,09-01-2024,MED103,WH010,106,Wrong Product
RET004104,16-03-2025,MED300,WH010,126,Customer Return
RET004105,28-03-2025,MED054,WH001,192,Overstock
RET004106,05-06-2024,MED245,WH009,18,Damaged
RET004107,21-04-2025,MED074,WH010,48,Customer Return
RET004108,16-04-2025,MED175,WH007,140,Expired
RET004109,13-04-2025,MED255,WH005,55,Wrong Product
RET004110,03-08-2024,MED275,WH003,118,Customer Return
RET004111,24-08-2024,MED082,WH003,61,Overstock
RET004112,14-05-2025,MED150,WH001,189,Customer Return
RET004113,11-06-2025,MED183,WH004,82,Expired
RET004114,25-05-2024,MED079,WH001,102,Damaged
RET004115,30-12-2024,MED260,WH009,149,Overstock
RET004116,24-03-2024,MED175,WH005,148,Damaged
RET004117,10-09-2024,MED290,WH006,66,Damaged
RET004118,14-04-2025,MED090,WH008,159,Expired
RET004119,14-06-2024,MED078,WH002,19,Not Specified
RET004120,01-10-2024,MED108,WH005,51,Quality Issue
RET004121,29-10-2024,MED219,WH006,167,Expired
RET004122,25-07-2024,MED018,WH008,129,Damaged
RET004123,29-07-2024,MED061,WH009,17,Wrong Product
RET004124,27-10-2024,MED275,WH008,30,Customer Return
RET004125,06-04-2025,MED240,WH004,96,Quality Issue
RET004126,27-12-2024,MED285,WH003,21,Overstock
RET004127,05-08-2024,MED046,WH003,12,Damaged
RET004128,26-05-2025,MED168,WH009,137,Overstock
RET004129,27-01-2024,MED073,WH008,148,Damaged
RET004130,15-11-2024,MED199,WH001,58,Expired
RET004131,19-09-2024,MED148,WH001,90,Overstock
RET004132,25-11-2024,MED133,WH008,11,Quality Issue
RET004133,27-11-2024,MED297,WH009,47,Expired
RET004134,02-11-2024,MED064,WH002,117,Overstock
RET004135,23-02-2024,MED075,WH001,167,Customer Return
RET004136,21-11-2024,MED088,WH005,67,Damaged
RET004137,28-10-2024,MED155,WH001,145,Expired
RET004138,28-03-2024,MED113,WH002,61,Quality Issue
RET004139,03-09-2024,MED047,WH003,48,Expired
RET004140,09-06-2025,MED090,WH007,174,Customer Return
RET004141,10-10-2024,MED091,WH002,183,Expired
RET004142,13-04-2024,MED184,WH006,139,Expired
RET004143,22-01-2024,MED112,WH005,75,Expired
RET004144,01-09-2024,MED181,WH003,150,Quality Issue
RET004145,14-02-2024,MED126,WH002,125,Overstock
RET004146,06-04-2024,MED002,WH006,77,Wrong Product
RET004147,09-02-2024,MED268,WH002,89,Expired
RET004148,30-04-2024,MED069,WH009,195,Customer Return
RET004149,03-04-2025,MED157,WH007,140,Customer Return
RET004150,30-10-2024,MED101,WH001,118,Expired
RET004151,30-06-2025,MED165,WH002,21,Customer Return
RET004152,15-08-2024,MED153,WH002,74,Customer Return
RET004153,12-03-2024,MED254,WH001,18,Wrong Product
RET004154,15-01-2025,MED112,WH002,198,Overstock
RET004155,07-09-2024,MED028,WH002,43,Expired
RET004156,22-06-2024,MED295,WH002,8,Damaged
RET004157,04-06-2024,MED056,WH010,39,Overstock
RET004158,26-09-2024,MED129,WH007,73,Customer Return
RET004159,13-03-2025,MED132,WH005,160,Quality Issue
RET004160,11-04-2025,MED002,WH008,33,Customer Return
RET004161,22-08-2024,MED300,WH003,79,Damaged
RET004162,27-04-2025,MED177,WH002,30,Quality Issue
RET004163,15-03-2024,MED112,WH010,41,Customer Return
RET004164,04-04-2025,MED184,WH009,13,Wrong Product
RET004165,17-06-2024,MED247,WH004,172,Customer Return
RET004166,27-01-2025,MED117,WH009,43,Overstock
RET004167,12-03-2024,MED267,WH008,114,Overstock
RET004168,12-11-2024,MED270,WH010,73,Not Specified
RET004169,15-04-2025,MED266,WH001,154,Expired
RET004170,04-03-2024,MED200,WH001,170,Overstock
RET004171,11-05-2024,MED053,WH002,73,Expired
RET004172,25-10-2024,MED062,WH006,188,Customer Return
RET004173,06-04-2025,MED088,WH002,50,Damaged
RET004174,15-03-2025,MED095,WH001,67,Overstock
RET004175,24-01-2025,MED136,WH002,149,Wrong Product
RET004176,07-11-2024,MED151,WH005,152,Wrong Product
RET004177,13-08-2024,MED025,WH006,155,Overstock
RET004178,18-01-2024,MED194,WH010,53,Wrong Product
RET004179,18-01-2024,MED009,WH009,196,Wrong Product
RET004180,17-04-2024,MED157,WH010,149,Damaged
RET004181,13-09-2024,MED072,WH005,196,Customer Return
RET004182,03-03-2024,MED072,WH009,156,Wrong Product
RET004183,24-05-2025,MED052,WH004,46,Quality Issue
RET004184,04-07-2024,MED276,WH005,54,Expired
RET004185,28-10-2024,MED243,WH003,119,Expired
RET004186,01-06-2024,MED044,WH001,37,Overstock
RET004187,14-05-2024,MED229,WH010,54,Quality Issue
RET004188,08-07-2024,MED226,WH007,137,Customer Return
RET004189,13-04-2024,MED197,WH010,158,Wrong Product
RET004190,05-04-2025,MED260,WH009,148,Damaged
RET004191,19-08-2024,MED252,WH003,190,Wrong Product
RET004192,07-12-2024,MED066,WH006,95,Quality Issue
RET004193,10-01-2024,MED233,WH005,80,Damaged
RET004194,15-06-2024,MED160,WH005,21,Quality Issue
RET004195,13-12-2024,MED175,WH006,65,Damaged
RET004196,15-12-2024,MED016,WH010,143,Damaged
RET004197,03-04-2024,MED261,WH008,18,Overstock
RET004198,03-12-2024,MED242,WH002,162,Expired
RET004199,19-02-2024,MED243,WH004,42,Wrong Product
RET004200,20-11-2024,MED057,WH003,146,Expired
RET004201,06-05-2025,MED277,WH005,36,Overstock
RET004202,01-06-2025,MED078,WH010,10,Customer Return
RET004203,17-02-2024,MED251,WH004,122,Damaged
RET004204,20-04-2024,MED128,WH002,133,Quality Issue
RET004205,26-06-2025,MED161,WH002,15,Customer Return
RET004206,16-03-2024,MED103,WH005,186,Expired
RET004207,09-02-2024,MED078,WH009,97,Quality Issue
RET004208,16-03-2025,MED241,WH010,9,Quality Issue
RET004209,27-02-2024,MED019,WH009,175,Wrong Product
RET004210,09-06-2024,MED236,WH006,47,Overstock
RET004211,26-03-2025,MED113,WH007,119,Damaged
RET004212,03-05-2024,MED281,WH004,82,Quality Issue
RET004213,22-03-2024,MED014,WH003,152,Expired
RET004214,14-11-2024,MED263,WH007,17,Not Specified
RET004215,30-01-2025,MED206,WH006,192,Expired
RET004216,11-02-2024,MED260,WH006,114,Overstock
RET004217,24-08-2024,MED069,WH010,34,Customer Return
RET004218,25-08-2024,MED118,WH006,36,Quality Issue
RET004219,08-10-2024,MED069,WH006,59,Expired
RET004220,15-03-2024,MED003,WH010,42,Expired
RET004221,21-04-2024,MED068,WH005,21,Expired
RET004222,01-01-2024,MED267,WH007,70,Overstock
RET004223,29-04-2024,MED103,WH001,102,Quality Issue
RET004224,01-02-2025,MED157,WH001,117,Customer Return
RET004225,27-04-2024,MED065,WH007,77,Expired
RET004226,07-06-2024,MED249,WH006,24,Wrong Product
RET004227,18-05-2024,MED203,WH006,97,Wrong Product
RET004228,22-12-2024,MED243,WH002,110,Expired
RET004229,17-09-2024,MED076,WH006,24,Expired
RET004230,06-02-2024,MED019,WH007,184,Quality Issue
RET004231,17-03-2024,MED142,WH004,141,Expired
RET004232,15-01-2025,MED295,WH010,155,Quality Issue
RET004233,25-06-2024,MED099,WH007,156,Wrong Product
RET004234,05-05-2024,MED296,WH007,200,Overstock
RET004235,13-08-2024,MED289,WH002,40,Wrong Product
RET004236,06-09-2024,MED020,WH008,39,Overstock
RET004237,27-08-2024,MED023,WH004,133,Wrong Product
RET004238,14-10-2024,MED296,WH007,15,Damaged
RET004239,22-07-2024,MED295,WH009,12,Overstock
RET004240,16-05-2024,MED231,WH001,42,Overstock
RET004241,14-06-2024,MED075,WH009,101,Expired
RET004242,02-01-2024,MED153,WH010,143,Quality Issue
RET004243,06-06-2025,MED217,WH007,81,Quality Issue
RET004244,15-07-2024,MED068,WH006,80,Quality Issue
RET004245,24-06-2025,MED027,WH002,171,Damaged
RET004246,28-05-2025,MED087,WH002,162,Customer Return
RET004247,20-01-2025,MED220,WH006,119,Damaged
RET004248,13-05-2024,MED049,WH001,194,Wrong Product
RET004249,23-08-2024,MED094,WH001,57,Damaged
RET004250,21-03-2025,MED141,WH001,163,Quality Issue
RET004251,31-07-2024,MED118,WH001,75,Damaged
RET004252,08-10-2024,MED003,WH001,183,Quality Issue
RET004253,12-06-2024,MED273,WH008,90,Customer Return
RET004254,17-08-2024,MED299,WH005,194,Expired
RET004255,06-09-2024,MED020,WH007,48,Overstock
RET004256,26-06-2024,MED104,WH003,138,Customer Return
RET004257,15-05-2024,MED023,WH002,44,Expired
RET004258,23-05-2024,MED008,WH005,25,Damaged
RET004259,22-05-2024,MED288,WH005,48,Overstock
RET004260,11-02-2025,MED020,WH010,104,Not Specified
RET004261,12-02-2024,MED061,WH004,170,Expired
RET004262,14-05-2025,MED110,WH004,105,Damaged
RET004263,26-09-2024,MED142,WH009,51,Expired
RET004264,20-10-2024,MED195,WH002,112,Damaged
RET004265,22-08-2024,MED141,WH010,113,Expired
RET004266,21-05-2025,MED294,WH010,61,Damaged
RET004267,23-06-2025,MED094,WH007,23,Customer Return
RET004268,13-06-2024,MED024,WH002,114,Wrong Product
RET004269,09-02-2024,MED199,WH005,109,Customer Return
RET004270,01-01-2024,MED005,WH008,45,Overstock
RET004271,30-03-2025,MED111,WH003,144,Quality Issue
RET004272,01-02-2025,MED222,WH009,28,Wrong Product
RET004273,04-06-2024,MED119,WH004,96,Overstock
RET004274,07-02-2025,MED116,WH010,173,Overstock
RET004275,19-07-2024,MED181,WH010,87,Wrong Product
RET004276,24-05-2025,MED269,WH005,29,Overstock
RET004277,29-04-2025,MED063,WH007,41,Customer Return
RET004278,08-03-2025,MED212,WH002,142,Expired
RET004279,14-08-2024,MED213,WH010,122,Damaged
RET004280,28-10-2024,MED122,WH006,89,Expired
RET004281,13-01-2025,MED186,WH006,120,Overstock
RET004282,11-05-2024,MED146,WH009,136,Not Specified
RET004283,24-06-2025,MED205,WH001,103,Customer Return
RET004284,20-09-2024,MED163,WH008,196,Overstock
RET004285,06-03-2025,MED024,WH009,58,Overstock
RET004286,29-02-2024,MED092,WH009,128,Expired
RET004287,02-02-2025,MED188,WH001,44,Quality Issue
RET004288,17-06-2024,MED208,WH008,176,Overstock
RET004289,30-05-2024,MED038,WH009,5,Customer Return
RET004290,15-03-2025,MED138,WH002,66,Quality Issue
RET004291,28-01-2025,MED057,WH002,111,Overstock
RET004292,15-12-2024,MED243,WH007,77,Damaged
RET004293,13-02-2024,MED078,WH007,168,Wrong Product
RET004294,05-06-2024,MED171,WH007,129,Damaged
RET004295,02-11-2024,MED102,WH006,181,Overstock
RET004296,18-06-2024,MED047,WH002,47,Customer Return
RET004297,23-03-2024,MED236,WH002,108,Damaged
RET004298,23-09-2024,MED074,WH001,102,Wrong Product
RET004299,13-10-2024,MED280,WH003,178,Wrong Product
RET004300,21-08-2024,MED059,WH002,167,Quality Issue
RET004301,22-02-2024,MED047,WH001,59,Customer Return
RET004302,16-07-2024,MED112,WH006,161,Overstock
RET004303,16-09-2024,MED243,WH007,52,Damaged
RET004304,23-06-2025,MED237,WH001,187,Expired
RET004305,06-12-2024,MED042,WH004,59,Wrong Product
RET004306,31-01-2025,MED237,WH007,160,Overstock
RET004307,13-03-2025,MED003,WH003,23,Quality Issue
RET004308,13-03-2024,MED073,WH009,194,Overstock
RET004309,30-05-2024,MED039,WH004,185,Quality Issue
RET004310,14-06-2024,MED083,WH003,176,Customer Return
RET004311,24-04-2024,MED002,WH001,158,Damaged
RET004312,10-03-2024,MED127,WH002,170,Expired
RET004313,06-05-2024,MED268,WH007,148,Expired
RET004314,22-05-2024,MED225,WH005,57,Damaged
RET004315,11-12-2024,MED251,WH004,52,Damaged
RET004316,02-02-2025,MED038,WH005,111,Quality Issue
RET004317,13-08-2024,MED097,WH008,173,Customer Return
RET004318,09-09-2024,MED255,WH010,150,Quality Issue
RET004319,19-11-2024,MED206,WH009,101,Expired
RET004320,23-05-2025,MED053,WH006,161,Expired
RET004321,20-09-2024,MED213,WH009,13,Overstock
RET004322,01-05-2024,MED158,WH007,34,Overstock
RET004323,11-06-2025,MED260,WH005,120,Wrong Product
RET004324,12-04-2025,MED241,WH006,182,Quality Issue
RET004325,19-10-2024,MED014,WH002,119,Expired
RET004326,29-04-2025,MED056,WH001,196,Expired
RET004327,21-02-2025,MED283,WH008,157,Wrong Product
RET004328,06-06-2025,MED286,WH004,151,Wrong Product
RET004329,07-06-2025,MED214,WH010,187,Overstock
RET004330,18-06-2025,MED289,WH005,106,Quality Issue
RET004331,15-06-2025,MED105,WH004,87,Customer Return
RET004332,14-06-2024,MED021,WH005,141,Not Specified
RET004333,23-04-2025,MED221,WH001,69,Customer Return
RET004334,18-02-2025,MED093,WH007,144,Overstock
RET004335,06-06-2024,MED068,WH007,100,Quality Issue
RET004336,18-02-2025,MED144,WH010,47,Damaged
RET004337,02-04-2025,MED199,WH002,174,Quality Issue
RET004338,13-02-2024,MED061,WH007,150,Wrong Product
RET004339,25-08-2024,MED229,WH010,145,Damaged
RET004340,05-09-2024,MED169,WH002,130,Wrong Product
RET004341,23-04-2024,MED094,WH003,149,Overstock
RET004342,20-05-2025,MED024,WH002,69,Customer Return
RET004343,22-04-2025,MED009,WH006,71,Expired
RET004344,24-05-2025,MED170,WH004,45,Damaged
RET004345,22-06-2024,MED075,WH005,165,Damaged
RET004346,20-09-2024,MED016,WH009,144,Expired
RET004347,27-08-2024,MED070,WH010,61,Expired
RET004348,05-05-2024,MED148,WH001,40,Wrong Product
RET004349,18-06-2025,MED094,WH006,84,Quality Issue
RET004350,23-05-2025,MED200,WH003,64,Damaged
RET004351,15-11-2024,MED250,WH010,187,Expired
RET004352,16-06-2024,MED189,WH006,156,Expired
RET004353,14-02-2024,MED228,WH008,25,Overstock
RET004354,28-04-2024,MED188,WH006,95,Wrong Product
RET004355,03-01-2024,MED025,WH009,45,Overstock
RET004356,09-03-2025,MED194,WH004,40,Expired
RET004357,29-05-2025,MED152,WH001,105,Customer Return
RET004358,14-09-2024,MED164,WH003,20,Quality Issue
RET004359,23-04-2025,MED204,WH010,113,Customer Return
RET004360,20-03-2024,MED040,WH005,11,Damaged
RET004361,14-11-2024,MED007,WH002,157,Expired
RET004362,04-09-2024,MED046,WH004,21,Customer Return
RET004363,25-02-2024,MED183,WH008,175,Expired
RET004364,01-09-2024,MED113,WH010,63,Damaged
RET004365,02-10-2024,MED234,WH007,194,Customer Return
RET004366,14-01-2024,MED089,WH007,143,Customer Return
RET004367,28-06-2024,MED131,WH004,34,Damaged
RET004368,06-04-2025,MED191,WH010,196,Customer Return
RET004369,28-06-2024,MED164,WH001,49,Expired
RET004370,19-02-2025,MED152,WH008,37,Not Specified
RET004371,17-06-2024,MED113,WH004,116,Expired
RET004372,15-11-2024,MED239,WH009,103,Damaged
RET004373,21-03-2024,MED186,WH008,117,Quality Issue
RET004374,26-07-2024,MED295,WH010,32,Wrong Product
RET004375,14-01-2025,MED195,WH009,99,Customer Return
RET004376,30-03-2024,MED031,WH007,13,Customer Return
RET004377,24-05-2024,MED196,WH010,150,Overstock
RET004378,27-11-2024,MED057,WH001,92,Quality Issue
RET004379,25-08-2024,MED196,WH003,189,Not Specified
RET004380,20-01-2025,MED198,WH007,119,Wrong Product
RET004381,13-06-2025,MED139,WH007,87,Damaged
RET004382,18-03-2024,MED016,WH001,145,Expired
RET004383,10-07-2024,MED062,WH007,93,Overstock
RET004384,15-01-2025,MED177,WH009,44,Overstock
RET004385,05-05-2024,MED256,WH002,84,Damaged
RET004386,10-06-2024,MED178,WH004,180,Wrong Product
RET004387,22-04-2025,MED259,WH005,80,Wrong Product
RET004388,19-08-2024,MED035,WH003,52,Customer Return
RET004389,16-11-2024,MED291,WH003,159,Quality Issue
RET004390,18-03-2024,MED109,WH010,8,Damaged
RET004391,28-01-2025,MED286,WH001,154,Expired
RET004392,01-10-2024,MED157,WH002,36,Overstock
RET004393,30-09-2024,MED030,WH006,93,Quality Issue
RET004394,24-01-2024,MED086,WH002,191,Expired
RET004395,02-08-2024,MED280,WH008,170,Wrong Product
RET004396,01-02-2025,MED179,WH002,151,Wrong Product
RET004397,14-05-2025,MED158,WH003,76,Customer Return
RET004398,11-07-2024,MED237,WH002,112,Damaged
RET004399,13-01-2025,MED255,WH010,164,Expired
RET004400,16-06-2025,MED169,WH002,78,Overstock
RET004401,05-01-2025,MED122,WH003,180,Wrong Product
RET004402,15-11-2024,MED103,WH007,73,Expired
RET004403,25-02-2024,MED146,WH001,34,Overstock
RET004404,07-03-2025,MED092,WH010,105,Customer Return
RET004405,02-03-2025,MED247,WH010,25,Wrong Product
RET004406,25-06-2024,MED190,WH009,127,Overstock
RET004407,21-09-2024,MED154,WH003,123,Expired
RET004408,24-02-2024,MED231,WH004,181,Damaged
RET004409,31-05-2024,MED127,WH008,53,Quality Issue
RET004410,08-01-2025,MED193,WH010,123,Not Specified
RET004411,02-12-2024,MED071,WH003,131,Customer Return
RET004412,26-05-2024,MED243,WH001,5,Quality Issue
RET004413,07-09-2024,MED173,WH002,180,Expired
RET004414,30-06-2025,MED232,WH006,29,Damaged
RET004415,19-10-2024,MED004,WH002,90,Expired
RET004416,19-01-2024,MED167,WH008,134,Overstock
RET004417,14-10-2024,MED043,WH004,117,Customer Return
RET004418,10-10-2024,MED081,WH008,52,Expired
RET004419,06-09-2024,MED028,WH001,139,Wrong Product
RET004420,02-05-2024,MED236,WH008,70,Quality Issue
RET004421,06-09-2024,MED185,WH010,193,Quality Issue
RET004422,02-06-2025,MED235,WH008,192,Wrong Product
RET004423,08-06-2025,MED118,WH006,96,Quality Issue
RET004424,10-02-2025,MED215,WH009,68,Damaged
RET004425,26-03-2024,MED169,WH007,121,Wrong Product
RET004426,11-07-2024,MED117,WH002,53,Not Specified
RET004427,01-02-2024,MED150,WH004,85,Wrong Product
RET004428,14-09-2024,MED024,WH005,155,Damaged
RET004429,26-06-2024,MED266,WH005,37,Expired
RET004430,10-04-2025,MED173,WH002,94,Damaged
RET004431,24-04-2025,MED277,WH005,92,Customer Return
RET004432,07-06-2025,MED283,WH009,32,Damaged
RET004433,27-06-2025,MED088,WH004,164,Customer Return
RET004434,13-06-2025,MED028,WH007,45,Damaged
RET004435,27-10-2024,MED086,WH008,136,Overstock
RET004436,23-05-2025,MED077,WH003,100,Wrong Product
RET004437,09-04-2024,MED005,WH005,184,Expired
RET004438,22-04-2024,MED208,WH007,16,Expired
RET004439,06-09-2024,MED134,WH005,125,Quality Issue
RET004440,02-08-2024,MED183,WH002,79,Overstock
RET004441,10-02-2025,MED159,WH004,20,Damaged
RET004442,22-09-2024,MED195,WH007,23,Quality Issue
RET004443,11-06-2024,MED068,WH005,41,Expired
RET004444,17-02-2024,MED115,WH010,173,Overstock
RET004445,04-06-2025,MED123,WH004,83,Quality Issue
RET004446,20-04-2024,MED168,WH003,57,Quality Issue
RET004447,14-04-2025,MED259,WH007,75,Overstock
RET004448,27-10-2024,MED187,WH002,159,Wrong Product
RET004449,28-01-2024,MED233,WH009,96,Not Specified
RET004450,11-02-2025,MED134,WH002,9,Wrong Product
RET004451,22-06-2025,MED135,WH009,161,Damaged
RET004452,04-11-2024,MED250,WH009,46,Overstock
RET004453,24-04-2025,MED179,WH009,75,Expired
RET004454,28-03-2024,MED087,WH002,8,Damaged
RET004455,12-02-2024,MED139,WH006,78,Damaged
RET004456,08-02-2025,MED211,WH007,122,Expired
RET004457,14-07-2024,MED139,WH008,68,Expired
RET004458,23-02-2024,MED175,WH007,163,Overstock
RET004459,27-03-2025,MED164,WH003,81,Expired
RET004460,21-08-2024,MED181,WH004,64,Customer Return
RET004461,09-04-2025,MED019,WH008,148,Overstock
RET004462,22-04-2025,MED248,WH002,157,Quality Issue
RET004463,28-02-2025,MED272,WH004,114,Damaged
RET004464,30-01-2024,MED061,WH001,171,Customer Return
RET004465,15-05-2025,MED051,WH004,168,Damaged
RET004466,28-09-2024,MED265,WH008,186,Wrong Product
RET004467,29-08-2024,MED045,WH007,93,Wrong Product
RET004468,23-09-2024,MED077,WH006,110,Overstock
RET004469,07-05-2024,MED176,WH004,154,Expired
RET004470,11-02-2025,MED221,WH001,105,Damaged
RET004471,02-05-2024,MED116,WH003,96,Quality Issue
RET004472,19-06-2025,MED198,WH010,11,Expired
RET004473,12-02-2025,MED187,WH009,141,Quality Issue
RET004474,17-04-2024,MED137,WH006,86,Overstock
RET004475,30-08-2024,MED221,WH004,186,Damaged
RET004476,29-06-2024,MED056,WH005,140,Expired
RET004477,19-02-2024,MED153,WH005,143,Damaged
RET004478,09-04-2024,MED258,WH010,55,Damaged
RET004479,31-03-2024,MED037,WH005,125,Wrong Product
RET004480,17-05-2025,MED050,WH002,123,Wrong Product
RET004481,12-10-2024,MED113,WH003,109,Overstock
RET004482,19-02-2024,MED178,WH007,90,Quality Issue
RET004483,08-12-2024,MED029,WH004,55,Damaged
RET004484,04-06-2024,MED252,WH001,131,Not Specified
RET004485,17-10-2024,MED058,WH005,39,Customer Return
RET004486,11-09-2024,MED249,WH002,173,Customer Return
RET004487,01-04-2025,MED162,WH008,21,Quality Issue
RET004488,10-03-2025,MED057,WH009,43,Overstock
RET004489,24-05-2024,MED288,WH006,111,Quality Issue
RET004490,10-06-2024,MED253,WH009,193,Expired
RET004491,18-10-2024,MED180,WH009,10,Quality Issue
RET004492,14-05-2024,MED204,WH004,116,Damaged
RET004493,20-02-2025,MED075,WH002,193,Wrong Product
RET004494,18-02-2025,MED232,WH002,60,Quality Issue
RET004495,07-06-2025,MED271,WH004,37,Not Specified
RET004496,08-02-2024,MED213,WH005,83,Expired
RET004497,03-02-2025,MED291,WH009,27,Expired
RET004498,13-12-2024,MED228,WH008,59,Damaged
RET004499,10-10-2024,MED085,WH008,175,Damaged
RET004500,08-06-2025,MED155,WH005,83,Wrong Product
RET004501,19-07-2024,MED002,WH004,19,Wrong Product
RET004502,08-05-2024,MED075,WH008,63,Expired
RET004503,26-06-2025,MED120,WH002,19,Customer Return
RET004504,18-03-2025,MED063,WH001,115,Wrong Product
RET004505,14-10-2024,MED228,WH009,133,Quality Issue
RET004506,21-10-2024,MED185,WH008,89,Overstock
RET004507,15-09-2024,MED103,WH003,180,Damaged
RET004508,09-07-2024,MED022,WH007,160,Damaged
RET004509,14-06-2024,MED103,WH006,131,Overstock
RET004510,17-04-2024,MED236,WH003,34,Customer Return
RET004511,23-08-2024,MED280,WH008,7,Customer Return
RET004512,01-05-2025,MED192,WH009,43,Wrong Product
RET004513,29-06-2024,MED185,WH006,44,Overstock
RET004514,14-04-2025,MED300,WH009,72,Customer Return
RET004515,11-07-2024,MED219,WH005,198,Expired
RET004516,26-11-2024,MED167,WH002,123,Wrong Product
RET004517,06-04-2025,MED280,WH003,144,Overstock
RET004518,06-02-2024,MED020,WH003,48,Customer Return
RET004519,08-04-2025,MED141,WH005,40,Damaged
RET004520,25-06-2024,MED203,WH009,166,Wrong Product
RET004521,20-02-2025,MED123,WH003,159,Expired
RET004522,18-02-2025,MED023,WH010,84,Overstock
RET004523,19-07-2024,MED125,WH007,15,Damaged
RET004524,12-01-2024,MED121,WH004,43,Wrong Product
RET004525,26-03-2024,MED228,WH010,90,Expired
RET004526,28-04-2025,MED170,WH001,19,Damaged
RET004527,17-11-2024,MED176,WH006,96,Customer Return
RET004528,03-04-2025,MED291,WH002,195,Expired
RET004529,21-07-2024,MED215,WH010,152,Overstock
RET004530,16-03-2025,MED252,WH010,120,Damaged
RET004531,05-12-2024,MED188,WH009,22,Customer Return
RET004532,07-04-2025,MED068,WH001,180,Overstock
RET004533,19-07-2024,MED219,WH009,158,Quality Issue
RET004534,04-01-2024,MED136,WH003,50,Overstock
RET004535,16-06-2024,MED251,WH001,75,Damaged
RET004536,17-06-2024,MED299,WH009,14,Damaged
RET004537,10-05-2024,MED169,WH004,98,Expired
RET004538,08-04-2024,MED002,WH010,130,Customer Return
RET004539,26-05-2024,MED079,WH003,33,Overstock
RET004540,09-03-2024,MED279,WH009,130,Quality Issue
RET004541,16-06-2024,MED205,WH003,88,Expired
RET004542,26-08-2024,MED265,WH001,87,Overstock
RET004543,02-03-2025,MED241,WH008,139,Overstock
RET004544,02-11-2024,MED294,WH001,77,Quality Issue
RET004545,02-02-2025,MED179,WH005,190,Expired
RET004546,25-08-2024,MED086,WH003,33,Expired
RET004547,24-08-2024,MED143,WH008,200,Customer Return
RET004548,22-01-2024,MED044,WH009,82,Wrong Product
RET004549,19-06-2024,MED068,WH009,27,Overstock
RET004550,13-04-2025,MED136,WH006,134,Customer Return
RET004551,20-03-2025,MED292,WH004,78,Expired
RET004552,03-03-2025,MED139,WH006,146,Customer Return
RET004553,12-10-2024,MED057,WH001,151,Wrong Product
RET004554,09-04-2024,MED023,WH004,82,Wrong Product
RET004555,05-10-2024,MED134,WH007,10,Quality Issue
RET004556,07-06-2025,MED105,WH005,149,Quality Issue
RET004557,17-05-2024,MED111,WH002,69,Customer Return
RET004558,25-12-2024,MED168,WH006,127,Overstock
RET004559,14-09-2024,MED278,WH009,107,Not Specified
RET004560,13-05-2024,MED194,WH007,48,Expired
RET004561,07-03-2025,MED056,WH001,113,Expired
RET004562,17-02-2024,MED190,WH006,78,Wrong Product
RET004563,14-06-2024,MED222,WH004,137,Customer Return
RET004564,26-06-2025,MED236,WH002,147,Quality Issue
RET004565,01-06-2024,MED153,WH002,89,Expired
RET004566,22-04-2025,MED285,WH008,36,Customer Return
RET004567,27-04-2024,MED014,WH008,73,Wrong Product
RET004568,27-04-2024,MED032,WH008,67,Damaged
RET004569,06-05-2025,MED028,WH004,189,Overstock
RET004570,11-08-2024,MED103,WH002,96,Damaged
RET004571,25-04-2024,MED131,WH009,26,Wrong Product
RET004572,01-05-2024,MED004,WH007,125,Customer Return
RET004573,28-06-2024,MED024,WH004,12,Damaged
RET004574,13-11-2024,MED183,WH007,78,Quality Issue
RET004575,21-04-2025,MED225,WH006,46,Wrong Product
RET004576,17-07-2024,MED079,WH006,148,Expired
RET004577,20-02-2024,MED143,WH002,185,Expired
RET004578,01-01-2025,MED062,WH009,174,Customer Return
RET004579,16-08-2024,MED170,WH007,180,Wrong Product
RET004580,25-07-2024,MED116,WH002,110,Damaged
RET004581,26-10-2024,MED044,WH010,16,Wrong Product
RET004582,13-03-2025,MED135,WH004,70,Overstock
RET004583,08-01-2024,MED182,WH008,162,Damaged
RET004584,11-04-2024,MED231,WH006,106,Damaged
RET004585,13-07-2024,MED184,WH007,110,Wrong Product
RET004586,31-05-2024,MED224,WH009,155,Expired
RET004587,14-10-2024,MED073,WH004,152,Wrong Product
RET004588,21-11-2024,MED236,WH009,22,Damaged
RET004589,07-03-2025,MED208,WH005,72,Damaged
RET004590,30-11-2024,MED283,WH005,171,Damaged
RET004591,08-12-2024,MED262,WH008,73,Expired
RET004592,05-07-2024,MED126,WH006,68,Damaged
RET004593,16-07-2024,MED057,WH002,173,Overstock
RET004594,13-09-2024,MED216,WH003,97,Quality Issue
RET004595,15-02-2024,MED156,WH002,139,Not Specified
RET004596,18-09-2024,MED034,WH002,74,Overstock
RET004597,03-09-2024,MED119,WH003,177,Damaged
RET004598,09-08-2024,MED138,WH004,104,Quality Issue
RET004599,21-06-2025,MED279,WH002,124,Damaged
RET004600,02-03-2025,MED261,WH004,136,Damaged
RET004601,06-03-2025,MED080,WH003,199,Customer Return
RET004602,27-11-2024,MED039,WH003,127,Damaged
RET004603,16-01-2024,MED281,WH003,124,Wrong Product
RET004604,29-03-2024,MED106,WH008,196,Expired
RET004605,03-04-2024,MED088,WH007,11,Expired
RET004606,27-02-2025,MED227,WH010,71,Damaged
RET004607,17-09-2024,MED194,WH007,185,Expired
RET004608,17-01-2024,MED091,WH006,185,Overstock
RET004609,22-01-2024,MED186,WH006,50,Overstock
RET004610,20-11-2024,MED158,WH009,96,Overstock
RET004611,08-07-2024,MED112,WH001,80,Customer Return
RET004612,09-04-2024,MED296,WH007,162,Quality Issue
RET004613,09-12-2024,MED023,WH008,103,Overstock
RET004614,30-05-2025,MED275,WH002,136,Expired
RET004615,11-04-2024,MED214,WH002,82,Quality Issue
RET004616,23-01-2025,MED003,WH007,168,Wrong Product
RET004617,09-12-2024,MED150,WH001,178,Wrong Product
RET004618,21-07-2024,MED208,WH005,25,Customer Return
RET004619,05-02-2025,MED228,WH006,109,Damaged
RET004620,12-01-2024,MED148,WH007,147,Customer Return
RET004621,13-02-2024,MED230,WH001,45,Quality Issue
RET004622,14-08-2024,MED039,WH004,133,Expired
RET004623,16-05-2025,MED141,WH010,166,Overstock
RET004624,06-02-2025,MED054,WH001,85,Expired
RET004625,03-10-2024,MED214,WH003,191,Overstock
RET004626,09-08-2024,MED153,WH003,131,Customer Return
RET004627,16-05-2024,MED285,WH009,70,Overstock
RET004628,08-02-2025,MED293,WH002,77,Expired
RET004629,30-04-2025,MED063,WH007,181,Quality Issue
RET004630,03-04-2025,MED292,WH003,46,Damaged
RET004631,03-03-2025,MED056,WH001,66,Customer Return
RET004632,18-06-2025,MED021,WH009,46,Damaged
RET004633,02-04-2025,MED127,WH009,6,Customer Return
RET004634,01-10-2024,MED255,WH005,167,Expired
RET004635,02-04-2024,MED147,WH010,92,Wrong Product
RET004636,28-01-2025,MED158,WH004,112,Expired
RET004637,23-08-2024,MED154,WH008,44,Damaged
RET004638,17-01-2025,MED162,WH006,18,Quality Issue
RET004639,26-06-2024,MED062,WH006,162,Wrong Product
RET004640,20-02-2024,MED233,WH010,122,Wrong Product
RET004641,13-08-2024,MED224,WH005,24,Quality Issue
RET004642,12-11-2024,MED141,WH004,11,Wrong Product
RET004643,13-03-2025,MED297,WH008,147,Overstock
RET004644,08-01-2024,MED212,WH001,195,Damaged
RET004645,12-06-2024,MED171,WH004,13,Customer Return
RET004646,29-01-2024,MED130,WH010,140,Damaged
RET004647,06-04-2025,MED102,WH001,187,Overstock
RET004648,27-06-2025,MED097,WH002,43,Not Specified
RET004649,13-02-2025,MED137,WH005,32,Damaged
RET004650,29-01-2024,MED258,WH009,85,Not Specified
RET004651,28-09-2024,MED161,WH004,97,Damaged
RET004652,11-05-2025,MED104,WH003,32,Customer Return
RET004653,04-05-2025,MED199,WH005,14,Expired
RET004654,14-03-2025,MED020,WH007,35,Overstock
RET004655,11-06-2025,MED105,WH006,190,Damaged
RET004656,11-12-2024,MED086,WH010,125,Customer Return
RET004657,15-04-2025,MED062,WH003,183,Damaged
RET004658,16-05-2024,MED045,WH005,77,Expired
RET004659,26-06-2025,MED086,WH010,107,Damaged
RET004660,25-07-2024,MED167,WH006,84,Damaged
RET004661,02-01-2024,MED146,WH002,135,Customer Return
RET004662,11-05-2024,MED070,WH002,27,Expired
RET004663,28-02-2025,MED295,WH008,145,Expired
RET004664,19-10-2024,MED024,WH003,38,Damaged
RET004665,27-01-2025,MED243,WH005,198,Customer Return
RET004666,09-04-2024,MED245,WH004,109,Quality Issue
RET004667,23-04-2024,MED005,WH004,141,Overstock
RET004668,21-03-2024,MED165,WH001,92,Overstock
RET004669,07-09-2024,MED006,WH007,76,Overstock
RET004670,21-08-2024,MED263,WH010,6,Wrong Product
RET004671,20-11-2024,MED110,WH001,123,Quality Issue
RET004672,02-05-2024,MED069,WH005,56,Overstock
RET004673,09-06-2024,MED124,WH004,11,Overstock
RET004674,14-03-2025,MED199,WH001,137,Wrong Product
RET004675,01-09-2024,MED244,WH010,178,Quality Issue
RET004676,14-05-2024,MED254,WH001,37,Wrong Product
RET004677,16-03-2025,MED183,WH003,131,Overstock
RET004678,09-01-2024,MED224,WH005,48,Quality Issue
RET004679,15-01-2025,MED008,WH009,59,Quality Issue
RET004680,13-04-2024,MED183,WH006,162,Damaged
RET004681,04-01-2025,MED026,WH008,150,Damaged
RET004682,24-03-2025,MED017,WH006,148,Quality Issue
RET004683,04-05-2024,MED279,WH007,149,Expired
RET004684,20-06-2025,MED090,WH009,19,Damaged
RET004685,05-01-2025,MED238,WH009,90,Expired
RET004686,22-05-2025,MED122,WH005,178,Wrong Product
RET004687,27-01-2024,MED204,WH009,103,Overstock
RET004688,29-03-2025,MED278,WH010,187,Overstock
RET004689,03-06-2025,MED089,WH009,137,Expired
RET004690,09-08-2024,MED044,WH003,86,Damaged
RET004691,16-04-2025,MED209,WH001,20,Customer Return
RET004692,05-03-2025,MED002,WH007,9,Damaged
RET004693,01-11-2024,MED108,WH006,68,Damaged
RET004694,26-01-2025,MED152,WH009,135,Wrong Product
RET004695,05-02-2024,MED014,WH006,31,Wrong Product
RET004696,14-03-2024,MED130,WH006,53,Overstock
RET004697,01-06-2025,MED131,WH004,184,Wrong Product
RET004698,17-07-2024,MED235,WH007,138,Wrong Product
RET004699,14-10-2024,MED200,WH006,196,Overstock
RET004700,13-10-2024,MED009,WH002,173,Customer Return
RET004701,13-12-2024,MED199,WH004,154,Expired
RET004702,15-08-2024,MED273,WH005,200,Overstock
RET004703,16-01-2024,MED023,WH008,112,Damaged
RET004704,08-09-2024,MED219,WH001,37,Damaged
RET004705,13-11-2024,MED111,WH009,94,Overstock
RET004706,26-01-2025,MED138,WH008,74,Overstock
RET004707,01-01-2024,MED232,WH010,143,Overstock
RET004708,14-02-2024,MED155,WH004,78,Damaged
RET004709,09-07-2024,MED038,WH004,7,Wrong Product
RET004710,11-11-2024,MED153,WH009,145,Wrong Product
RET004711,19-10-2024,MED116,WH001,174,Expired
RET004712,24-02-2025,MED118,WH007,119,Expired
RET004713,15-11-2024,MED298,WH006,184,Wrong Product
RET004714,07-01-2024,MED006,WH004,167,Overstock
RET004715,25-05-2024,MED213,WH008,164,Not Specified
RET004716,26-02-2024,MED148,WH001,121,Wrong Product
RET004717,15-05-2025,MED108,WH010,178,Damaged
RET004718,21-06-2024,MED037,WH006,6,Damaged
RET004719,09-02-2024,MED012,WH007,34,Wrong Product
RET004720,17-04-2025,MED177,WH002,162,Overstock
RET004721,21-07-2024,MED143,WH003,107,Overstock
RET004722,17-06-2024,MED031,WH002,105,Damaged
RET004723,09-10-2024,MED274,WH006,110,Quality Issue
RET004724,29-02-2024,MED249,WH003,125,Not Specified
RET004725,24-05-2024,MED278,WH007,9,Wrong Product
RET004726,05-03-2025,MED221,WH010,144,Quality Issue
RET004727,13-10-2024,MED134,WH002,123,Expired
RET004728,19-05-2025,MED101,WH002,43,Overstock
RET004729,13-01-2025,MED150,WH010,98,Quality Issue
RET004730,11-01-2024,MED030,WH001,26,Customer Return
RET004731,16-04-2025,MED263,WH003,22,Overstock
RET004732,11-12-2024,MED290,WH003,20,Damaged
RET004733,05-09-2024,MED111,WH003,171,Customer Return
RET004734,08-11-2024,MED107,WH002,83,Customer Return
RET004735,05-11-2024,MED055,WH008,157,Wrong Product
RET004736,13-11-2024,MED006,WH002,118,Damaged
RET004737,22-10-2024,MED020,WH005,96,Expired
RET004738,20-06-2024,MED056,WH005,22,Customer Return
RET004739,19-06-2025,MED023,WH002,12,Expired
RET004740,25-09-2024,MED206,WH008,102,Wrong Product
RET004741,29-11-2024,MED232,WH009,45,Overstock
RET004742,29-06-2025,MED182,WH010,132,Damaged
RET004743,19-02-2025,MED010,WH006,129,Expired
RET004744,18-10-2024,MED042,WH008,180,Overstock
RET004745,22-05-2025,MED172,WH002,71,Quality Issue
RET004746,10-06-2024,MED084,WH002,143,Customer Return
RET004747,25-07-2024,MED049,WH003,171,Wrong Product
RET004748,08-05-2025,MED061,WH004,172,Not Specified
RET004749,04-04-2024,MED073,WH002,79,Overstock
RET004750,16-03-2025,MED029,WH010,34,Customer Return
RET004751,12-06-2024,MED074,WH004,37,Customer Return
RET004752,14-05-2025,MED103,WH003,135,Expired
RET004753,16-11-2024,MED059,WH005,160,Overstock
RET004754,24-02-2024,MED285,WH002,184,Expired
RET004755,20-06-2024,MED295,WH004,76,Quality Issue
RET004756,21-04-2024,MED072,WH008,52,Quality Issue
RET004757,20-10-2024,MED138,WH008,38,Customer Return
RET004758,29-09-2024,MED226,WH009,49,Expired
RET004759,30-10-2024,MED058,WH010,11,Expired
RET004760,31-12-2024,MED140,WH006,192,Damaged
RET004761,18-10-2024,MED033,WH004,127,Quality Issue
RET004762,15-06-2024,MED046,WH005,143,Expired
RET004763,06-06-2024,MED184,WH008,165,Damaged
RET004764,16-06-2024,MED039,WH009,196,Customer Return
RET004765,05-02-2024,MED113,WH004,81,Quality Issue
RET004766,03-04-2025,MED167,WH001,20,Damaged
RET004767,08-02-2024,MED052,WH005,189,Customer Return
RET004768,14-08-2024,MED089,WH002,42,Quality Issue
RET004769,20-02-2024,MED094,WH009,112,Expired
RET004770,03-04-2025,MED156,WH005,58,Overstock
RET004771,26-01-2025,MED009,WH009,133,Wrong Product
RET004772,08-01-2025,MED020,WH003,163,Wrong Product
RET004773,27-01-2025,MED057,WH002,149,Overstock
RET004774,07-05-2025,MED111,WH007,160,Damaged
RET004775,14-04-2024,MED289,WH004,85,Customer Return
RET004776,20-12-2024,MED200,WH010,96,Customer Return
RET004777,13-01-2024,MED084,WH005,89,Customer Return
RET004778,26-05-2024,MED091,WH005,16,Customer Return
RET004779,20-02-2025,MED284,WH008,5,Wrong Product
RET004780,26-10-2024,MED032,WH007,33,Customer Return
RET004781,18-12-2024,MED282,WH001,158,Damaged
RET004782,18-07-2024,MED084,WH001,37,Damaged
RET004783,21-04-2024,MED240,WH006,31,Damaged
RET004784,16-02-2024,MED154,WH005,131,Customer Return
RET004785,01-05-2025,MED119,WH003,6,Damaged
RET004786,31-01-2024,MED233,WH010,115,Wrong Product
RET004787,10-07-2024,MED225,WH003,178,Expired
RET004788,07-06-2024,MED164,WH010,177,Damaged
RET004789,01-03-2025,MED074,WH009,63,Customer Return
RET004790,30-05-2024,MED144,WH003,50,Quality Issue
RET004791,09-11-2024,MED179,WH004,31,Damaged
RET004792,18-06-2025,MED180,WH008,143,Quality Issue
RET004793,10-05-2025,MED300,WH010,147,Overstock
RET004794,06-01-2025,MED013,WH006,140,Damaged
RET004795,21-04-2024,MED210,WH007,136,Customer Return
RET004796,23-02-2025,MED187,WH010,85,Quality Issue
RET004797,04-01-2025,MED180,WH003,101,Overstock
RET004798,23-02-2024,MED174,WH010,122,Wrong Product
RET004799,28-02-2025,MED141,WH002,20,Customer Return
RET004800,16-02-2025,MED235,WH003,161,Quality Issue
RET004801,15-05-2024,MED148,WH007,167,Damaged
RET004802,30-09-2024,MED014,WH010,92,Overstock
RET004803,19-10-2024,MED240,WH001,34,Quality Issue
RET004804,13-03-2024,MED247,WH009,196,Overstock
RET004805,21-06-2025,MED125,WH002,53,Quality Issue
RET004806,14-06-2025,MED171,WH002,170,Customer Return
RET004807,24-01-2024,MED185,WH008,184,Damaged
RET004808,10-09-2024,MED154,WH001,199,Quality Issue
RET004809,27-04-2024,MED133,WH007,156,Quality Issue
RET004810,01-06-2025,MED117,WH008,194,Customer Return
RET004811,09-12-2024,MED278,WH006,114,Damaged
RET004812,10-05-2024,MED220,WH003,78,Quality Issue
RET004813,06-01-2025,MED146,WH001,11,Expired
RET004814,12-02-2025,MED045,WH010,106,Damaged
RET004815,31-10-2024,MED232,WH006,22,Damaged
RET004816,30-04-2024,MED054,WH006,56,Overstock
RET004817,05-02-2025,MED015,WH002,68,Damaged
RET004818,13-02-2025,MED066,WH008,7,Customer Return
RET004819,02-04-2024,MED112,WH010,166,Damaged
RET004820,03-06-2024,MED074,WH002,31,Expired
RET004821,05-03-2024,MED238,WH004,91,Customer Return
RET004822,06-02-2024,MED042,WH005,73,Customer Return
RET004823,21-05-2024,MED189,WH004,34,Overstock
RET004824,15-03-2025,MED182,WH006,121,Customer Return
RET004825,14-02-2025,MED058,WH002,5,Customer Return
RET004826,13-05-2025,MED075,WH006,6,Quality Issue
RET004827,20-09-2024,MED111,WH004,172,Customer Return
RET004828,05-11-2024,MED100,WH008,96,Expired
RET004829,31-12-2024,MED172,WH001,125,Wrong Product
RET004830,22-09-2024,MED285,WH004,148,Overstock
RET004831,23-07-2024,MED194,WH002,136,Wrong Product
RET004832,09-11-2024,MED265,WH004,67,Wrong Product
RET004833,23-01-2024,MED195,WH002,147,Expired
RET004834,17-06-2025,MED084,WH002,123,Wrong Product
RET004835,28-12-2024,MED044,WH003,115,Damaged
RET004836,26-04-2025,MED296,WH009,5,Quality Issue
RET004837,05-01-2024,MED234,WH009,139,Expired
RET004838,21-01-2025,MED010,WH004,110,Wrong Product
RET004839,25-08-2024,MED060,WH002,179,Overstock
RET004840,19-11-2024,MED132,WH005,29,Overstock
RET004841,19-04-2024,MED291,WH010,165,Overstock
RET004842,15-03-2024,MED243,WH005,87,Customer Return
RET004843,13-07-2024,MED103,WH002,185,Wrong Product
RET004844,02-10-2024,MED212,WH001,105,Expired
RET004845,13-04-2024,MED055,WH002,138,Customer Return
RET004846,21-12-2024,MED089,WH004,33,Overstock
RET004847,31-07-2024,MED028,WH007,60,Quality Issue
RET004848,25-06-2024,MED156,WH008,76,Customer Return
RET004849,04-02-2025,MED258,WH008,19,Wrong Product
RET004850,02-04-2025,MED042,WH008,187,Damaged
RET004851,29-01-2025,MED262,WH005,96,Overstock
RET004852,19-07-2024,MED085,WH002,14,Quality Issue
RET004853,22-06-2024,MED183,WH009,7,Quality Issue
RET004854,06-02-2024,MED151,WH008,120,Customer Return
RET004855,27-10-2024,MED207,WH007,58,Expired
RET004856,06-07-2024,MED084,WH010,154,Expired
RET004857,08-02-2024,MED260,WH007,11,Overstock
RET004858,20-01-2025,MED140,WH008,55,Damaged
RET004859,21-07-2024,MED153,WH005,166,Customer Return
RET004860,29-03-2024,MED135,WH003,15,Wrong Product
RET004861,25-03-2024,MED081,WH002,30,Not Specified
RET004862,26-11-2024,MED001,WH006,47,Customer Return
RET004863,12-03-2025,MED082,WH007,53,Wrong Product
RET004864,27-04-2024,MED293,WH006,163,Damaged
RET004865,04-10-2024,MED031,WH001,89,Overstock
RET004866,07-04-2024,MED089,WH001,24,Damaged
RET004867,15-01-2025,MED287,WH005,18,Overstock
RET004868,05-10-2024,MED005,WH002,77,Damaged
RET004869,25-06-2025,MED296,WH003,62,Damaged
RET004870,01-04-2024,MED218,WH003,53,Quality Issue
RET004871,01-01-2024,MED017,WH010,155,Expired
RET004872,29-03-2025,MED155,WH001,41,Expired
RET004873,13-03-2025,MED014,WH004,81,Expired
RET004874,28-06-2024,MED089,WH007,38,Overstock
RET004875,15-10-2024,MED094,WH006,137,Expired
RET004876,23-12-2024,MED208,WH003,28,Customer Return
RET004877,31-10-2024,MED031,WH010,20,Customer Return
RET004878,24-01-2024,MED288,WH005,48,Quality Issue
RET004879,24-08-2024,MED219,WH009,58,Quality Issue
RET004880,01-06-2024,MED133,WH001,38,Quality Issue
RET004881,28-01-2025,MED255,WH002,65,Customer Return
RET004882,28-01-2025,MED011,WH007,17,Overstock
RET004883,16-02-2024,MED233,WH005,74,Wrong Product
RET004884,05-05-2025,MED074,WH008,196,Quality Issue
RET004885,20-02-2024,MED035,WH009,184,Quality Issue
RET004886,04-02-2024,MED294,WH007,37,Customer Return
RET004887,14-01-2024,MED031,WH003,49,Not Specified
RET004888,27-11-2024,MED049,WH001,83,Overstock
RET004889,11-02-2024,MED026,WH008,30,Not Specified
RET004890,08-02-2024,MED182,WH006,174,Wrong Product
RET004891,10-07-2024,MED137,WH010,166,Expired
RET004892,20-04-2024,MED179,WH010,82,Customer Return
RET004893,31-07-2024,MED291,WH001,118,Expired
RET004894,19-10-2024,MED211,WH008,61,Wrong Product
RET004895,06-01-2025,MED224,WH002,66,Expired
RET004896,12-11-2024,MED059,WH008,52,Wrong Product
RET004897,04-03-2025,MED161,WH003,76,Wrong Product
RET004898,24-11-2024,MED261,WH008,31,Overstock
RET004899,25-01-2025,MED118,WH008,122,Overstock
RET004900,08-03-2024,MED200,WH009,16,Overstock
RET004901,30-11-2024,MED275,WH006,64,Quality Issue
RET004902,19-07-2024,MED155,WH010,48,Customer Return
RET004903,30-01-2025,MED042,WH010,93,Customer Return
RET004904,27-09-2024,MED300,WH007,103,Overstock
RET004905,31-10-2024,MED014,WH009,79,Expired
RET004906,22-09-2024,MED209,WH006,64,Customer Return
RET004907,22-03-2025,MED038,WH002,119,Damaged
RET004908,24-01-2025,MED296,WH003,6,Quality Issue
RET004909,15-06-2024,MED065,WH005,66,Quality Issue
RET004910,30-06-2024,MED109,WH003,47,Quality Issue
RET004911,08-03-2025,MED108,WH008,94,Overstock
RET004912,30-09-2024,MED208,WH004,62,Not Specified
RET004913,17-12-2024,MED236,WH009,164,Customer Return
RET004914,24-04-2024,MED074,WH004,71,Customer Return
RET004915,13-06-2024,MED285,WH004,33,Damaged
RET004916,23-10-2024,MED156,WH007,98,Expired
RET004917,21-12-2024,MED065,WH001,84,Expired
RET004918,14-10-2024,MED156,WH009,183,Wrong Product
RET004919,17-01-2025,MED142,WH008,85,Customer Return
RET004920,08-06-2024,MED195,WH007,16,Damaged
RET004921,13-02-2024,MED143,WH008,19,Expired
RET004922,15-11-2024,MED261,WH009,97,Overstock
RET004923,17-09-2024,MED059,WH006,17,Damaged
RET004924,29-06-2024,MED084,WH008,172,Customer Return
RET004925,12-11-2024,MED125,WH002,107,Expired
RET004926,30-12-2024,MED191,WH010,64,Overstock
RET004927,10-05-2024,MED052,WH002,178,Damaged
RET004928,28-01-2025,MED211,WH005,33,Wrong Product
RET004929,05-11-2024,MED162,WH009,164,Quality Issue
RET004930,11-01-2024,MED153,WH010,162,Overstock
RET004931,25-03-2024,MED228,WH010,41,Expired
RET004932,02-06-2025,MED010,WH007,37,Damaged
RET004933,09-05-2024,MED162,WH001,18,Overstock
RET004934,29-12-2024,MED078,WH003,57,Wrong Product
RET004935,24-04-2024,MED167,WH010,155,Damaged
RET004936,12-06-2024,MED205,WH006,24,Overstock
RET004937,28-05-2024,MED125,WH009,199,Customer Return
RET004938,04-04-2025,MED128,WH005,161,Expired
RET004939,08-10-2024,MED236,WH007,192,Wrong Product
RET004940,18-10-2024,MED106,WH005,78,Quality Issue
RET004941,12-06-2024,MED145,WH006,153,Customer Return
RET004942,30-10-2024,MED207,WH008,128,Expired
RET004943,21-01-2024,MED206,WH009,63,Expired
RET004944,12-08-2024,MED135,WH010,64,Quality Issue
RET004945,02-08-2024,MED035,WH008,5,Quality Issue
RET004946,01-04-2024,MED117,WH004,124,Damaged
RET004947,02-01-2024,MED272,WH010,107,Damaged
RET004948,10-02-2025,MED239,WH008,95,Quality Issue
RET004949,23-05-2024,MED069,WH002,198,Quality Issue
RET004950,08-05-2024,MED173,WH001,22,Customer Return
RET004951,10-12-2024,MED050,WH006,80,Wrong Product
RET004952,08-12-2024,MED266,WH006,181,Wrong Product
RET004953,31-12-2024,MED258,WH003,175,Damaged
RET004954,11-01-2025,MED067,WH008,155,Expired
RET004955,16-06-2025,MED156,WH001,55,Customer Return
RET004956,28-08-2024,MED079,WH004,186,Overstock
RET004957,22-03-2024,MED291,WH001,189,Damaged
RET004958,14-07-2024,MED009,WH006,107,Quality Issue
RET004959,28-07-2024,MED072,WH001,151,Damaged
RET004960,17-06-2024,MED140,WH009,49,Expired
RET004961,22-05-2024,MED121,WH005,13,Expired
RET004962,29-04-2024,MED109,WH009,6,Customer Return
RET004963,01-04-2024,MED190,WH006,34,Overstock
RET004964,12-06-2025,MED045,WH004,98,Customer Return
RET004965,21-01-2024,MED174,WH006,88,Damaged
RET004966,18-12-2024,MED284,WH008,43,Damaged
RET004967,12-02-2024,MED163,WH007,110,Quality Issue
RET004968,22-12-2024,MED245,WH009,148,Expired
RET004969,17-11-2024,MED219,WH009,126,Expired
RET004970,28-05-2025,MED167,WH010,161,Customer Return
RET004971,16-11-2024,MED060,WH006,196,Overstock
RET004972,19-03-2025,MED099,WH006,67,Wrong Product
RET004973,29-05-2024,MED020,WH002,128,Customer Return
RET004974,08-04-2025,MED036,WH008,121,Damaged
RET004975,21-02-2024,MED057,WH009,72,Wrong Product
RET004976,26-02-2025,MED255,WH001,80,Expired
RET004977,14-07-2024,MED249,WH008,192,Damaged
RET004978,24-05-2025,MED172,WH002,72,Damaged
RET004979,02-02-2024,MED017,WH004,116,Quality Issue
RET004980,12-05-2024,MED189,WH006,109,Overstock
RET004981,06-06-2024,MED175,WH008,146,Damaged
RET004982,15-06-2024,MED152,WH004,48,Damaged
RET004983,08-02-2024,MED009,WH004,14,Wrong Product
RET004984,05-08-2024,MED219,WH005,61,Expired
RET004985,25-12-2024,MED013,WH003,55,Damaged
RET004986,08-08-2024,MED281,WH002,40,Quality Issue
RET004987,09-09-2024,MED147,WH001,178,Expired
RET004988,16-07-2024,MED244,WH001,138,Quality Issue
RET004989,26-02-2024,MED089,WH003,115,Expired
RET004990,27-08-2024,MED227,WH006,60,Expired
RET004991,22-01-2024,MED177,WH008,169,Wrong Product
RET004992,08-10-2024,MED246,WH005,34,Customer Return
RET004993,12-10-2024,MED139,WH003,58,Expired
RET004994,26-03-2024,MED072,WH009,66,Overstock
RET004995,22-12-2024,MED011,WH008,20,Expired
RET004996,22-04-2024,MED264,WH010,105,Customer Return
RET004997,21-05-2024,MED078,WH003,49,Quality Issue
RET004998,12-09-2024,MED162,WH007,65,Quality Issue
RET004999,17-05-2024,MED021,WH001,199,Quality Issue
RET005000,29-11-2024,MED013,WH001,58,Expired
RET005001,15-07-2024,MED289,WH010,186,Customer Return
RET005002,20-01-2024,MED096,WH010,89,Wrong Product
RET005003,18-08-2024,MED286,WH008,144,Damaged
RET005004,02-09-2024,MED160,WH005,14,Damaged
RET005005,03-12-2024,MED141,WH007,119,Expired
RET005006,24-04-2024,MED277,WH003,153,Expired
RET005007,29-03-2024,MED153,WH005,58,Damaged
RET005008,23-03-2024,MED288,WH007,124,Damaged
RET005009,02-04-2024,MED006,WH010,75,Customer Return
RET005010,30-01-2024,MED001,WH003,19,Customer Return
RET005011,11-06-2025,MED160,WH006,136,Expired
RET005012,08-06-2025,MED140,WH010,199,Expired
RET005013,01-03-2024,MED260,WH002,129,Damaged
RET005014,16-12-2024,MED144,WH002,193,Customer Return
RET005015,09-12-2024,MED177,WH001,31,Wrong Product
RET005016,12-02-2025,MED033,WH002,76,Damaged
RET005017,29-01-2025,MED234,WH004,5,Quality Issue
RET005018,15-04-2024,MED106,WH003,175,Wrong Product
RET005019,17-02-2025,MED198,WH006,166,Quality Issue
RET005020,18-09-2024,MED215,WH007,23,Damaged
RET005021,04-10-2024,MED117,WH010,172,Damaged
RET005022,26-06-2025,MED182,WH001,86,Wrong Product
RET005023,21-02-2025,MED257,WH005,136,Expired
RET005024,08-06-2024,MED010,WH009,161,Quality Issue
RET005025,06-02-2024,MED137,WH010,104,Damaged
RET005026,19-03-2025,MED133,WH009,145,Damaged
RET005027,30-10-2024,MED007,WH001,121,Wrong Product
RET005028,20-04-2024,MED006,WH006,153,Damaged
RET005029,07-06-2025,MED281,WH001,76,Customer Return
RET005030,29-11-2024,MED030,WH007,184,Expired
RET005031,19-04-2024,MED032,WH010,41,Quality Issue
RET005032,27-10-2024,MED191,WH003,91,Expired
RET005033,24-02-2024,MED016,WH003,34,Overstock
RET005034,31-07-2024,MED013,WH008,188,Expired
RET005035,28-06-2024,MED288,WH003,194,Quality Issue
RET005036,16-03-2024,MED251,WH003,27,Wrong Product
RET005037,18-02-2024,MED042,WH007,38,Quality Issue
RET005038,27-12-2024,MED087,WH001,138,Wrong Product
RET005039,02-03-2025,MED040,WH003,50,Customer Return
RET005040,15-05-2024,MED232,WH009,85,Customer Return
RET005041,14-06-2025,MED211,WH008,101,Customer Return
RET005042,15-05-2025,MED043,WH001,169,Customer Return
RET005043,17-03-2025,MED095,WH001,30,Not Specified
RET005044,12-11-2024,MED270,WH004,91,Expired
RET005045,05-01-2025,MED031,WH009,62,Customer Return
RET005046,14-11-2024,MED300,WH001,90,Overstock
RET005047,04-12-2024,MED011,WH008,17,Overstock
RET005048,29-07-2024,MED222,WH008,100,Overstock
RET005049,03-05-2024,MED219,WH010,192,Wrong Product
RET005050,03-05-2025,MED196,WH010,164,Overstock
RET005051,30-03-2024,MED132,WH004,102,Expired
RET005052,20-08-2024,MED134,WH002,146,Overstock
RET005053,25-08-2024,MED200,WH001,115,Quality Issue
RET005054,04-08-2024,MED227,WH008,25,Quality Issue
RET005055,12-05-2024,MED280,WH004,59,Quality Issue
RET005056,17-02-2025,MED279,WH007,87,Damaged
RET005057,10-03-2025,MED149,WH006,114,Quality Issue
RET005058,14-09-2024,MED279,WH001,107,Customer Return
RET005059,21-03-2025,MED262,WH007,171,Overstock
RET005060,16-08-2024,MED160,WH003,60,Expired
RET005061,08-07-2024,MED003,WH001,144,Damaged
RET005062,19-04-2024,MED236,WH005,136,Damaged
RET005063,07-01-2024,MED108,WH006,16,Wrong Product
RET005064,03-03-2024,MED101,WH002,6,Overstock
RET005065,09-03-2024,MED131,WH009,36,Damaged
RET005066,11-04-2025,MED082,WH008,40,Wrong Product
RET005067,01-01-2025,MED035,WH007,26,Quality Issue
RET005068,05-02-2024,MED299,WH004,87,Expired
RET005069,19-01-2025,MED155,WH006,145,Overstock
RET005070,08-05-2024,MED191,WH002,76,Damaged
RET005071,10-01-2025,MED126,WH010,124,Quality Issue
RET005072,01-02-2025,MED020,WH004,74,Wrong Product
RET005073,23-09-2024,MED057,WH003,198,Expired
RET005074,16-03-2024,MED111,WH008,32,Wrong Product
RET005075,28-05-2024,MED163,WH004,71,Expired
RET005076,24-12-2024,MED142,WH010,67,Damaged
RET005077,30-03-2025,MED028,WH009,174,Quality Issue
RET005078,23-04-2024,MED129,WH009,11,Wrong Product
RET005079,03-08-2024,MED060,WH001,91,Customer Return
RET005080,11-12-2024,MED072,WH001,157,Quality Issue
RET005081,11-11-2024,MED154,WH007,155,Wrong Product
RET005082,22-04-2024,MED018,WH008,65,Expired
RET005083,17-10-2024,MED197,WH005,27,Damaged
RET005084,04-04-2024,MED067,WH009,66,Customer Return
RET005085,21-01-2024,MED260,WH006,175,Damaged
RET005086,01-05-2025,MED060,WH003,188,Customer Return
RET005087,22-06-2024,MED215,WH008,97,Customer Return
RET005088,10-05-2024,MED056,WH004,68,Wrong Product
RET005089,08-05-2024,MED063,WH003,51,Expired
RET005090,18-05-2024,MED083,WH003,95,Wrong Product
RET005091,10-02-2025,MED296,WH007,197,Wrong Product
RET005092,27-12-2024,MED300,WH010,151,Wrong Product
RET005093,12-10-2024,MED199,WH007,9,Overstock
RET005094,24-07-2024,MED101,WH002,84,Expired
RET005095,18-05-2024,MED079,WH008,61,Quality Issue
RET005096,03-06-2025,MED120,WH009,165,Customer Return
RET005097,04-03-2024,MED065,WH004,35,Damaged
RET005098,16-07-2024,MED281,WH005,50,Damaged
RET005099,07-06-2025,MED151,WH009,179,Overstock
RET005100,03-06-2025,MED051,WH004,115,Expired
RET005101,28-11-2024,MED072,WH003,18,Expired
RET005102,13-01-2025,MED215,WH008,120,Wrong Product
RET005103,04-05-2025,MED240,WH009,78,Overstock
RET005104,09-06-2025,MED276,WH008,172,Wrong Product
RET005105,01-02-2025,MED140,WH004,62,Overstock
RET005106,19-04-2024,MED143,WH003,178,Damaged
RET005107,14-12-2024,MED034,WH002,145,Expired
RET005108,06-01-2024,MED004,WH001,107,Overstock
RET005109,13-07-2024,MED198,WH002,132,Expired
RET005110,16-05-2025,MED227,WH003,74,Wrong Product
RET005111,29-01-2025,MED020,WH008,200,Damaged
RET005112,13-04-2024,MED279,WH001,97,Not Specified
RET005113,12-03-2025,MED231,WH002,79,Customer Return
RET005114,12-05-2025,MED098,WH004,113,Expired
RET005115,09-04-2024,MED287,WH007,18,Overstock
RET005116,18-04-2025,MED202,WH005,166,Overstock
RET005117,20-03-2025,MED125,WH009,123,Expired
RET005118,02-06-2024,MED078,WH005,45,Customer Return
RET005119,11-10-2024,MED009,WH004,50,Customer Return
RET005120,25-10-2024,MED280,WH004,79,Damaged
RET005121,04-04-2025,MED202,WH003,105,Customer Return
RET005122,07-08-2024,MED100,WH002,29,Wrong Product
RET005123,12-01-2024,MED140,WH001,193,Expired
RET005124,21-02-2025,MED157,WH007,93,Damaged
RET005125,11-05-2025,MED018,WH007,131,Overstock
RET005126,26-06-2025,MED214,WH006,176,Customer Return
RET005127,19-09-2024,MED299,WH007,140,Damaged
RET005128,02-08-2024,MED035,WH008,141,Overstock
RET005129,22-06-2024,MED227,WH009,124,Customer Return
RET005130,12-04-2025,MED195,WH004,88,Damaged
RET005131,11-03-2024,MED192,WH009,171,Wrong Product
RET005132,22-02-2024,MED189,WH003,35,Wrong Product
RET005133,29-05-2025,MED072,WH002,117,Wrong Product
RET005134,16-01-2025,MED032,WH008,111,Overstock
RET005135,22-04-2024,MED036,WH008,47,Wrong Product
RET005136,26-12-2024,MED232,WH001,71,Customer Return
RET005137,22-02-2024,MED243,WH009,199,Not Specified
RET005138,31-03-2025,MED231,WH005,54,Expired
RET005139,17-02-2025,MED061,WH008,10,Quality Issue
RET005140,03-05-2025,MED080,WH001,54,Not Specified
RET005141,30-06-2025,MED222,WH002,142,Damaged
RET005142,23-07-2024,MED171,WH007,172,Wrong Product
RET005143,02-05-2025,MED076,WH008,136,Expired
RET005144,18-12-2024,MED233,WH001,90,Customer Return
RET005145,25-12-2024,MED033,WH010,111,Wrong Product
RET005146,28-12-2024,MED248,WH009,25,Expired
RET005147,19-07-2024,MED020,WH009,165,Overstock
RET005148,07-05-2024,MED114,WH008,34,Wrong Product
RET005149,25-10-2024,MED211,WH001,91,Overstock
RET005150,30-05-2024,MED110,WH006,102,Damaged
RET005151,23-04-2025,MED133,WH002,128,Damaged
RET005152,04-05-2025,MED010,WH008,152,Overstock
RET005153,10-06-2024,MED119,WH010,179,Wrong Product
RET005154,13-10-2024,MED178,WH003,180,Damaged
RET005155,29-09-2024,MED222,WH007,117,Quality Issue
RET005156,16-10-2024,MED027,WH003,88,Expired
RET005157,11-08-2024,MED231,WH002,6,Overstock
RET005158,14-01-2024,MED022,WH010,134,Damaged
RET005159,08-08-2024,MED128,WH010,69,Wrong Product
RET005160,16-03-2025,MED188,WH006,173,Customer Return
RET005161,19-04-2024,MED031,WH010,188,Expired
RET005162,10-06-2024,MED199,WH007,107,Customer Return
RET005163,24-01-2024,MED297,WH001,51,Customer Return
RET005164,21-09-2024,MED036,WH009,87,Quality Issue
RET005165,14-04-2024,MED156,WH010,62,Overstock
RET005166,04-02-2024,MED235,WH003,181,Wrong Product
RET005167,14-10-2024,MED061,WH004,117,Wrong Product
RET005168,06-01-2024,MED154,WH010,28,Quality Issue
RET005169,06-04-2024,MED206,WH002,124,Damaged
RET005170,23-02-2024,MED184,WH003,137,Quality Issue
RET005171,07-12-2024,MED244,WH010,62,Damaged
RET005172,05-08-2024,MED005,WH006,33,Quality Issue
RET005173,17-12-2024,MED065,WH010,162,Damaged
RET005174,18-09-2024,MED178,WH006,150,Wrong Product
RET005175,01-02-2025,MED205,WH007,67,Expired
RET005176,20-08-2024,MED148,WH007,20,Quality Issue
RET005177,29-07-2024,MED285,WH007,90,Quality Issue
RET005178,17-07-2024,MED012,WH006,191,Overstock
RET005179,19-11-2024,MED259,WH009,114,Overstock
RET005180,14-02-2024,MED246,WH008,149,Damaged
RET005181,29-04-2025,MED040,WH005,146,Quality Issue
RET005182,08-06-2025,MED140,WH007,68,Expired
RET005183,29-04-2025,MED238,WH001,155,Customer Return
RET005184,18-08-2024,MED088,WH003,166,Expired
RET005185,02-07-2024,MED206,WH003,85,Expired
RET005186,12-11-2024,MED149,WH008,22,Customer Return
RET005187,20-01-2025,MED290,WH001,180,Expired
RET005188,21-05-2025,MED131,WH002,146,Expired
RET005189,01-04-2024,MED179,WH007,25,Damaged
RET005190,15-06-2025,MED118,WH001,184,Wrong Product
RET005191,14-10-2024,MED185,WH009,92,Expired
RET005192,24-03-2025,MED225,WH002,105,Overstock
RET005193,18-05-2024,MED133,WH008,130,Damaged
RET005194,12-02-2025,MED026,WH009,10,Expired
RET005195,18-06-2024,MED226,WH009,51,Quality Issue
RET005196,26-11-2024,MED122,WH010,174,Expired
RET005197,21-05-2024,MED177,WH010,88,Damaged
RET005198,30-05-2025,MED128,WH008,39,Overstock
RET005199,10-04-2024,MED222,WH005,59,Customer Return
RET005200,11-08-2024,MED187,WH007,18,Overstock
RET005201,01-02-2025,MED235,WH007,66,Wrong Product
RET005202,12-04-2024,MED254,WH010,85,Damaged
RET005203,23-04-2024,MED039,WH003,150,Expired
RET005204,04-01-2024,MED031,WH002,155,Wrong Product
RET005205,28-06-2024,MED037,WH005,7,Quality Issue
RET005206,28-09-2024,MED261,WH001,58,Customer Return
RET005207,20-08-2024,MED267,WH001,73,Damaged
RET005208,04-06-2024,MED105,WH008,74,Overstock
RET005209,01-04-2024,MED198,WH002,149,Overstock
RET005210,15-12-2024,MED257,WH009,16,Overstock
RET005211,15-01-2025,MED133,WH006,61,Damaged
RET005212,06-05-2025,MED275,WH008,87,Expired
RET005213,23-11-2024,MED102,WH007,97,Overstock
RET005214,30-06-2024,MED184,WH010,76,Quality Issue
RET005215,06-05-2025,MED187,WH010,108,Expired
RET005216,02-12-2024,MED060,WH008,109,Damaged
RET005217,23-10-2024,MED158,WH009,195,Quality Issue
RET005218,18-03-2024,MED141,WH008,73,Overstock
RET005219,17-04-2024,MED059,WH008,174,Quality Issue
RET005220,26-03-2024,MED218,WH008,178,Wrong Product
RET005221,15-03-2024,MED021,WH009,9,Wrong Product
RET005222,05-07-2024,MED043,WH003,140,Overstock
RET005223,12-01-2025,MED230,WH005,17,Wrong Product
RET005224,14-05-2025,MED061,WH002,9,Customer Return
RET005225,12-09-2024,MED013,WH002,182,Customer Return
RET005226,23-05-2024,MED028,WH003,69,Wrong Product
RET005227,28-06-2025,MED069,WH009,18,Overstock
RET005228,08-03-2025,MED023,WH008,44,Overstock
RET005229,07-02-2024,MED097,WH002,113,Quality Issue
RET005230,04-03-2025,MED211,WH007,168,Overstock
RET005231,15-05-2025,MED153,WH008,166,Customer Return
RET005232,01-01-2025,MED124,WH003,6,Quality Issue
RET005233,01-08-2024,MED135,WH008,35,Customer Return
RET005234,27-04-2025,MED174,WH008,184,Wrong Product
RET005235,19-03-2024,MED068,WH004,41,Overstock
RET005236,07-04-2024,MED033,WH005,74,Quality Issue
RET005237,26-06-2024,MED197,WH009,86,Customer Return
RET005238,14-12-2024,MED238,WH010,167,Customer Return
RET005239,11-02-2025,MED035,WH003,106,Customer Return
RET005240,19-11-2024,MED209,WH006,35,Overstock
RET005241,19-02-2025,MED231,WH005,142,Wrong Product
RET005242,18-03-2025,MED145,WH004,137,Wrong Product
RET005243,16-03-2024,MED211,WH002,177,Damaged
RET005244,19-10-2024,MED224,WH008,106,Wrong Product
RET005245,02-06-2024,MED014,WH006,190,Expired
RET005246,14-06-2024,MED201,WH004,40,Wrong Product
RET005247,24-12-2024,MED003,WH006,145,Expired
RET005248,24-02-2024,MED048,WH001,87,Wrong Product
RET005249,16-02-2024,MED263,WH004,32,Customer Return
RET005250,05-02-2024,MED250,WH008,175,Wrong Product
RET005251,23-05-2025,MED049,WH003,48,Quality Issue
RET005252,13-10-2024,MED026,WH008,157,Customer Return
RET005253,01-10-2024,MED279,WH005,35,Overstock
RET005254,21-01-2025,MED193,WH005,50,Wrong Product
RET005255,19-05-2024,MED181,WH005,125,Quality Issue
RET005256,01-01-2024,MED166,WH006,87,Customer Return
RET005257,06-11-2024,MED157,WH009,77,Wrong Product
RET005258,01-05-2024,MED188,WH004,198,Damaged
RET005259,22-09-2024,MED122,WH004,145,Not Specified
RET005260,28-04-2024,MED081,WH004,8,Wrong Product
RET005261,16-01-2025,MED203,WH003,118,Overstock
RET005262,03-08-2024,MED028,WH004,190,Customer Return
RET005263,27-06-2025,MED220,WH001,108,Quality Issue
RET005264,21-04-2025,MED299,WH006,79,Quality Issue
RET005265,16-04-2025,MED157,WH008,184,Damaged
RET005266,15-06-2024,MED049,WH002,152,Customer Return
RET005267,18-04-2025,MED123,WH009,132,Damaged
RET005268,10-02-2025,MED115,WH004,133,Wrong Product
RET005269,30-03-2025,MED128,WH007,86,Overstock
RET005270,23-10-2024,MED168,WH007,152,Customer Return
RET005271,05-07-2024,MED112,WH002,159,Quality Issue
RET005272,07-02-2025,MED020,WH005,67,Wrong Product
RET005273,27-06-2025,MED228,WH002,160,Quality Issue
RET005274,17-11-2024,MED053,WH004,181,Wrong Product
RET005275,18-02-2024,MED015,WH010,133,Not Specified
RET005276,25-07-2024,MED223,WH001,147,Wrong Product
RET005277,07-12-2024,MED190,WH002,89,Damaged
RET005278,13-09-2024,MED051,WH010,102,Overstock
RET005279,08-04-2024,MED078,WH002,128,Damaged
RET005280,10-01-2024,MED027,WH002,40,Overstock
RET005281,03-02-2025,MED281,WH009,66,Damaged
RET005282,21-11-2024,MED193,WH007,139,Quality Issue
RET005283,05-01-2025,MED151,WH002,139,Quality Issue
RET005284,27-05-2025,MED174,WH006,82,Quality Issue
RET005285,17-04-2025,MED205,WH006,23,Quality Issue
RET005286,24-01-2024,MED223,WH004,39,Overstock
RET005287,15-04-2025,MED170,WH007,142,Overstock
RET005288,29-06-2024,MED082,WH008,166,Damaged
RET005289,22-01-2024,MED276,WH004,8,Customer Return
RET005290,13-10-2024,MED212,WH007,8,Damaged
RET005291,24-01-2024,MED145,WH009,19,Wrong Product
RET005292,11-01-2025,MED299,WH008,146,Expired
RET005293,09-05-2024,MED090,WH002,46,Damaged
RET005294,02-10-2024,MED049,WH001,47,Quality Issue
RET005295,05-11-2024,MED270,WH007,166,Overstock
RET005296,16-09-2024,MED120,WH009,123,Damaged
RET005297,29-11-2024,MED021,WH001,113,Quality Issue
RET005298,05-05-2024,MED271,WH005,93,Customer Return
RET005299,24-10-2024,MED046,WH002,153,Wrong Product
RET005300,02-04-2024,MED218,WH009,164,Wrong Product
RET005301,05-04-2024,MED171,WH010,12,Overstock
RET005302,03-06-2025,MED222,WH002,138,Damaged
RET005303,24-05-2024,MED300,WH004,175,Expired
RET005304,25-07-2024,MED231,WH005,141,Damaged
RET005305,02-11-2024,MED252,WH006,81,Quality Issue
RET005306,04-10-2024,MED101,WH001,151,Expired
RET005307,18-01-2024,MED245,WH009,28,Damaged
RET005308,01-05-2024,MED200,WH005,114,Quality Issue
RET005309,21-03-2024,MED259,WH009,55,Overstock
RET005310,18-09-2024,MED286,WH002,180,Customer Return
RET005311,16-01-2025,MED170,WH006,20,Wrong Product
RET005312,23-01-2025,MED003,WH006,156,Quality Issue
RET005313,08-02-2024,MED239,WH004,200,Not Specified
RET005314,07-04-2024,MED078,WH005,189,Expired
RET005315,29-09-2024,MED250,WH002,114,Customer Return
RET005316,05-03-2025,MED275,WH003,88,Expired
RET005317,01-07-2024,MED155,WH009,133,Customer Return
RET005318,07-08-2024,MED076,WH008,196,Overstock
RET005319,20-08-2024,MED008,WH008,73,Quality Issue
RET005320,12-02-2024,MED054,WH003,178,Overstock
RET005321,14-01-2024,MED036,WH006,57,Customer Return
RET005322,08-08-2024,MED083,WH008,139,Wrong Product
RET005323,07-03-2025,MED122,WH003,10,Customer Return
RET005324,29-07-2024,MED263,WH006,19,Wrong Product
RET005325,28-02-2024,MED276,WH007,183,Quality Issue
RET005326,07-08-2024,MED247,WH007,122,Overstock
RET005327,27-11-2024,MED200,WH006,53,Customer Return
RET005328,29-10-2024,MED222,WH001,180,Customer Return
RET005329,07-03-2024,MED267,WH002,43,Expired
RET005330,18-12-2024,MED241,WH001,42,Quality Issue
RET005331,10-03-2025,MED282,WH002,21,Not Specified
RET005332,04-09-2024,MED160,WH009,88,Overstock
RET005333,20-11-2024,MED076,WH007,183,Wrong Product
RET005334,06-01-2025,MED215,WH010,40,Damaged
RET005335,27-05-2024,MED272,WH005,161,Quality Issue
RET005336,19-03-2024,MED123,WH003,35,Overstock
RET005337,06-01-2024,MED203,WH006,19,Damaged
RET005338,04-01-2025,MED041,WH008,173,Wrong Product
RET005339,18-03-2025,MED094,WH001,19,Customer Return
RET005340,01-10-2024,MED147,WH002,6,Expired
RET005341,30-04-2024,MED163,WH003,7,Customer Return
RET005342,12-05-2025,MED111,WH002,102,Customer Return
RET005343,13-07-2024,MED049,WH010,168,Customer Return
RET005344,02-05-2024,MED175,WH004,88,Expired
RET005345,28-09-2024,MED199,WH005,196,Damaged
RET005346,20-05-2025,MED015,WH004,195,Quality Issue
RET005347,11-01-2024,MED195,WH001,28,Not Specified
RET005348,24-03-2025,MED224,WH006,144,Overstock
RET005349,25-04-2024,MED091,WH007,90,Damaged
RET005350,29-06-2024,MED011,WH006,154,Overstock
RET005351,25-11-2024,MED247,WH009,18,Expired
RET005352,10-03-2025,MED095,WH005,197,Overstock
RET005353,20-06-2024,MED073,WH009,185,Expired
RET005354,15-03-2024,MED087,WH004,93,Expired
RET005355,21-04-2025,MED123,WH007,43,Overstock
RET005356,11-10-2024,MED213,WH001,178,Customer Return
RET005357,28-11-2024,MED252,WH005,12,Wrong Product
RET005358,12-01-2025,MED164,WH004,93,Overstock
RET005359,07-01-2024,MED138,WH001,72,Wrong Product
RET005360,27-11-2024,MED259,WH007,185,Wrong Product
RET005361,19-02-2025,MED185,WH007,133,Damaged
RET005362,17-11-2024,MED045,WH006,38,Quality Issue
RET005363,01-06-2025,MED271,WH006,132,Damaged
RET005364,11-11-2024,MED274,WH009,129,Expired
RET005365,30-01-2025,MED019,WH002,160,Overstock
RET005366,24-05-2024,MED096,WH010,143,Expired
RET005367,01-05-2024,MED260,WH010,170,Customer Return
RET005368,01-01-2024,MED103,WH007,109,Overstock
RET005369,27-08-2024,MED031,WH007,191,Damaged
RET005370,16-08-2024,MED080,WH006,7,Wrong Product
RET005371,28-06-2025,MED179,WH003,158,Quality Issue
RET005372,07-08-2024,MED051,WH006,158,Customer Return
RET005373,28-05-2024,MED073,WH005,24,Quality Issue
RET005374,12-03-2024,MED099,WH010,17,Overstock
RET005375,23-09-2024,MED101,WH008,31,Wrong Product
RET005376,07-05-2025,MED118,WH010,163,Customer Return
RET005377,15-08-2024,MED092,WH009,168,Overstock
RET005378,02-05-2024,MED052,WH002,174,Quality Issue
RET005379,05-01-2024,MED058,WH004,143,Expired
RET005380,05-05-2025,MED067,WH005,125,Quality Issue
RET005381,12-02-2024,MED051,WH006,107,Customer Return
RET005382,28-04-2025,MED080,WH009,93,Customer Return
RET005383,06-01-2025,MED151,WH006,92,Expired
RET005384,19-12-2024,MED016,WH008,179,Overstock
RET005385,07-10-2024,MED290,WH006,7,Overstock
RET005386,15-07-2024,MED064,WH007,78,Overstock
RET005387,26-02-2025,MED084,WH005,23,Quality Issue
RET005388,22-10-2024,MED191,WH009,71,Expired
RET005389,17-01-2025,MED289,WH001,152,Overstock
RET005390,26-08-2024,MED010,WH006,101,Customer Return
RET005391,04-03-2025,MED166,WH008,96,Expired
RET005392,08-06-2025,MED036,WH008,182,Expired
RET005393,02-12-2024,MED040,WH009,114,Damaged
RET005394,14-12-2024,MED283,WH004,178,Wrong Product
RET005395,21-02-2024,MED137,WH005,59,Overstock
RET005396,21-01-2024,MED202,WH003,109,Quality Issue
RET005397,28-04-2024,MED206,WH001,194,Damaged
RET005398,28-06-2025,MED286,WH003,35,Overstock
RET005399,05-04-2024,MED197,WH005,74,Wrong Product
RET005400,07-07-2024,MED185,WH007,58,Damaged
RET005401,26-12-2024,MED111,WH004,12,Customer Return
RET005402,16-03-2025,MED013,WH009,151,Overstock
RET005403,13-04-2025,MED037,WH010,40,Wrong Product
RET005404,04-09-2024,MED073,WH010,161,Quality Issue
RET005405,08-06-2024,MED298,WH004,56,Overstock
RET005406,09-05-2024,MED234,WH003,116,Overstock
RET005407,10-03-2025,MED006,WH002,8,Expired
RET005408,17-05-2024,MED242,WH009,66,Wrong Product
RET005409,26-01-2024,MED097,WH008,133,Overstock
RET005410,13-05-2025,MED117,WH009,151,Overstock
RET005411,12-03-2024,MED241,WH010,180,Wrong Product
RET005412,07-05-2024,MED269,WH001,200,Quality Issue
RET005413,04-03-2025,MED108,WH009,109,Not Specified
RET005414,13-12-2024,MED090,WH001,48,Customer Return
RET005415,09-03-2024,MED098,WH008,181,Quality Issue
RET005416,09-06-2025,MED071,WH010,88,Quality Issue
RET005417,05-10-2024,MED087,WH004,93,Customer Return
RET005418,15-05-2025,MED177,WH008,152,Damaged
RET005419,07-03-2024,MED278,WH008,25,Wrong Product
RET005420,24-07-2024,MED129,WH005,95,Damaged
RET005421,08-12-2024,MED231,WH003,199,Quality Issue
RET005422,17-11-2024,MED095,WH005,33,Wrong Product
RET005423,21-03-2024,MED012,WH003,92,Wrong Product
RET005424,01-04-2025,MED151,WH004,62,Expired
RET005425,29-06-2025,MED206,WH009,161,Damaged
RET005426,18-02-2024,MED258,WH003,141,Overstock
RET005427,24-08-2024,MED043,WH008,73,Wrong Product
RET005428,08-05-2025,MED027,WH002,150,Damaged
RET005429,07-12-2024,MED273,WH009,193,Wrong Product
RET005430,08-09-2024,MED211,WH005,117,Overstock
RET005431,02-02-2024,MED102,WH010,48,Overstock
RET005432,14-08-2024,MED150,WH006,77,Customer Return
RET005433,19-11-2024,MED082,WH010,173,Quality Issue
RET005434,16-06-2024,MED002,WH002,134,Wrong Product
RET005435,05-08-2024,MED111,WH008,95,Quality Issue
RET005436,04-05-2024,MED249,WH002,128,Damaged
RET005437,08-09-2024,MED186,WH005,63,Wrong Product
RET005438,06-02-2025,MED203,WH001,131,Damaged
RET005439,31-05-2024,MED149,WH010,54,Expired
RET005440,06-04-2025,MED005,WH004,116,Quality Issue
RET005441,10-01-2024,MED229,WH005,38,Damaged
RET005442,01-10-2024,MED251,WH005,189,Customer Return
RET005443,12-08-2024,MED274,WH001,193,Damaged
RET005444,15-10-2024,MED082,WH008,31,Wrong Product
RET005445,27-07-2024,MED158,WH010,65,Overstock
RET005446,30-07-2024,MED067,WH005,104,Customer Return
RET005447,17-03-2024,MED294,WH002,124,Overstock
RET005448,15-02-2024,MED251,WH010,169,Customer Return
RET005449,18-04-2024,MED058,WH006,126,Customer Return
RET005450,09-06-2025,MED163,WH003,53,Overstock
RET005451,05-03-2024,MED194,WH002,76,Customer Return
RET005452,08-08-2024,MED057,WH004,94,Expired
RET005453,26-01-2025,MED019,WH010,103,Expired
RET005454,04-04-2025,MED225,WH003,85,Quality Issue
RET005455,01-06-2025,MED156,WH002,91,Customer Return
RET005456,05-10-2024,MED025,WH008,119,Customer Return
RET005457,07-09-2024,MED136,WH004,149,Quality Issue
RET005458,12-10-2024,MED011,WH004,58,Overstock
RET005459,26-02-2024,MED073,WH008,105,Damaged
RET005460,05-05-2024,MED021,WH003,126,Wrong Product
RET005461,27-03-2024,MED173,WH006,69,Damaged
RET005462,17-02-2024,MED133,WH002,112,Quality Issue
RET005463,24-11-2024,MED146,WH010,10,Expired
RET005464,25-06-2024,MED097,WH003,41,Expired
RET005465,08-06-2025,MED172,WH007,17,Customer Return
RET005466,06-06-2024,MED075,WH001,13,Overstock
RET005467,13-04-2025,MED165,WH005,63,Wrong Product
RET005468,15-04-2024,MED124,WH001,104,Customer Return
RET005469,30-06-2024,MED057,WH007,143,Wrong Product
RET005470,09-05-2025,MED005,WH001,9,Quality Issue
RET005471,18-03-2024,MED133,WH001,82,Not Specified
RET005472,25-11-2024,MED292,WH006,62,Overstock
RET005473,25-04-2025,MED146,WH002,97,Quality Issue
RET005474,22-05-2024,MED050,WH002,44,Wrong Product
RET005475,18-04-2024,MED025,WH005,127,Overstock
RET005476,18-02-2025,MED280,WH006,156,Damaged
RET005477,19-05-2025,MED067,WH001,171,Quality Issue
RET005478,03-02-2024,MED105,WH002,178,Quality Issue
RET005479,16-01-2025,MED026,WH003,177,Wrong Product
RET005480,12-01-2024,MED194,WH001,177,Wrong Product
RET005481,19-09-2024,MED249,WH005,79,Wrong Product
RET005482,02-01-2024,MED090,WH005,80,Quality Issue
RET005483,10-07-2024,MED234,WH005,61,Expired
RET005484,30-11-2024,MED162,WH008,5,Quality Issue
RET005485,30-03-2024,MED156,WH009,158,Overstock
RET005486,28-08-2024,MED205,WH008,155,Damaged
RET005487,31-05-2024,MED039,WH005,70,Customer Return
RET005488,12-03-2024,MED285,WH003,197,Quality Issue
RET005489,23-02-2025,MED296,WH004,99,Wrong Product
RET005490,03-11-2024,MED140,WH005,92,Quality Issue
RET005491,04-05-2024,MED258,WH010,56,Expired
RET005492,21-04-2025,MED187,WH008,62,Quality Issue
RET005493,28-12-2024,MED199,WH009,30,Expired
RET005494,05-02-2024,MED156,WH005,54,Wrong Product
RET005495,21-01-2024,MED009,WH008,109,Expired
RET005496,17-06-2024,MED185,WH002,145,Overstock
RET005497,23-11-2024,MED177,WH009,147,Overstock
RET005498,22-09-2024,MED193,WH003,197,Wrong Product
RET005499,09-07-2024,MED186,WH001,174,Expired
RET005500,02-02-2025,MED161,WH006,141,Customer Return
RET005501,01-08-2024,MED081,WH004,145,Wrong Product
RET005502,05-10-2024,MED175,WH005,25,Wrong Product
RET005503,16-04-2024,MED190,WH008,92,Damaged
RET005504,15-01-2024,MED217,WH007,27,Expired
RET005505,08-07-2024,MED123,WH009,139,Damaged
RET005506,07-09-2024,MED228,WH009,51,Customer Return
RET005507,04-01-2024,MED093,WH004,72,Quality Issue
RET005508,09-06-2025,MED129,WH004,67,Overstock
RET005509,24-03-2024,MED212,WH001,92,Overstock
RET005510,04-03-2024,MED123,WH005,66,Damaged
RET005511,29-06-2024,MED050,WH001,69,Wrong Product
RET005512,22-01-2024,MED219,WH009,60,Overstock
RET005513,14-12-2024,MED290,WH009,126,Customer Return
RET005514,24-05-2024,MED166,WH004,49,Quality Issue
RET005515,15-02-2025,MED086,WH008,117,Damaged
RET005516,24-02-2024,MED150,WH008,151,Wrong Product
RET005517,13-09-2024,MED233,WH009,181,Damaged
RET005518,09-05-2025,MED294,WH001,190,Overstock
RET005519,16-02-2025,MED193,WH009,166,Quality Issue
RET005520,15-02-2024,MED102,WH007,169,Overstock
RET005521,16-03-2025,MED173,WH002,137,Damaged
RET005522,29-03-2024,MED033,WH005,189,Wrong Product
RET005523,01-08-2024,MED228,WH008,78,Wrong Product
RET005524,07-03-2024,MED072,WH003,157,Wrong Product
RET005525,06-06-2024,MED275,WH003,47,Expired
RET005526,09-11-2024,MED085,WH001,137,Expired
RET005527,28-05-2024,MED155,WH002,99,Damaged
RET005528,19-01-2025,MED056,WH001,24,Wrong Product
RET005529,07-05-2024,MED195,WH007,191,Damaged
RET005530,28-05-2025,MED113,WH009,137,Overstock
RET005531,25-11-2024,MED221,WH007,172,Wrong Product
RET005532,20-03-2025,MED234,WH006,36,Overstock
RET005533,01-02-2024,MED173,WH004,65,Damaged
RET005534,24-07-2024,MED041,WH002,67,Overstock
RET005535,12-05-2024,MED299,WH007,94,Expired
RET005536,11-08-2024,MED083,WH008,127,Expired
RET005537,18-02-2025,MED288,WH005,52,Wrong Product
RET005538,10-06-2024,MED237,WH007,18,Expired
RET005539,01-05-2024,MED029,WH007,55,Expired
RET005540,24-03-2024,MED125,WH006,45,Quality Issue
RET005541,19-02-2025,MED252,WH008,149,Overstock
RET005542,16-09-2024,MED014,WH010,65,Quality Issue
RET005543,22-07-2024,MED060,WH003,164,Quality Issue
RET005544,10-02-2025,MED127,WH009,20,Damaged
RET005545,02-01-2025,MED001,WH007,73,Overstock
RET005546,23-05-2024,MED056,WH010,163,Expired
RET005547,16-08-2024,MED047,WH005,88,Damaged
RET005548,16-04-2025,MED159,WH001,152,Damaged
RET005549,08-10-2024,MED123,WH003,29,Expired
RET005550,23-04-2024,MED049,WH002,180,Wrong Product
RET005551,26-09-2024,MED149,WH008,72,Quality Issue
RET005552,26-03-2024,MED181,WH003,29,Wrong Product
RET005553,22-09-2024,MED080,WH001,130,Damaged
RET005554,08-06-2025,MED164,WH005,70,Wrong Product
RET005555,19-01-2024,MED028,WH007,153,Not Specified
RET005556,08-09-2024,MED209,WH010,161,Expired
RET005557,09-02-2024,MED071,WH004,163,Damaged
RET005558,18-04-2025,MED109,WH002,171,Expired
RET005559,17-02-2025,MED084,WH001,31,Customer Return
RET005560,26-01-2025,MED028,WH005,74,Customer Return
RET005561,29-03-2025,MED185,WH008,24,Quality Issue
RET005562,09-02-2025,MED129,WH007,158,Damaged
RET005563,26-08-2024,MED246,WH009,8,Damaged
RET005564,14-01-2025,MED266,WH008,90,Overstock
RET005565,05-06-2025,MED144,WH002,57,Expired
RET005566,25-12-2024,MED126,WH009,182,Wrong Product
RET005567,22-02-2025,MED259,WH008,11,Expired
RET005568,14-03-2025,MED251,WH004,161,Quality Issue
RET005569,27-12-2024,MED129,WH009,62,Damaged
RET005570,29-09-2024,MED091,WH005,196,Customer Return
RET005571,03-08-2024,MED070,WH002,121,Overstock
RET005572,11-02-2025,MED091,WH009,172,Damaged
RET005573,17-11-2024,MED270,WH010,148,Damaged
RET005574,31-03-2024,MED104,WH001,121,Quality Issue
RET005575,14-02-2024,MED127,WH003,84,Damaged
RET005576,07-01-2024,MED172,WH010,12,Overstock
RET005577,25-02-2025,MED020,WH007,69,Overstock
RET005578,10-05-2024,MED199,WH007,39,Quality Issue
RET005579,11-08-2024,MED243,WH008,99,Overstock
RET005580,29-02-2024,MED232,WH002,149,Wrong Product
RET005581,24-01-2025,MED296,WH006,153,Damaged
RET005582,02-04-2024,MED285,WH010,130,Quality Issue
RET005583,15-07-2024,MED163,WH005,199,Customer Return
RET005584,02-08-2024,MED219,WH003,172,Overstock
RET005585,25-09-2024,MED183,WH006,199,Quality Issue
RET005586,29-01-2025,MED189,WH005,194,Expired
RET005587,11-12-2024,MED105,WH010,171,Wrong Product
RET005588,24-01-2025,MED179,WH002,103,Customer Return
RET005589,10-05-2024,MED297,WH006,117,Damaged
RET005590,13-03-2025,MED166,WH004,41,Wrong Product
RET005591,15-11-2024,MED223,WH002,166,Expired
RET005592,25-08-2024,MED113,WH008,143,Quality Issue
RET005593,27-09-2024,MED283,WH008,160,Overstock
RET005594,07-02-2025,MED063,WH008,80,Overstock
RET005595,12-01-2024,MED277,WH008,109,Quality Issue
RET005596,03-01-2024,MED123,WH010,175,Wrong Product
RET005597,06-05-2024,MED016,WH003,131,Customer Return
RET005598,19-06-2025,MED008,WH010,65,Expired
RET005599,08-04-2024,MED036,WH005,190,Expired
RET005600,04-09-2024,MED061,WH001,178,Overstock
RET005601,13-04-2025,MED211,WH009,139,Customer Return
RET005602,04-04-2025,MED280,WH003,99,Overstock
RET005603,18-03-2024,MED155,WH006,182,Overstock
RET005604,20-08-2024,MED029,WH002,20,Wrong Product
RET005605,03-03-2024,MED214,WH005,133,Overstock
RET005606,23-11-2024,MED289,WH003,171,Customer Return
RET005607,20-10-2024,MED183,WH010,121,Customer Return
RET005608,03-07-2024,MED278,WH007,175,Quality Issue
RET005609,10-06-2024,MED260,WH007,44,Quality Issue
RET005610,19-03-2025,MED087,WH002,178,Customer Return
RET005611,03-03-2025,MED097,WH003,135,Quality Issue
RET005612,13-10-2024,MED155,WH007,127,Quality Issue
RET005613,04-06-2024,MED278,WH001,60,Wrong Product
RET005614,09-08-2024,MED215,WH001,31,Expired
RET005615,21-05-2025,MED058,WH005,28,Customer Return
RET005616,07-05-2025,MED165,WH010,21,Customer Return
RET005617,18-01-2024,MED196,WH010,95,Customer Return
RET005618,13-02-2024,MED007,WH003,117,Wrong Product
RET005619,03-06-2024,MED079,WH002,116,Quality Issue
RET005620,31-03-2024,MED261,WH003,7,Expired
RET005621,03-03-2025,MED282,WH002,49,Damaged
RET005622,29-04-2024,MED056,WH006,96,Damaged
RET005623,25-02-2024,MED290,WH008,63,Quality Issue
RET005624,17-04-2024,MED208,WH004,117,Quality Issue
RET005625,09-11-2024,MED246,WH006,141,Quality Issue
RET005626,07-02-2025,MED060,WH001,59,Quality Issue
RET005627,17-06-2025,MED216,WH006,92,Damaged
RET005628,09-05-2024,MED279,WH007,157,Quality Issue
RET005629,23-08-2024,MED294,WH008,92,Overstock
RET005630,09-03-2025,MED006,WH007,131,Customer Return
RET005631,15-04-2025,MED157,WH007,163,Damaged
RET005632,08-02-2025,MED280,WH006,158,Wrong Product
RET005633,22-05-2024,MED085,WH009,198,Overstock
RET005634,04-02-2025,MED099,WH006,112,Wrong Product
RET005635,25-12-2024,MED091,WH001,131,Overstock
RET005636,09-02-2024,MED179,WH007,87,Damaged
RET005637,14-11-2024,MED232,WH007,36,Wrong Product
RET005638,12-05-2024,MED207,WH005,149,Customer Return
RET005639,02-03-2024,MED010,WH007,25,Wrong Product
RET005640,25-03-2024,MED178,WH003,54,Customer Return
RET005641,29-01-2025,MED211,WH002,22,Wrong Product
RET005642,14-11-2024,MED167,WH007,122,Quality Issue
RET005643,11-01-2024,MED201,WH003,121,Overstock
RET005644,14-02-2024,MED017,WH002,27,Damaged
RET005645,16-02-2025,MED042,WH003,80,Quality Issue
RET005646,16-04-2025,MED130,WH010,29,Wrong Product
RET005647,09-04-2025,MED098,WH005,191,Quality Issue
RET005648,18-07-2024,MED296,WH002,179,Wrong Product
RET005649,24-06-2025,MED229,WH005,197,Overstock
RET005650,27-05-2024,MED080,WH010,21,Expired
RET005651,31-05-2024,MED192,WH008,79,Wrong Product
RET005652,08-09-2024,MED101,WH004,7,Damaged
RET005653,15-03-2025,MED033,WH003,36,Expired
RET005654,01-04-2025,MED044,WH002,75,Overstock
RET005655,21-03-2025,MED059,WH004,100,Expired
RET005656,13-02-2024,MED044,WH002,123,Expired
RET005657,15-04-2024,MED295,WH008,112,Overstock
RET005658,24-09-2024,MED211,WH003,123,Damaged
RET005659,16-02-2025,MED107,WH008,186,Overstock
RET005660,08-04-2024,MED105,WH005,183,Customer Return
RET005661,13-08-2024,MED090,WH006,150,Overstock
RET005662,22-05-2024,MED091,WH010,183,Damaged
RET005663,22-02-2024,MED164,WH007,145,Customer Return
RET005664,11-04-2025,MED110,WH005,106,Damaged
RET005665,28-06-2025,MED045,WH002,31,Overstock
RET005666,14-09-2024,MED247,WH006,200,Expired
RET005667,12-08-2024,MED021,WH008,14,Not Specified
RET005668,05-03-2025,MED108,WH001,141,Expired
RET005669,05-02-2025,MED169,WH002,8,Customer Return
RET005670,26-09-2024,MED120,WH008,143,Expired
RET005671,17-04-2024,MED189,WH008,106,Wrong Product
RET005672,12-12-2024,MED148,WH002,179,Wrong Product
RET005673,04-06-2024,MED261,WH007,142,Damaged
RET005674,04-02-2024,MED153,WH003,85,Wrong Product
RET005675,04-10-2024,MED131,WH001,166,Overstock
RET005676,07-03-2024,MED014,WH003,167,Quality Issue
RET005677,11-06-2024,MED012,WH006,37,Wrong Product
RET005678,24-04-2025,MED181,WH006,37,Wrong Product
RET005679,29-05-2025,MED174,WH009,127,Wrong Product
RET005680,08-08-2024,MED151,WH007,156,Damaged
RET005681,21-07-2024,MED030,WH007,73,Customer Return
RET005682,26-01-2025,MED186,WH009,122,Customer Return
RET005683,02-06-2024,MED150,WH010,74,Customer Return
RET005684,13-01-2024,MED034,WH006,80,Damaged
RET005685,07-06-2025,MED093,WH008,195,Wrong Product
RET005686,26-12-2024,MED244,WH005,30,Customer Return
RET005687,17-06-2025,MED136,WH005,188,Overstock
RET005688,25-06-2025,MED242,WH001,168,Damaged
RET005689,25-11-2024,MED034,WH008,77,Damaged
RET005690,03-04-2025,MED073,WH008,177,Overstock
RET005691,23-05-2025,MED233,WH009,147,Customer Return
RET005692,28-06-2025,MED093,WH007,112,Customer Return
RET005693,22-05-2025,MED203,WH005,72,Quality Issue
RET005694,16-06-2025,MED054,WH010,181,Damaged
RET005695,04-03-2024,MED114,WH009,137,Quality Issue
RET005696,12-02-2024,MED242,WH003,113,Quality Issue
RET005697,26-02-2025,MED170,WH008,185,Quality Issue
RET005698,27-06-2024,MED282,WH004,157,Wrong Product
RET005699,10-02-2025,MED244,WH004,133,Quality Issue
RET005700,03-03-2025,MED187,WH009,191,Overstock
RET005701,08-12-2024,MED049,WH002,182,Damaged
RET005702,08-07-2024,MED173,WH003,61,Damaged
RET005703,19-03-2024,MED275,WH002,38,Expired
RET005704,17-06-2024,MED011,WH008,47,Damaged
RET005705,04-01-2024,MED158,WH004,137,Expired
RET005706,06-02-2024,MED287,WH005,28,Overstock
RET005707,13-05-2025,MED005,WH003,194,Wrong Product
RET005708,25-04-2025,MED143,WH009,57,Overstock
RET005709,09-04-2025,MED132,WH002,109,Damaged
RET005710,16-11-2024,MED158,WH010,101,Wrong Product
RET005711,26-04-2025,MED003,WH009,141,Overstock
RET005712,10-04-2024,MED169,WH007,108,Overstock
RET005713,02-01-2025,MED208,WH001,40,Damaged
RET005714,19-05-2025,MED157,WH002,100,Damaged
RET005715,28-04-2025,MED130,WH005,84,Quality Issue
RET005716,14-04-2024,MED284,WH008,134,Expired
RET005717,20-08-2024,MED075,WH009,120,Quality Issue
RET005718,01-12-2024,MED147,WH001,173,Quality Issue
RET005719,28-11-2024,MED204,WH005,42,Not Specified
RET005720,18-11-2024,MED061,WH008,130,Expired
RET005721,05-05-2024,MED079,WH003,70,Damaged
RET005722,18-03-2024,MED127,WH002,90,Quality Issue
RET005723,19-09-2024,MED141,WH001,71,Damaged
RET005724,13-03-2024,MED269,WH008,63,Wrong Product
RET005725,18-06-2025,MED288,WH010,140,Damaged
RET005726,03-01-2025,MED098,WH005,189,Damaged
RET005727,20-12-2024,MED092,WH004,56,Expired
RET005728,22-08-2024,MED053,WH006,26,Wrong Product
RET005729,27-04-2024,MED228,WH009,154,Damaged
RET005730,04-05-2024,MED151,WH003,189,Expired
RET005731,26-04-2024,MED109,WH006,165,Wrong Product
RET005732,12-05-2025,MED250,WH002,128,Wrong Product
RET005733,10-01-2024,MED015,WH006,191,Customer Return
RET005734,24-01-2024,MED286,WH002,118,Damaged
RET005735,13-04-2025,MED173,WH002,49,Damaged
RET005736,18-04-2025,MED199,WH003,66,Damaged
RET005737,20-03-2024,MED236,WH004,195,Customer Return
RET005738,03-06-2025,MED067,WH004,113,Expired
RET005739,16-07-2024,MED214,WH003,77,Expired
RET005740,09-09-2024,MED123,WH001,168,Quality Issue
RET005741,21-09-2024,MED054,WH003,47,Overstock
RET005742,17-01-2024,MED235,WH009,116,Wrong Product
RET005743,05-03-2024,MED191,WH009,88,Customer Return
RET005744,02-02-2024,MED241,WH004,21,Not Specified
RET005745,14-12-2024,MED214,WH009,48,Overstock
RET005746,08-12-2024,MED207,WH004,119,Quality Issue
RET005747,23-06-2024,MED007,WH005,64,Damaged
RET005748,20-05-2025,MED238,WH001,22,Expired
RET005749,01-06-2025,MED217,WH007,46,Not Specified
RET005750,16-05-2025,MED182,WH009,42,Overstock
RET005751,24-10-2024,MED148,WH007,115,Customer Return
RET005752,02-10-2024,MED096,WH009,43,Wrong Product
RET005753,19-02-2024,MED227,WH002,142,Overstock
RET005754,26-03-2024,MED115,WH002,119,Wrong Product
RET005755,04-06-2025,MED095,WH001,170,Customer Return
RET005756,17-02-2024,MED212,WH001,103,Quality Issue
RET005757,02-01-2025,MED247,WH010,79,Quality Issue
RET005758,10-06-2024,MED116,WH002,59,Damaged
RET005759,11-07-2024,MED291,WH002,24,Expired
RET005760,03-12-2024,MED287,WH004,61,Customer Return
RET005761,10-06-2025,MED021,WH010,108,Wrong Product
RET005762,20-06-2025,MED052,WH005,46,Wrong Product
RET005763,10-05-2024,MED160,WH002,153,Expired
RET005764,09-01-2024,MED219,WH002,196,Quality Issue
RET005765,07-05-2024,MED191,WH001,122,Quality Issue
RET005766,10-02-2024,MED035,WH007,50,Quality Issue
RET005767,25-04-2025,MED159,WH009,45,Overstock
RET005768,10-05-2024,MED091,WH006,59,Wrong Product
RET005769,24-04-2024,MED192,WH009,37,Overstock
RET005770,05-01-2025,MED150,WH003,151,Quality Issue
RET005771,23-01-2024,MED057,WH002,131,Expired
RET005772,14-05-2025,MED176,WH006,82,Overstock
RET005773,24-03-2025,MED069,WH005,25,Expired
RET005774,23-10-2024,MED118,WH006,14,Customer Return
RET005775,01-11-2024,MED276,WH003,178,Wrong Product
RET005776,17-10-2024,MED061,WH002,75,Quality Issue
RET005777,08-06-2024,MED073,WH007,45,Wrong Product
RET005778,22-06-2025,MED257,WH007,81,Quality Issue
RET005779,11-01-2024,MED072,WH004,69,Wrong Product
RET005780,03-06-2024,MED048,WH006,96,Expired
RET005781,18-02-2024,MED251,WH003,123,Quality Issue
RET005782,31-03-2024,MED231,WH008,30,Wrong Product
RET005783,29-10-2024,MED239,WH006,74,Wrong Product
RET005784,22-01-2024,MED141,WH009,169,Overstock
RET005785,07-06-2024,MED093,WH005,122,Damaged
RET005786,12-06-2024,MED073,WH006,197,Quality Issue
RET005787,26-03-2024,MED086,WH010,199,Overstock
RET005788,30-12-2024,MED116,WH001,60,Expired
RET005789,22-06-2025,MED102,WH001,18,Overstock
RET005790,19-05-2024,MED029,WH010,160,Expired
RET005791,25-03-2025,MED221,WH009,70,Customer Return
RET005792,02-02-2025,MED014,WH007,192,Overstock
RET005793,27-04-2025,MED289,WH009,192,Quality Issue
RET005794,19-07-2024,MED122,WH006,185,Customer Return
RET005795,13-03-2024,MED038,WH001,21,Wrong Product
RET005796,02-10-2024,MED235,WH009,131,Quality Issue
RET005797,21-01-2025,MED101,WH004,150,Expired
RET005798,18-07-2024,MED201,WH006,50,Wrong Product
RET005799,02-07-2024,MED238,WH001,135,Expired
RET005800,18-01-2024,MED237,WH004,93,Damaged
RET005801,01-08-2024,MED270,WH002,115,Overstock
RET005802,02-03-2025,MED115,WH010,10,Wrong Product
RET005803,15-02-2025,MED223,WH008,101,Quality Issue
RET005804,04-03-2025,MED210,WH009,167,Wrong Product
RET005805,22-02-2024,MED137,WH008,71,Overstock
RET005806,04-08-2024,MED223,WH006,94,Wrong Product
RET005807,15-01-2024,MED026,WH004,148,Wrong Product
RET005808,02-04-2024,MED074,WH006,126,Wrong Product
RET005809,07-10-2024,MED181,WH010,181,Damaged
RET005810,25-08-2024,MED021,WH006,140,Customer Return
RET005811,13-03-2025,MED183,WH004,34,Customer Return
RET005812,25-04-2024,MED142,WH007,16,Customer Return
RET005813,18-05-2025,MED268,WH005,73,Wrong Product
RET005814,13-04-2024,MED095,WH003,90,Overstock
RET005815,13-08-2024,MED156,WH002,63,Customer Return
RET005816,27-07-2024,MED288,WH006,147,Expired
RET005817,02-07-2024,MED120,WH002,123,Wrong Product
RET005818,02-08-2024,MED219,WH005,127,Not Specified
RET005819,01-08-2024,MED260,WH009,122,Damaged
RET005820,16-05-2024,MED092,WH007,11,Expired
RET005821,04-03-2025,MED075,WH009,70,Wrong Product
RET005822,11-11-2024,MED024,WH001,176,Wrong Product
RET005823,10-01-2024,MED094,WH008,143,Damaged
RET005824,08-02-2024,MED058,WH002,35,Wrong Product
RET005825,08-09-2024,MED098,WH004,85,Expired
RET005826,15-04-2025,MED144,WH001,58,Quality Issue
RET005827,10-06-2024,MED174,WH006,83,Customer Return
RET005828,19-02-2024,MED163,WH006,127,Overstock
RET005829,20-01-2025,MED285,WH006,40,Expired
RET005830,12-01-2024,MED269,WH004,111,Customer Return
RET005831,03-04-2024,MED072,WH001,170,Overstock
RET005832,10-05-2024,MED155,WH002,77,Quality Issue
RET005833,06-04-2024,MED028,WH002,200,Quality Issue
RET005834,10-06-2024,MED235,WH009,200,Customer Return
RET005835,17-10-2024,MED291,WH008,65,Quality Issue
RET005836,06-05-2024,MED161,WH003,17,Damaged
RET005837,26-05-2025,MED198,WH003,142,Damaged
RET005838,09-08-2024,MED162,WH009,37,Expired
RET005839,18-05-2025,MED037,WH010,45,Damaged
RET005840,04-07-2024,MED051,WH001,76,Quality Issue
RET005841,21-06-2025,MED148,WH002,171,Customer Return
RET005842,06-05-2025,MED209,WH005,184,Damaged
RET005843,18-03-2024,MED010,WH007,195,Expired
RET005844,20-05-2024,MED283,WH006,38,Damaged
RET005845,15-08-2024,MED071,WH004,118,Damaged
RET005846,17-05-2025,MED062,WH009,174,Overstock
RET005847,03-07-2024,MED181,WH004,175,Quality Issue
RET005848,22-06-2024,MED267,WH001,159,Wrong Product
RET005849,24-02-2024,MED123,WH003,193,Quality Issue
RET005850,29-04-2025,MED199,WH001,165,Quality Issue
RET005851,25-06-2024,MED251,WH006,159,Wrong Product
RET005852,21-03-2025,MED092,WH009,127,Overstock
RET005853,30-01-2024,MED014,WH004,100,Customer Return
RET005854,18-01-2025,MED128,WH004,170,Damaged
RET005855,29-06-2024,MED138,WH010,133,Damaged
RET005856,25-04-2024,MED141,WH003,132,Customer Return
RET005857,17-04-2025,MED012,WH008,46,Damaged
RET005858,16-08-2024,MED239,WH004,43,Overstock
RET005859,04-02-2025,MED050,WH010,29,Expired
RET005860,28-04-2024,MED059,WH005,37,Damaged
RET005861,26-05-2024,MED262,WH003,75,Wrong Product
RET005862,27-01-2024,MED079,WH003,70,Wrong Product
RET005863,22-12-2024,MED071,WH009,194,Expired
RET005864,09-08-2024,MED115,WH006,100,Customer Return
RET005865,27-11-2024,MED289,WH007,143,Damaged
RET005866,19-10-2024,MED221,WH008,100,Damaged
RET005867,08-05-2025,MED082,WH003,200,Quality Issue
RET005868,06-11-2024,MED199,WH006,59,Customer Return
RET005869,08-04-2024,MED113,WH009,93,Overstock
RET005870,25-08-2024,MED071,WH006,109,Damaged
RET005871,10-01-2025,MED087,WH004,81,Overstock
RET005872,05-01-2024,MED006,WH001,91,Quality Issue
RET005873,19-06-2025,MED047,WH001,9,Overstock
RET005874,03-06-2025,MED129,WH002,30,Quality Issue
RET005875,24-02-2024,MED140,WH009,105,Overstock
RET005876,29-01-2024,MED074,WH008,76,Expired
RET005877,17-04-2024,MED139,WH005,147,Wrong Product
RET005878,09-01-2024,MED187,WH001,26,Wrong Product
RET005879,30-01-2024,MED138,WH007,21,Wrong Product
RET005880,02-05-2025,MED257,WH001,93,Overstock
RET005881,02-02-2025,MED077,WH005,113,Overstock
RET005882,19-01-2025,MED044,WH002,97,Damaged
RET005883,11-02-2024,MED194,WH005,152,Customer Return
RET005884,15-02-2025,MED294,WH002,5,Damaged
RET005885,18-03-2025,MED124,WH002,139,Quality Issue
RET005886,01-02-2025,MED088,WH006,144,Damaged
RET005887,12-03-2024,MED200,WH007,171,Quality Issue
RET005888,15-04-2025,MED132,WH001,182,Quality Issue
RET005889,16-06-2025,MED066,WH008,89,Expired
RET005890,19-09-2024,MED119,WH010,123,Overstock
RET005891,30-09-2024,MED170,WH002,64,Customer Return
RET005892,23-04-2025,MED219,WH001,28,Customer Return
RET005893,01-12-2024,MED267,WH003,200,Overstock
RET005894,16-02-2025,MED101,WH007,32,Overstock
RET005895,31-05-2024,MED269,WH006,57,Customer Return
RET005896,08-06-2025,MED009,WH009,12,Quality Issue
RET005897,02-03-2025,MED200,WH007,176,Overstock
RET005898,30-08-2024,MED162,WH005,199,Expired
RET005899,02-06-2025,MED130,WH006,95,Wrong Product
RET005900,28-06-2024,MED151,WH002,14,Overstock
RET005901,13-05-2024,MED141,WH010,127,Quality Issue
RET005902,06-06-2025,MED158,WH004,193,Expired
RET005903,07-02-2025,MED159,WH001,82,Customer Return
RET005904,09-04-2024,MED032,WH008,152,Customer Return
RET005905,27-11-2024,MED151,WH005,40,Customer Return
RET005906,01-05-2024,MED183,WH002,199,Wrong Product
RET005907,08-02-2024,MED215,WH007,114,Expired
RET005908,30-06-2024,MED191,WH010,198,Quality Issue
RET005909,02-12-2024,MED248,WH001,50,Customer Return
RET005910,04-03-2024,MED067,WH008,123,Quality Issue
RET005911,18-03-2025,MED145,WH009,150,Damaged
RET005912,15-03-2024,MED251,WH004,107,Expired
RET005913,19-04-2025,MED158,WH004,80,Quality Issue
RET005914,07-10-2024,MED224,WH008,99,Wrong Product
RET005915,30-01-2025,MED211,WH010,89,Customer Return
RET005916,05-01-2025,MED121,WH001,61,Overstock
RET005917,07-06-2025,MED223,WH002,27,Quality Issue
RET005918,20-08-2024,MED033,WH001,178,Damaged
RET005919,24-06-2024,MED279,WH007,51,Expired
RET005920,13-04-2024,MED066,WH008,146,Customer Return
RET005921,28-07-2024,MED071,WH007,11,Quality Issue
RET005922,27-06-2025,MED135,WH010,76,Customer Return
RET005923,10-01-2024,MED195,WH005,103,Wrong Product
RET005924,04-06-2024,MED140,WH002,116,Overstock
RET005925,08-01-2025,MED053,WH009,172,Quality Issue
RET005926,11-04-2025,MED190,WH008,127,Overstock
RET005927,17-06-2024,MED166,WH002,61,Damaged
RET005928,24-08-2024,MED204,WH009,82,Expired
RET005929,03-11-2024,MED220,WH009,144,Customer Return
RET005930,04-08-2024,MED191,WH007,40,Customer Return
RET005931,17-03-2025,MED037,WH007,50,Expired
RET005932,21-04-2024,MED159,WH010,64,Expired
RET005933,08-10-2024,MED287,WH010,175,Quality Issue
RET005934,03-07-2024,MED065,WH003,45,Expired
RET005935,30-03-2025,MED214,WH004,86,Overstock
RET005936,13-09-2024,MED182,WH004,109,Expired
RET005937,31-05-2024,MED245,WH008,80,Customer Return
RET005938,26-04-2024,MED279,WH003,190,Damaged
RET005939,23-03-2024,MED209,WH007,69,Overstock
RET005940,12-02-2025,MED059,WH010,98,Customer Return
RET005941,18-05-2024,MED156,WH008,200,Expired
RET005942,11-01-2024,MED013,WH010,27,Damaged
RET005943,19-02-2024,MED257,WH004,63,Overstock
RET005944,15-01-2024,MED279,WH009,23,Customer Return
RET005945,28-02-2024,MED005,WH005,187,Wrong Product
RET005946,15-02-2025,MED136,WH010,120,Wrong Product
RET005947,26-11-2024,MED048,WH004,167,Expired
RET005948,24-08-2024,MED101,WH004,195,Customer Return
RET005949,26-04-2025,MED218,WH001,41,Wrong Product
RET005950,20-01-2024,MED021,WH003,177,Damaged
RET005951,23-02-2024,MED010,WH008,95,Damaged
RET005952,16-05-2025,MED135,WH003,112,Overstock
RET005953,14-01-2024,MED151,WH010,36,Customer Return
RET005954,11-09-2024,MED151,WH004,32,Overstock
RET005955,17-09-2024,MED025,WH007,200,Quality Issue
RET005956,11-03-2025,MED258,WH002,135,Overstock
RET005957,10-11-2024,MED143,WH003,60,Not Specified
RET005958,01-12-2024,MED159,WH002,100,Overstock
RET005959,08-12-2024,MED282,WH007,32,Customer Return
RET005960,27-05-2024,MED275,WH002,147,Quality Issue
RET005961,28-09-2024,MED221,WH006,15,Wrong Product
RET005962,08-04-2024,MED244,WH002,186,Overstock
RET005963,20-01-2025,MED065,WH007,49,Damaged
RET005964,01-03-2024,MED132,WH007,128,Expired
RET005965,01-09-2024,MED168,WH010,37,Expired
RET005966,19-03-2024,MED095,WH009,79,Expired
RET005967,27-03-2025,MED185,WH001,123,Damaged
RET005968,19-03-2025,MED090,WH007,126,Customer Return
RET005969,18-07-2024,MED223,WH010,175,Expired
RET005970,14-06-2024,MED253,WH009,25,Wrong Product
RET005971,24-04-2024,MED162,WH010,103,Damaged
RET005972,04-01-2024,MED213,WH002,162,Expired
RET005973,23-01-2025,MED014,WH003,14,Damaged
RET005974,20-06-2024,MED284,WH005,161,Overstock
RET005975,07-11-2024,MED161,WH004,31,Wrong Product
RET005976,30-01-2025,MED268,WH002,155,Expired
RET005977,10-04-2024,MED266,WH006,63,Expired
RET005978,18-02-2025,MED090,WH003,86,Wrong Product
RET005979,06-05-2025,MED284,WH001,46,Damaged
RET005980,07-02-2024,MED037,WH007,194,Quality Issue
RET005981,24-05-2024,MED113,WH007,27,Overstock
RET005982,23-09-2024,MED220,WH003,131,Quality Issue
RET005983,27-01-2024,MED064,WH007,186,Quality Issue
RET005984,15-05-2025,MED135,WH002,23,Customer Return
RET005985,29-06-2025,MED162,WH003,24,Customer Return
RET005986,27-04-2025,MED114,WH004,169,Damaged
RET005987,01-04-2024,MED263,WH010,99,Expired
RET005988,26-05-2025,MED057,WH007,134,Wrong Product
RET005989,03-04-2025,MED249,WH006,191,Expired
RET005990,02-04-2025,MED097,WH003,193,Quality Issue
RET005991,22-05-2025,MED165,WH009,50,Wrong Product
RET005992,05-03-2024,MED097,WH004,74,Customer Return
RET005993,11-07-2024,MED162,WH008,130,Damaged
RET005994,09-11-2024,MED181,WH003,26,Expired
RET005995,28-01-2024,MED091,WH008,173,Quality Issue
RET005996,06-01-2024,MED201,WH005,107,Overstock
RET005997,15-02-2025,MED046,WH006,6,Not Specified
RET005998,26-05-2024,MED260,WH008,10,Expired
RET005999,29-07-2024,MED255,WH008,63,Expired
RET006000,12-09-2024,MED237,WH006,68,Overstock
RET006001,28-05-2025,MED115,WH001,178,Overstock
RET006002,26-09-2024,MED176,WH001,129,Damaged
RET006003,07-03-2025,MED025,WH002,146,Wrong Product
RET006004,20-03-2025,MED291,WH008,18,Expired
RET006005,13-12-2024,MED138,WH009,72,Damaged
RET006006,19-03-2024,MED173,WH003,172,Customer Return
RET006007,29-01-2024,MED248,WH010,14,Expired
RET006008,20-08-2024,MED040,WH001,11,Customer Return
RET006009,27-08-2024,MED179,WH001,171,Customer Return
RET006010,01-01-2024,MED199,WH009,103,Damaged
RET006011,13-01-2025,MED290,WH001,155,Expired
RET006012,01-11-2024,MED047,WH004,96,Customer Return
RET006013,01-12-2024,MED289,WH010,69,Wrong Product
RET006014,02-04-2025,MED097,WH001,44,Overstock
RET006015,24-05-2024,MED265,WH010,40,Expired
RET006016,02-03-2025,MED030,WH003,13,Overstock
RET006017,25-05-2025,MED143,WH004,158,Customer Return
RET006018,09-09-2024,MED193,WH010,81,Overstock
RET006019,18-01-2025,MED091,WH005,119,Quality Issue
RET006020,13-04-2024,MED092,WH002,120,Expired
RET006021,31-01-2024,MED129,WH008,52,Wrong Product
RET006022,28-12-2024,MED138,WH008,150,Customer Return
RET006023,20-02-2025,MED086,WH010,159,Overstock
RET006024,19-06-2025,MED145,WH009,42,Damaged
RET006025,17-01-2025,MED237,WH005,57,Expired
RET006026,29-01-2025,MED024,WH004,173,Not Specified
RET006027,13-09-2024,MED119,WH001,55,Expired
RET006028,09-03-2025,MED050,WH006,149,Expired
RET006029,24-03-2025,MED041,WH004,124,Customer Return
RET006030,02-04-2025,MED117,WH007,82,Quality Issue
RET006031,24-04-2024,MED179,WH009,189,Overstock
RET006032,12-03-2024,MED183,WH009,187,Wrong Product
RET006033,14-03-2025,MED219,WH001,148,Customer Return
RET006034,28-09-2024,MED021,WH008,199,Customer Return
RET006035,08-02-2024,MED207,WH005,187,Damaged
RET006036,10-04-2025,MED179,WH003,38,Customer Return
RET006037,02-05-2024,MED082,WH004,37,Customer Return
RET006038,16-05-2025,MED257,WH006,75,Overstock
RET006039,21-11-2024,MED064,WH006,122,Quality Issue
RET006040,10-03-2024,MED080,WH001,100,Damaged
RET006041,24-06-2024,MED122,WH002,193,Customer Return
RET006042,10-01-2025,MED193,WH002,51,Damaged
RET006043,01-02-2025,MED070,WH007,84,Damaged
RET006044,14-05-2024,MED169,WH003,161,Quality Issue
RET006045,28-02-2025,MED047,WH008,82,Wrong Product
RET006046,06-10-2024,MED292,WH004,108,Quality Issue
RET006047,17-09-2024,MED008,WH005,130,Damaged
RET006048,18-01-2024,MED071,WH010,114,Expired
RET006049,18-12-2024,MED244,WH004,76,Overstock
RET006050,25-01-2024,MED004,WH002,30,Wrong Product
RET006051,03-02-2024,MED277,WH003,115,Damaged
RET006052,14-06-2025,MED151,WH002,149,Damaged
RET006053,18-11-2024,MED044,WH008,95,Overstock
RET006054,01-12-2024,MED229,WH010,30,Damaged
RET006055,26-03-2025,MED278,WH007,17,Damaged
RET006056,02-03-2024,MED243,WH010,65,Quality Issue
RET006057,06-12-2024,MED202,WH003,41,Customer Return
RET006058,03-08-2024,MED280,WH006,77,Quality Issue
RET006059,05-03-2024,MED267,WH007,114,Damaged
RET006060,17-03-2025,MED214,WH008,73,Customer Return
RET006061,07-05-2025,MED281,WH010,73,Wrong Product
RET006062,29-11-2024,MED120,WH002,140,Overstock
RET006063,01-07-2024,MED295,WH002,44,Wrong Product
RET006064,28-04-2025,MED167,WH006,57,Customer Return
RET006065,01-06-2025,MED183,WH004,173,Expired
RET006066,13-03-2024,MED160,WH007,44,Overstock
RET006067,29-08-2024,MED281,WH006,123,Customer Return
RET006068,09-11-2024,MED026,WH009,180,Expired
RET006069,12-05-2024,MED096,WH010,63,Expired
RET006070,08-03-2024,MED300,WH004,103,Customer Return
RET006071,05-10-2024,MED007,WH008,113,Damaged
RET006072,21-05-2024,MED246,WH009,193,Damaged
RET006073,31-01-2025,MED297,WH006,15,Wrong Product
RET006074,10-07-2024,MED266,WH004,157,Quality Issue
RET006075,23-10-2024,MED032,WH004,7,Overstock
RET006076,12-01-2024,MED071,WH001,76,Damaged
RET006077,07-04-2024,MED109,WH005,138,Customer Return
RET006078,11-03-2024,MED153,WH006,122,Damaged
RET006079,14-04-2025,MED078,WH001,77,Quality Issue
RET006080,23-06-2024,MED182,WH008,61,Wrong Product
RET006081,09-09-2024,MED140,WH010,6,Expired
RET006082,17-05-2024,MED045,WH010,87,Damaged
RET006083,08-09-2024,MED121,WH005,92,Quality Issue
RET006084,17-07-2024,MED136,WH002,177,Expired
RET006085,06-12-2024,MED085,WH003,132,Quality Issue
RET006086,24-05-2024,MED065,WH003,37,Wrong Product
RET006087,16-03-2024,MED292,WH004,72,Wrong Product
RET006088,13-06-2024,MED014,WH006,162,Wrong Product
RET006089,26-06-2024,MED153,WH010,22,Overstock
RET006090,07-02-2025,MED152,WH003,88,Customer Return
RET006091,11-01-2024,MED079,WH009,14,Overstock
RET006092,20-04-2024,MED014,WH005,164,Overstock
RET006093,18-11-2024,MED022,WH005,152,Wrong Product
RET006094,07-02-2024,MED209,WH007,187,Quality Issue
RET006095,11-09-2024,MED099,WH004,100,Damaged
RET006096,10-05-2025,MED038,WH004,122,Expired
RET006097,22-12-2024,MED209,WH003,20,Customer Return
RET006098,30-10-2024,MED167,WH003,29,Quality Issue
RET006099,30-11-2024,MED257,WH010,72,Wrong Product
RET006100,07-06-2024,MED113,WH001,102,Damaged
RET006101,27-05-2025,MED221,WH005,101,Overstock
RET006102,24-12-2024,MED097,WH009,172,Damaged
RET006103,16-05-2025,MED207,WH006,47,Customer Return
RET006104,22-04-2025,MED070,WH006,72,Quality Issue
RET006105,20-12-2024,MED273,WH010,144,Damaged
RET006106,28-05-2025,MED091,WH008,25,Overstock
RET006107,05-12-2024,MED175,WH008,181,Damaged
RET006108,09-06-2025,MED276,WH008,86,Expired
RET006109,23-02-2025,MED057,WH004,44,Overstock
RET006110,28-03-2025,MED089,WH003,26,Quality Issue
RET006111,04-06-2024,MED273,WH002,177,Expired
RET006112,11-01-2024,MED087,WH002,144,Customer Return
RET006113,30-05-2024,MED063,WH010,50,Not Specified
RET006114,21-03-2025,MED207,WH010,102,Customer Return
RET006115,10-01-2024,MED120,WH001,59,Wrong Product
RET006116,02-02-2025,MED260,WH003,33,Customer Return
RET006117,17-07-2024,MED034,WH010,65,Overstock
RET006118,05-10-2024,MED254,WH004,30,Quality Issue
RET006119,05-05-2024,MED179,WH009,133,Damaged
RET006120,03-04-2024,MED020,WH005,85,Customer Return
RET006121,25-03-2025,MED164,WH001,109,Damaged
RET006122,26-03-2024,MED284,WH007,87,Quality Issue
RET006123,04-01-2024,MED166,WH008,95,Customer Return
RET006124,09-03-2025,MED196,WH010,61,Quality Issue
RET006125,28-11-2024,MED021,WH003,39,Damaged
RET006126,20-12-2024,MED019,WH004,179,Overstock
RET006127,29-05-2024,MED160,WH006,174,Damaged
RET006128,22-07-2024,MED052,WH008,56,Expired
RET006129,30-05-2025,MED073,WH009,32,Quality Issue
RET006130,20-02-2025,MED051,WH007,60,Customer Return
RET006131,15-03-2024,MED104,WH002,52,Damaged
RET006132,29-04-2024,MED045,WH002,127,Quality Issue
RET006133,03-09-2024,MED299,WH002,9,Expired
RET006134,12-02-2025,MED184,WH010,50,Overstock
RET006135,19-06-2024,MED115,WH001,162,Wrong Product
RET006136,18-07-2024,MED218,WH007,125,Damaged
RET006137,18-03-2025,MED084,WH003,162,Wrong Product
RET006138,30-06-2025,MED247,WH001,60,Wrong Product
RET006139,10-08-2024,MED286,WH007,116,Not Specified
RET006140,05-02-2025,MED063,WH003,146,Damaged
RET006141,17-03-2024,MED037,WH001,195,Damaged
RET006142,14-04-2025,MED150,WH005,128,Quality Issue
RET006143,15-03-2024,MED285,WH010,18,Damaged
RET006144,19-05-2025,MED006,WH001,196,Customer Return
RET006145,30-03-2024,MED298,WH006,8,Expired
RET006146,04-10-2024,MED272,WH006,31,Wrong Product
RET006147,08-05-2024,MED282,WH001,75,Expired
RET006148,04-03-2024,MED110,WH010,107,Overstock
RET006149,23-07-2024,MED016,WH010,179,Customer Return
RET006150,17-02-2025,MED136,WH006,199,Damaged
RET006151,14-03-2024,MED252,WH010,142,Overstock
RET006152,25-09-2024,MED032,WH010,184,Customer Return
RET006153,26-01-2025,MED227,WH006,199,Expired
RET006154,16-02-2024,MED103,WH009,12,Customer Return
RET006155,28-05-2025,MED126,WH010,143,Quality Issue
RET006156,08-03-2024,MED211,WH004,48,Quality Issue
RET006157,29-03-2025,MED214,WH005,40,Expired
RET006158,05-08-2024,MED024,WH007,173,Expired
RET006159,24-12-2024,MED050,WH005,161,Damaged
RET006160,05-02-2024,MED212,WH001,44,Damaged
RET006161,31-03-2025,MED060,WH006,175,Damaged
RET006162,02-11-2024,MED109,WH006,145,Wrong Product
RET006163,09-04-2025,MED297,WH010,24,Wrong Product
RET006164,16-12-2024,MED022,WH002,89,Expired
RET006165,11-01-2025,MED047,WH009,181,Damaged
RET006166,23-08-2024,MED257,WH007,70,Expired
RET006167,13-01-2025,MED121,WH005,159,Customer Return
RET006168,15-02-2025,MED214,WH006,187,Overstock
RET006169,09-03-2024,MED142,WH003,143,Quality Issue
RET006170,02-08-2024,MED197,WH002,163,Customer Return
RET006171,10-06-2024,MED121,WH001,145,Customer Return
RET006172,07-03-2024,MED098,WH010,187,Wrong Product
RET006173,15-06-2024,MED129,WH010,45,Expired
RET006174,06-03-2025,MED134,WH005,47,Damaged
RET006175,06-03-2024,MED085,WH004,33,Not Specified
RET006176,17-05-2025,MED142,WH003,188,Expired
RET006177,07-07-2024,MED161,WH001,35,Wrong Product
RET006178,26-03-2025,MED215,WH006,119,Expired
RET006179,23-06-2024,MED240,WH002,134,Quality Issue
RET006180,06-09-2024,MED153,WH010,19,Overstock
RET006181,05-05-2025,MED062,WH007,121,Wrong Product
RET006182,07-03-2025,MED077,WH003,134,Quality Issue
RET006183,24-02-2025,MED008,WH010,50,Expired
RET006184,07-04-2025,MED117,WH007,69,Expired
RET006185,05-06-2024,MED093,WH002,20,Quality Issue
RET006186,20-03-2024,MED277,WH003,193,Customer Return
RET006187,12-11-2024,MED042,WH007,120,Expired
RET006188,22-11-2024,MED076,WH002,73,Quality Issue
RET006189,01-02-2025,MED279,WH006,183,Quality Issue
RET006190,10-07-2024,MED181,WH002,154,Quality Issue
RET006191,21-07-2024,MED152,WH010,76,Overstock
RET006192,19-08-2024,MED167,WH006,161,Damaged
RET006193,11-04-2025,MED116,WH010,7,Overstock
RET006194,14-03-2024,MED014,WH010,108,Damaged
RET006195,15-03-2025,MED072,WH002,32,Damaged
RET006196,06-04-2025,MED002,WH009,60,Damaged
RET006197,14-01-2025,MED155,WH002,75,Wrong Product
RET006198,20-10-2024,MED077,WH004,120,Damaged
RET006199,20-02-2024,MED030,WH001,114,Damaged
RET006200,24-05-2025,MED120,WH001,44,Wrong Product
RET006201,09-08-2024,MED292,WH002,72,Quality Issue
RET006202,24-08-2024,MED261,WH004,82,Wrong Product
RET006203,07-10-2024,MED094,WH003,128,Wrong Product
RET006204,16-07-2024,MED063,WH002,121,Customer Return
RET006205,25-05-2025,MED047,WH006,15,Wrong Product
RET006206,12-03-2025,MED080,WH010,200,Wrong Product
RET006207,20-03-2025,MED137,WH007,37,Overstock
RET006208,23-02-2025,MED173,WH006,126,Expired
RET006209,30-01-2025,MED254,WH009,55,Quality Issue
RET006210,25-02-2025,MED048,WH008,46,Overstock
RET006211,13-12-2024,MED046,WH003,92,Not Specified
RET006212,17-02-2025,MED233,WH006,164,Overstock
RET006213,12-06-2024,MED136,WH008,53,Customer Return
RET006214,14-03-2025,MED040,WH010,147,Customer Return
RET006215,08-11-2024,MED132,WH002,47,Customer Return
RET006216,06-06-2025,MED254,WH005,16,Damaged
RET006217,11-01-2025,MED218,WH009,185,Overstock
RET006218,12-06-2025,MED134,WH001,154,Overstock
RET006219,18-01-2024,MED264,WH005,183,Customer Return
RET006220,15-12-2024,MED171,WH003,59,Not Specified
RET006221,16-03-2025,MED144,WH003,93,Damaged
RET006222,02-10-2024,MED103,WH005,80,Wrong Product
RET006223,25-10-2024,MED011,WH001,143,Quality Issue
RET006224,13-07-2024,MED229,WH007,171,Overstock
RET006225,16-11-2024,MED139,WH005,86,Not Specified
RET006226,14-11-2024,MED180,WH005,18,Expired
RET006227,19-03-2024,MED203,WH010,116,Overstock
RET006228,02-05-2025,MED265,WH003,91,Damaged
RET006229,22-10-2024,MED085,WH002,119,Quality Issue
RET006230,21-06-2025,MED157,WH004,160,Damaged
RET006231,13-07-2024,MED120,WH004,53,Expired
RET006232,05-06-2024,MED027,WH001,162,Expired
RET006233,13-12-2024,MED290,WH009,114,Wrong Product
RET006234,24-04-2024,MED179,WH005,80,Overstock
RET006235,20-10-2024,MED021,WH010,79,Customer Return
RET006236,10-11-2024,MED142,WH010,85,Quality Issue
RET006237,18-05-2025,MED073,WH003,189,Damaged
RET006238,26-07-2024,MED159,WH002,181,Damaged
RET006239,30-08-2024,MED097,WH001,89,Expired
RET006240,11-09-2024,MED283,WH004,179,Expired
RET006241,02-02-2024,MED111,WH009,189,Overstock
RET006242,24-02-2025,MED021,WH004,194,Wrong Product
RET006243,20-05-2024,MED239,WH004,92,Quality Issue
RET006244,16-01-2025,MED044,WH006,196,Damaged
RET006245,06-09-2024,MED085,WH005,25,Customer Return
RET006246,18-07-2024,MED232,WH008,82,Overstock
RET006247,04-07-2024,MED179,WH007,64,Overstock
RET006248,16-04-2024,MED171,WH002,25,Wrong Product
RET006249,30-05-2024,MED029,WH002,172,Not Specified
RET006250,05-03-2025,MED054,WH003,88,Wrong Product
RET006251,24-07-2024,MED111,WH008,25,Wrong Product
RET006252,08-11-2024,MED117,WH006,146,Customer Return
RET006253,20-03-2025,MED137,WH009,103,Customer Return
RET006254,18-03-2024,MED193,WH005,61,Customer Return
RET006255,01-03-2024,MED267,WH006,175,Wrong Product
RET006256,26-08-2024,MED191,WH009,40,Expired
RET006257,20-02-2024,MED266,WH004,28,Damaged
RET006258,14-06-2024,MED115,WH002,191,Damaged
RET006259,17-08-2024,MED235,WH002,159,Expired
RET006260,22-04-2025,MED210,WH001,193,Wrong Product
RET006261,22-07-2024,MED108,WH010,200,Overstock
RET006262,03-11-2024,MED265,WH001,131,Wrong Product
RET006263,24-02-2024,MED084,WH004,69,Damaged
RET006264,04-09-2024,MED066,WH002,167,Customer Return
RET006265,01-06-2025,MED102,WH010,196,Overstock
RET006266,08-05-2025,MED144,WH007,199,Overstock
RET006267,13-03-2025,MED185,WH008,25,Overstock
RET006268,23-06-2025,MED089,WH007,171,Quality Issue
RET006269,19-02-2024,MED085,WH002,179,Customer Return
RET006270,03-05-2025,MED092,WH009,100,Customer Return
RET006271,02-06-2024,MED282,WH009,152,Customer Return
RET006272,26-06-2025,MED072,WH004,100,Not Specified
RET006273,03-08-2024,MED036,WH008,165,Overstock
RET006274,03-06-2024,MED002,WH005,172,Damaged
RET006275,08-10-2024,MED154,WH008,174,Damaged
RET006276,17-05-2024,MED102,WH006,83,Overstock
RET006277,14-03-2024,MED208,WH002,196,Overstock
RET006278,04-01-2024,MED278,WH002,66,Quality Issue
RET006279,08-03-2025,MED201,WH009,141,Overstock
RET006280,17-01-2025,MED245,WH005,66,Quality Issue
RET006281,07-04-2024,MED212,WH004,198,Customer Return
RET006282,01-02-2024,MED062,WH008,175,Customer Return
RET006283,04-04-2024,MED115,WH009,20,Wrong Product
RET006284,16-05-2025,MED030,WH009,110,Quality Issue
RET006285,19-02-2024,MED257,WH003,143,Overstock
RET006286,12-04-2025,MED226,WH004,73,Damaged
RET006287,07-06-2025,MED052,WH003,197,Wrong Product
RET006288,09-02-2025,MED233,WH008,41,Wrong Product
RET006289,10-06-2025,MED050,WH010,150,Quality Issue
RET006290,20-01-2024,MED248,WH007,143,Overstock
RET006291,05-06-2024,MED264,WH003,127,Wrong Product
RET006292,01-11-2024,MED078,WH001,110,Overstock
RET006293,19-01-2025,MED133,WH008,17,Expired
RET006294,12-04-2025,MED243,WH004,172,Wrong Product
RET006295,08-07-2024,MED119,WH007,146,Customer Return
RET006296,10-01-2025,MED082,WH009,109,Wrong Product
RET006297,26-03-2024,MED052,WH009,52,Damaged
RET006298,12-01-2024,MED220,WH009,51,Quality Issue
RET006299,08-04-2025,MED242,WH008,144,Expired
RET006300,03-02-2024,MED140,WH007,132,Damaged
RET006301,01-03-2025,MED163,WH003,162,Wrong Product
RET006302,16-10-2024,MED050,WH010,112,Wrong Product
RET006303,16-01-2024,MED098,WH004,49,Customer Return
RET006304,20-01-2025,MED120,WH003,66,Damaged
RET006305,01-03-2025,MED034,WH004,136,Customer Return
RET006306,07-02-2024,MED280,WH002,68,Damaged
RET006307,13-09-2024,MED222,WH006,21,Customer Return
RET006308,04-03-2025,MED225,WH004,79,Wrong Product
RET006309,12-09-2024,MED030,WH004,44,Customer Return
RET006310,29-10-2024,MED279,WH003,50,Quality Issue
RET006311,12-06-2024,MED218,WH002,35,Damaged
RET006312,17-06-2024,MED103,WH006,120,Overstock
RET006313,27-10-2024,MED180,WH002,116,Customer Return
RET006314,22-03-2024,MED102,WH008,73,Wrong Product
RET006315,10-05-2024,MED171,WH008,133,Damaged
RET006316,04-02-2025,MED218,WH009,51,Expired
RET006317,18-03-2024,MED124,WH002,122,Not Specified
RET006318,17-01-2025,MED110,WH001,50,Wrong Product
RET006319,28-12-2024,MED079,WH010,183,Wrong Product
RET006320,03-05-2024,MED066,WH004,123,Customer Return
RET006321,22-06-2024,MED089,WH003,34,Overstock
RET006322,12-10-2024,MED044,WH009,43,Overstock
RET006323,15-01-2024,MED130,WH007,92,Quality Issue
RET006324,12-04-2024,MED055,WH004,70,Overstock
RET006325,30-05-2025,MED162,WH001,148,Customer Return
RET006326,30-10-2024,MED283,WH007,62,Wrong Product
RET006327,05-10-2024,MED160,WH005,111,Damaged
RET006328,17-05-2025,MED057,WH002,69,Overstock
RET006329,29-10-2024,MED092,WH001,6,Expired
RET006330,02-03-2024,MED103,WH003,147,Wrong Product
RET006331,04-05-2025,MED172,WH004,189,Damaged
RET006332,08-09-2024,MED073,WH010,91,Expired
RET006333,03-04-2024,MED005,WH006,147,Overstock
RET006334,14-05-2025,MED008,WH001,145,Wrong Product
RET006335,15-02-2024,MED296,WH008,102,Expired
RET006336,21-06-2024,MED169,WH009,98,Customer Return
RET006337,10-06-2025,MED280,WH006,180,Expired
RET006338,09-08-2024,MED141,WH003,54,Expired
RET006339,01-03-2024,MED232,WH010,37,Overstock
RET006340,11-06-2025,MED142,WH002,52,Expired
RET006341,25-05-2024,MED231,WH010,167,Wrong Product
RET006342,26-02-2025,MED139,WH007,98,Quality Issue
RET006343,09-09-2024,MED155,WH010,195,Overstock
RET006344,05-02-2024,MED286,WH005,196,Wrong Product
RET006345,08-08-2024,MED028,WH002,145,Customer Return
RET006346,11-01-2024,MED066,WH004,86,Quality Issue
RET006347,09-02-2025,MED213,WH009,76,Customer Return
RET006348,18-03-2024,MED243,WH006,75,Wrong Product
RET006349,17-01-2024,MED251,WH009,116,Quality Issue
RET006350,19-05-2024,MED009,WH006,104,Overstock
RET006351,02-02-2025,MED147,WH003,7,Expired
RET006352,11-05-2024,MED195,WH003,16,Overstock
RET006353,28-12-2024,MED201,WH005,141,Quality Issue
RET006354,17-03-2024,MED187,WH001,55,Wrong Product
RET006355,19-10-2024,MED169,WH008,41,Damaged
RET006356,25-01-2024,MED193,WH002,88,Wrong Product
RET006357,18-12-2024,MED107,WH009,44,Overstock
RET006358,13-11-2024,MED046,WH008,156,Overstock
RET006359,20-01-2025,MED012,WH002,163,Not Specified
RET006360,31-07-2024,MED192,WH004,78,Overstock
RET006361,26-06-2025,MED219,WH008,97,Wrong Product
RET006362,12-01-2025,MED077,WH005,14,Customer Return
RET006363,26-04-2025,MED003,WH003,113,Quality Issue
RET006364,19-03-2024,MED170,WH010,159,Quality Issue
RET006365,05-05-2025,MED233,WH006,21,Damaged
RET006366,25-06-2025,MED112,WH002,8,Damaged
RET006367,04-01-2024,MED215,WH010,48,Quality Issue
RET006368,10-11-2024,MED235,WH007,140,Overstock
RET006369,14-06-2024,MED180,WH002,87,Wrong Product
RET006370,21-06-2025,MED035,WH008,49,Customer Return
RET006371,15-12-2024,MED005,WH001,99,Wrong Product
RET006372,18-10-2024,MED014,WH004,62,Overstock
RET006373,23-01-2025,MED089,WH003,20,Damaged
RET006374,24-06-2025,MED079,WH007,159,Damaged
RET006375,27-04-2025,MED200,WH007,6,Expired
RET006376,13-01-2024,MED081,WH006,146,Damaged
RET006377,19-08-2024,MED254,WH007,125,Expired
RET006378,15-01-2024,MED198,WH010,152,Wrong Product
RET006379,24-06-2025,MED152,WH003,96,Quality Issue
RET006380,18-12-2024,MED176,WH007,177,Overstock
RET006381,05-03-2024,MED257,WH009,200,Damaged
RET006382,14-02-2024,MED040,WH002,150,Overstock
RET006383,26-01-2024,MED198,WH004,127,Overstock
RET006384,04-06-2025,MED143,WH009,106,Expired
RET006385,31-07-2024,MED280,WH001,174,Wrong Product
RET006386,24-01-2025,MED185,WH002,64,Overstock
RET006387,18-03-2025,MED048,WH003,135,Wrong Product
RET006388,24-01-2025,MED228,WH009,148,Overstock
RET006389,10-06-2025,MED020,WH010,45,Wrong Product
RET006390,18-11-2024,MED219,WH002,84,Expired
RET006391,05-02-2024,MED207,WH006,9,Not Specified
RET006392,21-01-2024,MED232,WH008,10,Overstock
RET006393,16-09-2024,MED031,WH004,47,Wrong Product
RET006394,03-02-2025,MED167,WH006,69,Customer Return
RET006395,05-07-2024,MED200,WH004,24,Overstock
RET006396,06-05-2025,MED291,WH005,93,Quality Issue
RET006397,18-12-2024,MED047,WH001,126,Damaged
RET006398,17-01-2025,MED076,WH005,121,Damaged
RET006399,28-08-2024,MED084,WH008,168,Overstock
RET006400,19-03-2024,MED222,WH010,128,Damaged
RET006401,19-07-2024,MED056,WH002,54,Wrong Product
RET006402,25-01-2024,MED080,WH004,20,Overstock
RET006403,30-10-2024,MED268,WH002,97,Overstock
RET006404,20-08-2024,MED136,WH007,71,Customer Return
RET006405,12-02-2025,MED008,WH003,28,Expired
RET006406,04-12-2024,MED048,WH008,5,Customer Return
RET006407,03-10-2024,MED064,WH002,184,Wrong Product
RET006408,05-11-2024,MED066,WH005,181,Damaged
RET006409,31-10-2024,MED145,WH002,122,Quality Issue
RET006410,13-07-2024,MED273,WH002,193,Wrong Product
RET006411,20-04-2025,MED258,WH005,90,Damaged
RET006412,08-03-2024,MED229,WH010,89,Wrong Product
RET006413,03-02-2024,MED062,WH007,70,Overstock
RET006414,30-04-2025,MED262,WH002,147,Quality Issue
RET006415,25-07-2024,MED218,WH010,22,Overstock
RET006416,24-02-2025,MED271,WH003,193,Customer Return
RET006417,05-05-2024,MED076,WH010,63,Damaged
RET006418,16-10-2024,MED146,WH009,147,Overstock
RET006419,23-05-2024,MED048,WH002,79,Wrong Product
RET006420,17-05-2024,MED212,WH008,107,Quality Issue
RET006421,18-04-2024,MED032,WH009,27,Damaged
RET006422,23-01-2025,MED030,WH002,25,Quality Issue
RET006423,12-08-2024,MED051,WH008,25,Overstock
RET006424,11-03-2024,MED226,WH004,68,Quality Issue
RET006425,26-07-2024,MED197,WH003,31,Expired
RET006426,01-04-2024,MED068,WH001,48,Customer Return
RET006427,01-07-2024,MED102,WH004,124,Damaged
RET006428,05-11-2024,MED266,WH001,116,Not Specified
RET006429,18-11-2024,MED103,WH004,88,Expired
RET006430,24-03-2024,MED221,WH009,137,Expired
RET006431,16-02-2025,MED008,WH008,97,Wrong Product
RET006432,09-10-2024,MED281,WH003,85,Customer Return
RET006433,05-04-2024,MED022,WH001,151,Expired
RET006434,09-06-2024,MED037,WH004,170,Quality Issue
RET006435,24-05-2024,MED116,WH010,99,Wrong Product
RET006436,12-12-2024,MED269,WH009,54,Wrong Product
RET006437,17-02-2025,MED189,WH009,71,Customer Return
RET006438,27-01-2024,MED137,WH003,27,Damaged
RET006439,01-09-2024,MED008,WH008,128,Quality Issue
RET006440,11-02-2024,MED050,WH002,132,Damaged
RET006441,02-01-2025,MED281,WH003,95,Overstock
RET006442,22-11-2024,MED044,WH009,193,Overstock
RET006443,18-04-2024,MED050,WH008,142,Quality Issue
RET006444,28-02-2024,MED141,WH003,195,Wrong Product
RET006445,06-03-2025,MED096,WH010,45,Quality Issue
RET006446,18-09-2024,MED225,WH008,174,Damaged
RET006447,04-02-2024,MED179,WH001,185,Overstock
RET006448,25-08-2024,MED234,WH007,88,Expired
RET006449,30-03-2025,MED032,WH004,116,Expired
RET006450,26-05-2025,MED299,WH002,140,Damaged
RET006451,05-02-2025,MED160,WH001,135,Not Specified
RET006452,02-10-2024,MED299,WH007,149,Quality Issue
RET006453,12-04-2025,MED029,WH009,93,Overstock
RET006454,01-05-2024,MED260,WH004,180,Overstock
RET006455,12-05-2025,MED230,WH003,117,Wrong Product
RET006456,14-07-2024,MED025,WH006,32,Customer Return
RET006457,14-06-2024,MED167,WH001,29,Customer Return
RET006458,01-03-2025,MED281,WH002,139,Overstock
RET006459,05-05-2024,MED203,WH006,160,Customer Return
RET006460,17-11-2024,MED114,WH008,14,Quality Issue
RET006461,24-03-2025,MED034,WH010,147,Wrong Product
RET006462,10-06-2024,MED039,WH007,18,Quality Issue
RET006463,10-04-2024,MED230,WH001,27,Customer Return
RET006464,18-12-2024,MED251,WH003,168,Quality Issue
RET006465,06-07-2024,MED164,WH003,69,Wrong Product
RET006466,02-05-2025,MED252,WH007,106,Expired
RET006467,22-01-2025,MED056,WH009,196,Quality Issue
RET006468,15-06-2025,MED278,WH006,19,Damaged
RET006469,15-09-2024,MED154,WH003,35,Quality Issue
RET006470,03-02-2024,MED279,WH008,142,Quality Issue
RET006471,06-01-2024,MED264,WH007,126,Damaged
RET006472,07-07-2024,MED144,WH003,6,Wrong Product
RET006473,09-04-2024,MED076,WH004,59,Overstock
RET006474,18-01-2024,MED040,WH009,148,Customer Return
RET006475,08-12-2024,MED049,WH010,168,Damaged
RET006476,05-08-2024,MED275,WH006,161,Wrong Product
RET006477,28-06-2024,MED232,WH001,60,Wrong Product
RET006478,13-01-2024,MED289,WH001,169,Wrong Product
RET006479,02-06-2024,MED058,WH005,179,Customer Return
RET006480,06-04-2025,MED172,WH003,100,Expired
RET006481,12-11-2024,MED094,WH005,10,Wrong Product
RET006482,28-06-2025,MED088,WH002,99,Quality Issue
RET006483,22-02-2025,MED082,WH003,140,Damaged
RET006484,10-09-2024,MED239,WH001,150,Quality Issue
RET006485,24-04-2025,MED091,WH003,101,Overstock
RET006486,28-11-2024,MED195,WH009,5,Overstock
RET006487,23-01-2025,MED092,WH002,119,Overstock
RET006488,07-02-2025,MED280,WH002,175,Overstock
RET006489,21-04-2025,MED085,WH003,131,Wrong Product
RET006490,05-10-2024,MED141,WH009,49,Expired
RET006491,24-09-2024,MED285,WH009,116,Damaged
RET006492,13-03-2025,MED258,WH008,191,Wrong Product
RET006493,17-11-2024,MED155,WH001,121,Wrong Product
RET006494,08-04-2024,MED214,WH008,71,Quality Issue
RET006495,31-08-2024,MED138,WH008,147,Quality Issue
RET006496,08-12-2024,MED005,WH007,84,Customer Return
RET006497,28-06-2024,MED114,WH010,181,Quality Issue
RET006498,04-02-2024,MED172,WH010,67,Customer Return
RET006499,09-04-2024,MED178,WH007,141,Damaged
RET006500,20-01-2024,MED098,WH003,11,Damaged
RET006501,13-11-2024,MED072,WH006,127,Expired
RET006502,19-05-2024,MED243,WH005,39,Wrong Product
RET006503,31-01-2025,MED298,WH006,77,Expired
RET006504,05-05-2024,MED050,WH006,131,Wrong Product
RET006505,22-02-2024,MED098,WH010,180,Damaged
RET006506,12-06-2025,MED249,WH008,181,Customer Return
RET006507,04-11-2024,MED275,WH005,122,Overstock
RET006508,09-02-2025,MED203,WH003,72,Overstock
RET006509,16-08-2024,MED095,WH001,120,Not Specified
RET006510,03-12-2024,MED136,WH007,184,Damaged
RET006511,07-03-2025,MED116,WH007,91,Not Specified
RET006512,23-03-2025,MED064,WH008,36,Quality Issue
RET006513,21-05-2025,MED006,WH010,18,Expired
RET006514,26-03-2025,MED226,WH001,129,Wrong Product
RET006515,17-03-2025,MED165,WH009,28,Quality Issue
RET006516,06-02-2025,MED013,WH006,106,Overstock
RET006517,18-11-2024,MED165,WH006,46,Quality Issue
RET006518,25-11-2024,MED038,WH001,168,Wrong Product
RET006519,12-09-2024,MED034,WH002,47,Overstock
RET006520,09-09-2024,MED232,WH004,48,Customer Return
RET006521,09-12-2024,MED283,WH010,59,Customer Return
RET006522,03-03-2024,MED204,WH002,153,Customer Return
RET006523,23-11-2024,MED046,WH003,119,Overstock
RET006524,16-04-2025,MED032,WH007,53,Overstock
RET006525,13-06-2024,MED132,WH009,46,Wrong Product
RET006526,03-03-2025,MED213,WH009,182,Wrong Product
RET006527,11-07-2024,MED180,WH003,67,Wrong Product
RET006528,14-12-2024,MED291,WH006,47,Expired
RET006529,05-04-2024,MED216,WH004,119,Customer Return
RET006530,02-08-2024,MED085,WH010,21,Expired
RET006531,25-12-2024,MED291,WH008,62,Quality Issue
RET006532,09-08-2024,MED087,WH010,158,Wrong Product
RET006533,25-04-2025,MED092,WH003,44,Damaged
RET006534,04-08-2024,MED212,WH004,114,Quality Issue
RET006535,05-04-2024,MED130,WH005,54,Customer Return
RET006536,22-08-2024,MED187,WH009,157,Damaged
RET006537,18-04-2024,MED183,WH009,167,Quality Issue
RET006538,24-01-2024,MED270,WH007,96,Quality Issue
RET006539,14-01-2025,MED120,WH009,161,Expired
RET006540,20-11-2024,MED025,WH003,172,Wrong Product
RET006541,27-04-2025,MED116,WH002,81,Wrong Product
RET006542,03-07-2024,MED226,WH004,42,Overstock
RET006543,11-03-2025,MED228,WH009,122,Wrong Product
RET006544,30-05-2024,MED088,WH010,129,Expired
RET006545,08-05-2025,MED128,WH010,137,Customer Return
RET006546,15-06-2025,MED213,WH006,16,Damaged
RET006547,22-07-2024,MED028,WH005,121,Quality Issue
RET006548,26-05-2024,MED124,WH004,77,Damaged
RET006549,04-05-2025,MED200,WH001,70,Customer Return
RET006550,11-02-2024,MED214,WH001,157,Wrong Product
RET006551,22-02-2024,MED179,WH003,156,Damaged
RET006552,14-05-2024,MED185,WH004,148,Wrong Product
RET006553,03-03-2024,MED022,WH008,159,Overstock
RET006554,23-02-2025,MED227,WH010,95,Customer Return
RET006555,09-05-2025,MED267,WH007,106,Wrong Product
RET006556,05-04-2024,MED003,WH008,55,Wrong Product
RET006557,14-02-2024,MED084,WH005,31,Quality Issue
RET006558,13-01-2025,MED273,WH005,73,Customer Return
RET006559,23-06-2024,MED219,WH002,134,Expired
RET006560,30-09-2024,MED102,WH007,85,Expired
RET006561,15-01-2024,MED283,WH007,184,Wrong Product
RET006562,20-01-2024,MED207,WH009,196,Wrong Product
RET006563,28-05-2024,MED175,WH003,67,Expired
RET006564,14-04-2025,MED114,WH005,148,Overstock
RET006565,12-04-2024,MED198,WH006,16,Overstock
RET006566,05-07-2024,MED148,WH004,100,Damaged
RET006567,26-10-2024,MED129,WH005,134,Customer Return
RET006568,29-11-2024,MED109,WH007,53,Customer Return
RET006569,04-01-2024,MED289,WH004,25,Damaged
RET006570,08-10-2024,MED034,WH008,178,Customer Return
RET006571,05-02-2025,MED111,WH008,158,Overstock
RET006572,10-07-2024,MED033,WH005,132,Damaged
RET006573,21-01-2025,MED245,WH004,131,Customer Return
RET006574,20-05-2024,MED031,WH005,141,Wrong Product
RET006575,18-06-2025,MED091,WH003,161,Quality Issue
RET006576,05-08-2024,MED085,WH004,85,Customer Return
RET006577,05-03-2024,MED148,WH001,150,Customer Return
RET006578,21-02-2024,MED239,WH002,156,Damaged
RET006579,19-11-2024,MED128,WH004,136,Customer Return
RET006580,27-11-2024,MED281,WH005,50,Damaged
RET006581,24-06-2024,MED171,WH010,98,Damaged
RET006582,15-05-2024,MED175,WH006,79,Expired
RET006583,06-11-2024,MED242,WH005,59,Overstock
RET006584,24-11-2024,MED133,WH002,144,Expired
RET006585,21-02-2025,MED146,WH002,160,Quality Issue
RET006586,21-10-2024,MED212,WH004,136,Overstock
RET006587,23-04-2025,MED157,WH005,188,Quality Issue
RET006588,04-12-2024,MED103,WH004,77,Expired
RET006589,04-04-2025,MED098,WH003,53,Customer Return
RET006590,10-09-2024,MED298,WH009,136,Damaged
RET006591,04-04-2024,MED298,WH009,105,Customer Return
RET006592,27-01-2024,MED148,WH002,37,Quality Issue
RET006593,15-06-2025,MED299,WH004,43,Quality Issue
RET006594,31-05-2025,MED154,WH006,172,Wrong Product
RET006595,03-03-2024,MED238,WH002,110,Expired
RET006596,16-03-2024,MED034,WH006,19,Customer Return
RET006597,01-05-2025,MED014,WH009,124,Damaged
RET006598,05-05-2024,MED034,WH008,86,Expired
RET006599,03-02-2024,MED074,WH006,16,Quality Issue
RET006600,29-10-2024,MED198,WH007,167,Quality Issue
RET006601,06-09-2024,MED265,WH002,176,Overstock
RET006602,04-01-2025,MED269,WH006,21,Damaged
RET006603,03-06-2025,MED169,WH002,160,Damaged
RET006604,22-02-2024,MED018,WH007,8,Overstock
RET006605,21-02-2025,MED001,WH008,64,Quality Issue
RET006606,12-02-2025,MED262,WH009,129,Customer Return
RET006607,17-10-2024,MED284,WH009,55,Customer Return
RET006608,13-03-2025,MED260,WH009,25,Customer Return
RET006609,02-02-2024,MED280,WH002,14,Damaged
RET006610,22-10-2024,MED019,WH007,156,Damaged
RET006611,11-01-2025,MED115,WH005,146,Damaged
RET006612,12-07-2024,MED123,WH004,115,Customer Return
RET006613,07-03-2024,MED184,WH009,8,Damaged
RET006614,28-05-2024,MED287,WH006,173,Customer Return
RET006615,08-05-2025,MED053,WH002,43,Wrong Product
RET006616,02-02-2024,MED174,WH003,27,Overstock
RET006617,04-04-2024,MED047,WH009,63,Damaged
RET006618,18-08-2024,MED099,WH010,187,Expired
RET006619,10-04-2024,MED183,WH010,161,Customer Return
RET006620,10-01-2024,MED136,WH008,122,Customer Return
RET006621,20-01-2024,MED212,WH003,87,Customer Return
RET006622,17-03-2025,MED294,WH001,50,Damaged
RET006623,11-02-2025,MED296,WH009,124,Expired
RET006624,16-09-2024,MED258,WH010,103,Customer Return
RET006625,02-01-2024,MED260,WH008,81,Wrong Product
RET006626,28-11-2024,MED174,WH007,164,Damaged
RET006627,05-10-2024,MED107,WH006,181,Customer Return
RET006628,03-02-2025,MED229,WH002,42,Overstock
RET006629,10-07-2024,MED112,WH005,150,Damaged
RET006630,10-10-2024,MED026,WH006,117,Wrong Product
RET006631,14-02-2025,MED011,WH009,60,Expired
RET006632,06-01-2024,MED149,WH009,37,Damaged
RET006633,29-04-2025,MED130,WH002,200,Wrong Product
RET006634,08-05-2025,MED176,WH004,33,Quality Issue
RET006635,19-06-2024,MED084,WH006,156,Customer Return
RET006636,19-07-2024,MED274,WH010,40,Wrong Product
RET006637,12-03-2025,MED271,WH006,34,Customer Return
RET006638,22-02-2025,MED145,WH002,191,Not Specified
RET006639,13-02-2025,MED054,WH005,77,Wrong Product
RET006640,24-06-2025,MED132,WH005,9,Wrong Product
RET006641,21-09-2024,MED158,WH006,10,Customer Return
RET006642,13-05-2024,MED204,WH010,166,Customer Return
RET006643,06-06-2024,MED281,WH010,82,Wrong Product
RET006644,14-03-2024,MED065,WH002,101,Customer Return
RET006645,19-10-2024,MED091,WH003,92,Damaged
RET006646,01-06-2025,MED094,WH006,108,Overstock
RET006647,29-04-2025,MED228,WH008,182,Damaged
RET006648,11-11-2024,MED035,WH010,186,Customer Return
RET006649,11-01-2024,MED226,WH009,193,Overstock
RET006650,20-03-2024,MED161,WH002,126,Customer Return
RET006651,01-03-2025,MED267,WH004,188,Expired
RET006652,02-11-2024,MED069,WH006,26,Expired
RET006653,31-03-2024,MED084,WH006,30,Quality Issue
RET006654,29-02-2024,MED139,WH010,99,Overstock
RET006655,21-03-2025,MED189,WH006,107,Expired
RET006656,22-02-2025,MED272,WH002,106,Expired
RET006657,14-01-2025,MED217,WH004,59,Quality Issue
RET006658,15-07-2024,MED241,WH007,194,Expired
RET006659,17-04-2024,MED215,WH009,16,Overstock
RET006660,09-12-2024,MED146,WH004,31,Wrong Product
RET006661,26-04-2025,MED157,WH008,96,Wrong Product
RET006662,03-06-2024,MED111,WH001,20,Customer Return
RET006663,19-10-2024,MED244,WH009,93,Damaged
RET006664,23-12-2024,MED089,WH009,27,Overstock
RET006665,10-02-2024,MED109,WH004,33,Quality Issue
RET006666,11-02-2025,MED176,WH009,123,Quality Issue
RET006667,07-02-2025,MED041,WH005,97,Damaged
RET006668,13-05-2024,MED229,WH007,86,Overstock
RET006669,15-09-2024,MED176,WH007,154,Wrong Product
RET006670,13-10-2024,MED081,WH006,82,Quality Issue
RET006671,28-07-2024,MED225,WH001,163,Quality Issue
RET006672,18-03-2025,MED167,WH001,78,Wrong Product
RET006673,25-10-2024,MED182,WH006,137,Expired
RET006674,04-02-2024,MED159,WH002,155,Not Specified
RET006675,01-06-2024,MED034,WH001,120,Customer Return
RET006676,01-01-2025,MED261,WH006,15,Wrong Product
RET006677,12-06-2024,MED267,WH006,59,Expired
RET006678,07-05-2025,MED182,WH006,140,Overstock
RET006679,28-03-2025,MED200,WH002,177,Quality Issue
RET006680,19-03-2024,MED172,WH008,40,Damaged
RET006681,15-04-2024,MED023,WH006,157,Overstock
RET006682,24-08-2024,MED113,WH001,180,Expired
RET006683,22-01-2025,MED280,WH008,200,Wrong Product
RET006684,23-10-2024,MED177,WH003,6,Expired
RET006685,19-12-2024,MED008,WH005,115,Customer Return
RET006686,18-03-2024,MED055,WH010,122,Damaged
RET006687,07-01-2025,MED036,WH010,106,Quality Issue
RET006688,31-03-2025,MED226,WH008,89,Customer Return
RET006689,26-02-2025,MED246,WH004,120,Quality Issue
RET006690,28-11-2024,MED012,WH006,160,Wrong Product
RET006691,12-06-2024,MED002,WH006,87,Customer Return
RET006692,03-02-2025,MED058,WH005,21,Customer Return
RET006693,07-07-2024,MED224,WH009,126,Damaged
RET006694,04-04-2024,MED190,WH004,130,Damaged
RET006695,23-02-2025,MED084,WH003,191,Overstock
RET006696,20-05-2024,MED192,WH009,54,Damaged
RET006697,29-04-2025,MED299,WH001,48,Wrong Product
RET006698,06-11-2024,MED013,WH009,9,Quality Issue
RET006699,26-02-2025,MED013,WH002,138,Quality Issue
RET006700,24-06-2025,MED112,WH005,178,Quality Issue
RET006701,14-01-2024,MED271,WH006,123,Damaged
RET006702,30-05-2024,MED031,WH010,146,Expired
RET006703,02-06-2025,MED091,WH005,188,Damaged
RET006704,11-04-2024,MED261,WH009,12,Quality Issue
RET006705,25-02-2024,MED051,WH010,45,Wrong Product
RET006706,02-07-2024,MED182,WH007,103,Overstock
RET006707,17-08-2024,MED127,WH004,138,Quality Issue
RET006708,23-01-2024,MED066,WH006,82,Expired
RET006709,12-04-2025,MED178,WH007,35,Overstock
RET006710,22-02-2024,MED192,WH003,117,Customer Return
RET006711,04-04-2025,MED015,WH005,46,Quality Issue
RET006712,21-05-2025,MED012,WH001,191,Quality Issue
RET006713,11-03-2025,MED011,WH004,112,Overstock
RET006714,18-06-2025,MED029,WH008,6,Damaged
RET006715,06-02-2024,MED240,WH006,123,Customer Return
RET006716,20-02-2025,MED287,WH007,82,Expired
RET006717,20-02-2024,MED005,WH007,86,Damaged
RET006718,14-05-2024,MED120,WH006,10,Expired
RET006719,01-01-2025,MED102,WH002,91,Quality Issue
RET006720,13-03-2025,MED145,WH007,110,Not Specified
RET006721,19-09-2024,MED229,WH007,35,Wrong Product
RET006722,10-11-2024,MED145,WH007,88,Quality Issue
RET006723,16-01-2025,MED169,WH007,76,Quality Issue
RET006724,15-11-2024,MED098,WH001,5,Damaged
RET006725,02-01-2024,MED167,WH005,119,Quality Issue
RET006726,31-07-2024,MED062,WH010,101,Wrong Product
RET006727,14-02-2024,MED124,WH001,97,Customer Return
RET006728,25-09-2024,MED159,WH007,166,Wrong Product
RET006729,05-11-2024,MED042,WH004,164,Customer Return
RET006730,24-03-2025,MED242,WH008,156,Wrong Product
RET006731,30-01-2025,MED259,WH007,199,Quality Issue
RET006732,14-05-2024,MED263,WH010,116,Quality Issue
RET006733,25-12-2024,MED008,WH004,50,Overstock
RET006734,10-11-2024,MED216,WH008,83,Damaged
RET006735,21-04-2024,MED278,WH008,152,Expired
RET006736,11-04-2024,MED290,WH001,27,Wrong Product
RET006737,06-03-2024,MED055,WH002,18,Overstock
RET006738,28-12-2024,MED020,WH008,52,Wrong Product
RET006739,20-03-2024,MED294,WH008,12,Overstock
RET006740,10-04-2025,MED164,WH009,43,Wrong Product
RET006741,01-01-2025,MED088,WH001,127,Wrong Product
RET006742,16-03-2025,MED053,WH010,40,Overstock
RET006743,13-02-2025,MED104,WH010,193,Quality Issue
RET006744,04-01-2024,MED188,WH008,169,Customer Return
RET006745,09-05-2024,MED051,WH005,157,Quality Issue
RET006746,12-04-2025,MED177,WH010,96,Damaged
RET006747,27-05-2025,MED001,WH007,52,Wrong Product
RET006748,13-01-2025,MED247,WH009,8,Expired
RET006749,22-08-2024,MED272,WH010,186,Customer Return
RET006750,07-05-2025,MED162,WH007,154,Quality Issue
RET006751,10-05-2025,MED029,WH001,40,Quality Issue
RET006752,01-02-2024,MED182,WH005,98,Wrong Product
RET006753,14-02-2025,MED246,WH001,71,Overstock
RET006754,22-01-2025,MED236,WH007,44,Customer Return
RET006755,12-04-2025,MED049,WH002,109,Expired
RET006756,23-06-2025,MED074,WH009,170,Overstock
RET006757,18-11-2024,MED163,WH010,127,Wrong Product
RET006758,05-04-2024,MED086,WH002,31,Overstock
RET006759,08-03-2025,MED096,WH006,32,Quality Issue
RET006760,17-11-2024,MED002,WH004,48,Damaged
RET006761,29-03-2024,MED116,WH006,73,Overstock
RET006762,04-02-2024,MED206,WH005,195,Expired
RET006763,16-03-2024,MED017,WH005,26,Wrong Product
RET006764,05-11-2024,MED021,WH001,174,Wrong Product
RET006765,31-12-2024,MED146,WH002,96,Quality Issue
RET006766,27-10-2024,MED296,WH001,172,Customer Return
RET006767,29-01-2025,MED247,WH002,115,Customer Return
RET006768,02-04-2024,MED174,WH010,8,Customer Return
RET006769,16-01-2025,MED127,WH004,41,Customer Return
RET006770,07-03-2024,MED151,WH004,131,Customer Return
RET006771,26-01-2025,MED184,WH008,184,Customer Return
RET006772,04-05-2025,MED046,WH001,70,Customer Return
RET006773,24-12-2024,MED201,WH006,46,Overstock
RET006774,26-12-2024,MED281,WH005,73,Expired
RET006775,04-05-2025,MED085,WH008,138,Quality Issue
RET006776,02-10-2024,MED290,WH002,38,Wrong Product
RET006777,22-03-2025,MED194,WH005,191,Quality Issue
RET006778,28-02-2025,MED078,WH001,57,Overstock
RET006779,12-01-2025,MED264,WH003,65,Quality Issue
RET006780,25-12-2024,MED077,WH008,81,Damaged
RET006781,21-08-2024,MED019,WH005,101,Quality Issue
RET006782,06-06-2025,MED160,WH004,108,Wrong Product
RET006783,03-04-2024,MED283,WH009,184,Overstock
RET006784,14-04-2024,MED021,WH005,66,Customer Return
RET006785,02-02-2025,MED221,WH004,17,Customer Return
RET006786,28-06-2024,MED114,WH007,71,Damaged
RET006787,08-11-2024,MED246,WH006,73,Wrong Product
RET006788,31-03-2025,MED049,WH006,43,Customer Return
RET006789,01-06-2024,MED248,WH009,169,Overstock
RET006790,24-05-2025,MED242,WH003,152,Overstock
RET006791,18-04-2024,MED062,WH003,160,Wrong Product
RET006792,21-10-2024,MED122,WH003,6,Overstock
RET006793,10-03-2025,MED169,WH005,92,Customer Return
RET006794,15-06-2024,MED293,WH006,122,Damaged
RET006795,29-03-2024,MED288,WH008,122,Overstock
RET006796,06-03-2025,MED252,WH004,161,Overstock
RET006797,21-11-2024,MED186,WH005,113,Damaged
RET006798,20-05-2025,MED288,WH009,77,Expired
RET006799,21-09-2024,MED123,WH001,124,Damaged
RET006800,08-11-2024,MED204,WH004,14,Customer Return
RET006801,30-03-2025,MED199,WH007,162,Wrong Product
RET006802,24-09-2024,MED133,WH010,174,Quality Issue
RET006803,09-12-2024,MED035,WH008,30,Customer Return
RET006804,12-01-2025,MED228,WH010,20,Overstock
RET006805,10-05-2025,MED158,WH002,196,Customer Return
RET006806,03-06-2025,MED100,WH010,82,Customer Return
RET006807,15-05-2024,MED061,WH009,108,Expired
RET006808,21-11-2024,MED239,WH004,29,Customer Return
RET006809,16-08-2024,MED211,WH008,31,Expired
RET006810,11-01-2024,MED134,WH007,79,Wrong Product
RET006811,08-01-2024,MED201,WH007,98,Wrong Product
RET006812,28-08-2024,MED184,WH003,185,Overstock
RET006813,17-06-2025,MED060,WH009,178,Quality Issue
RET006814,07-06-2024,MED298,WH003,42,Customer Return
RET006815,24-02-2025,MED209,WH009,83,Expired
RET006816,23-04-2025,MED133,WH002,187,Customer Return
RET006817,14-01-2025,MED164,WH007,27,Damaged
RET006818,31-01-2025,MED086,WH002,155,Wrong Product
RET006819,19-05-2025,MED183,WH004,71,Damaged
RET006820,07-06-2025,MED246,WH006,88,Customer Return
RET006821,26-03-2025,MED125,WH002,109,Expired
RET006822,04-04-2024,MED149,WH001,42,Expired
RET006823,30-08-2024,MED208,WH009,6,Overstock
RET006824,30-12-2024,MED079,WH003,177,Quality Issue
RET006825,01-06-2025,MED290,WH008,105,Quality Issue
RET006826,09-01-2025,MED121,WH004,99,Customer Return
RET006827,12-02-2024,MED205,WH002,104,Expired
RET006828,29-01-2025,MED253,WH001,68,Quality Issue
RET006829,25-10-2024,MED183,WH001,169,Customer Return
RET006830,26-08-2024,MED099,WH005,73,Quality Issue
RET006831,11-04-2024,MED192,WH008,197,Expired
RET006832,11-05-2025,MED016,WH005,112,Overstock
RET006833,25-03-2024,MED235,WH010,115,Damaged
RET006834,02-12-2024,MED057,WH008,81,Overstock
RET006835,22-08-2024,MED166,WH005,35,Expired
RET006836,19-11-2024,MED156,WH010,172,Quality Issue
RET006837,29-01-2025,MED140,WH004,104,Expired
RET006838,05-04-2025,MED043,WH005,197,Overstock
RET006839,05-09-2024,MED243,WH006,120,Overstock
RET006840,02-06-2025,MED167,WH001,137,Expired
RET006841,14-06-2025,MED259,WH006,77,Quality Issue
RET006842,01-05-2024,MED062,WH001,67,Damaged
RET006843,25-06-2025,MED133,WH009,103,Not Specified
RET006844,10-07-2024,MED166,WH001,129,Quality Issue
RET006845,11-04-2024,MED221,WH004,181,Wrong Product
RET006846,23-05-2025,MED288,WH003,158,Damaged
RET006847,14-06-2025,MED091,WH002,55,Overstock
RET006848,01-01-2024,MED261,WH001,167,Overstock
RET006849,18-07-2024,MED029,WH008,62,Quality Issue
RET006850,15-03-2025,MED004,WH010,121,Expired
RET006851,23-06-2024,MED143,WH001,179,Overstock
RET006852,02-06-2024,MED152,WH001,115,Quality Issue
RET006853,24-05-2024,MED113,WH005,64,Overstock
RET006854,02-03-2024,MED188,WH008,145,Expired
RET006855,08-01-2025,MED213,WH004,198,Overstock
RET006856,02-12-2024,MED115,WH004,138,Wrong Product
RET006857,13-02-2025,MED050,WH003,65,Wrong Product
RET006858,01-08-2024,MED210,WH002,157,Customer Return
RET006859,29-09-2024,MED118,WH008,22,Customer Return
RET006860,22-06-2025,MED175,WH010,195,Quality Issue
RET006861,17-06-2024,MED140,WH003,188,Customer Return
RET006862,26-03-2025,MED105,WH002,64,Damaged
RET006863,14-09-2024,MED002,WH003,167,Quality Issue
RET006864,12-01-2025,MED204,WH004,12,Quality Issue
RET006865,13-03-2024,MED078,WH006,185,Expired
RET006866,10-02-2025,MED293,WH006,28,Wrong Product
RET006867,28-04-2025,MED082,WH005,68,Damaged
RET006868,08-02-2025,MED195,WH008,148,Damaged
RET006869,12-05-2024,MED079,WH010,192,Overstock
RET006870,18-12-2024,MED020,WH005,70,Expired
RET006871,08-05-2024,MED035,WH007,143,Overstock
RET006872,03-01-2025,MED046,WH001,33,Not Specified
RET006873,15-07-2024,MED038,WH005,97,Damaged
RET006874,15-07-2024,MED189,WH003,11,Damaged
RET006875,15-09-2024,MED053,WH008,108,Overstock
RET006876,02-06-2025,MED039,WH004,46,Customer Return
RET006877,31-01-2024,MED208,WH010,189,Customer Return
RET006878,17-11-2024,MED179,WH008,191,Customer Return
RET006879,08-10-2024,MED196,WH002,106,Wrong Product
RET006880,27-02-2024,MED233,WH004,178,Overstock
RET006881,14-08-2024,MED249,WH007,79,Overstock
RET006882,25-04-2025,MED165,WH006,132,Customer Return
RET006883,07-08-2024,MED290,WH002,150,Wrong Product
RET006884,08-10-2024,MED186,WH003,128,Quality Issue
RET006885,30-06-2025,MED169,WH010,151,Overstock
RET006886,19-06-2024,MED279,WH003,90,Overstock
RET006887,08-05-2025,MED291,WH003,92,Wrong Product
RET006888,04-06-2024,MED299,WH003,13,Quality Issue
RET006889,08-10-2024,MED150,WH001,15,Overstock
RET006890,25-03-2024,MED219,WH007,172,Expired
RET006891,01-04-2025,MED066,WH010,163,Damaged
RET006892,10-08-2024,MED136,WH003,192,Customer Return
RET006893,10-01-2024,MED281,WH007,130,Wrong Product
RET006894,21-02-2025,MED153,WH010,125,Not Specified
RET006895,13-02-2025,MED295,WH003,143,Customer Return
RET006896,30-12-2024,MED254,WH003,6,Customer Return
RET006897,04-03-2024,MED190,WH009,65,Overstock
RET006898,13-01-2025,MED163,WH007,62,Quality Issue
RET006899,21-04-2024,MED139,WH005,140,Overstock
RET006900,26-07-2024,MED263,WH002,44,Damaged
RET006901,25-12-2024,MED099,WH010,154,Overstock
RET006902,17-07-2024,MED074,WH010,150,Customer Return
RET006903,19-04-2024,MED216,WH004,98,Overstock
RET006904,17-12-2024,MED023,WH004,81,Customer Return
RET006905,06-02-2025,MED175,WH001,119,Overstock
RET006906,19-09-2024,MED048,WH006,64,Damaged
RET006907,25-03-2025,MED244,WH010,154,Wrong Product
RET006908,05-01-2025,MED164,WH001,178,Overstock
RET006909,06-01-2024,MED226,WH008,125,Customer Return
RET006910,28-05-2024,MED062,WH007,19,Overstock
RET006911,06-08-2024,MED275,WH005,96,Expired
RET006912,21-12-2024,MED251,WH003,57,Wrong Product
RET006913,30-07-2024,MED111,WH003,136,Damaged
RET006914,04-10-2024,MED220,WH003,22,Damaged
RET006915,26-06-2025,MED169,WH005,136,Overstock
RET006916,03-04-2025,MED087,WH006,147,Quality Issue
RET006917,09-12-2024,MED067,WH003,71,Wrong Product
RET006918,16-06-2024,MED028,WH008,189,Wrong Product
RET006919,27-12-2024,MED027,WH009,198,Damaged
RET006920,21-05-2024,MED283,WH006,117,Wrong Product
RET006921,16-11-2024,MED251,WH008,50,Customer Return
RET006922,12-04-2024,MED187,WH006,70,Overstock
RET006923,29-02-2024,MED013,WH006,109,Quality Issue
RET006924,21-03-2024,MED286,WH003,189,Expired
RET006925,30-08-2024,MED134,WH003,5,Expired
RET006926,12-04-2025,MED066,WH007,23,Quality Issue
RET006927,27-01-2024,MED246,WH010,166,Quality Issue
RET006928,07-12-2024,MED102,WH002,67,Damaged
RET006929,14-03-2025,MED007,WH005,182,Quality Issue
RET006930,25-06-2024,MED258,WH005,180,Overstock
RET006931,01-03-2024,MED170,WH009,17,Quality Issue
RET006932,07-03-2024,MED028,WH003,139,Customer Return
RET006933,28-05-2025,MED218,WH002,155,Overstock
RET006934,01-05-2024,MED215,WH009,149,Wrong Product
RET006935,08-01-2024,MED236,WH009,41,Expired
RET006936,31-03-2024,MED285,WH007,89,Wrong Product
RET006937,19-11-2024,MED265,WH004,115,Quality Issue
RET006938,05-10-2024,MED261,WH003,28,Overstock
RET006939,16-11-2024,MED214,WH002,46,Wrong Product
RET006940,16-07-2024,MED124,WH009,181,Quality Issue
RET006941,30-09-2024,MED110,WH006,130,Quality Issue
RET006942,17-06-2025,MED083,WH007,141,Quality Issue
RET006943,30-12-2024,MED009,WH002,158,Overstock
RET006944,15-06-2025,MED184,WH006,89,Quality Issue
RET006945,02-03-2024,MED083,WH010,28,Expired
RET006946,04-06-2024,MED150,WH004,182,Customer Return
RET006947,22-06-2025,MED223,WH004,21,Not Specified
RET006948,10-06-2024,MED132,WH006,13,Wrong Product
RET006949,28-03-2024,MED186,WH002,14,Expired
RET006950,07-04-2024,MED142,WH001,76,Overstock
RET006951,12-04-2024,MED057,WH003,93,Customer Return
RET006952,07-08-2024,MED252,WH009,184,Expired
RET006953,27-01-2024,MED199,WH001,145,Expired
RET006954,19-02-2024,MED086,WH007,97,Expired
RET006955,28-05-2024,MED239,WH005,111,Expired
RET006956,17-01-2024,MED137,WH009,60,Damaged
RET006957,24-04-2024,MED209,WH002,122,Expired
RET006958,08-04-2025,MED205,WH006,166,Customer Return
RET006959,21-04-2024,MED092,WH009,127,Customer Return
RET006960,19-01-2024,MED217,WH002,102,Customer Return
RET006961,26-02-2024,MED295,WH006,17,Quality Issue
RET006962,31-03-2024,MED010,WH003,150,Wrong Product
RET006963,24-03-2024,MED079,WH009,36,Quality Issue
RET006964,06-09-2024,MED009,WH010,32,Quality Issue
RET006965,27-11-2024,MED257,WH005,58,Overstock
RET006966,08-05-2024,MED229,WH002,159,Customer Return
RET006967,27-04-2025,MED073,WH007,17,Expired
RET006968,22-07-2024,MED055,WH002,118,Expired
RET006969,15-01-2025,MED145,WH005,90,Expired
RET006970,20-06-2025,MED049,WH006,53,Expired
RET006971,25-11-2024,MED152,WH004,6,Wrong Product
RET006972,22-11-2024,MED267,WH006,98,Quality Issue
RET006973,27-01-2025,MED026,WH001,48,Customer Return
RET006974,16-09-2024,MED288,WH004,107,Overstock
RET006975,19-08-2024,MED247,WH010,73,Wrong Product
RET006976,12-09-2024,MED264,WH008,83,Overstock
RET006977,02-07-2024,MED199,WH004,112,Overstock
RET006978,04-06-2024,MED163,WH007,80,Customer Return
RET006979,12-01-2025,MED246,WH007,48,Wrong Product
RET006980,08-01-2025,MED216,WH010,101,Quality Issue
RET006981,15-06-2025,MED191,WH007,115,Overstock
RET006982,18-08-2024,MED269,WH005,17,Quality Issue
RET006983,22-06-2024,MED005,WH010,198,Damaged
RET006984,10-12-2024,MED008,WH006,16,Overstock
RET006985,02-06-2025,MED075,WH003,130,Wrong Product
RET006986,25-06-2025,MED078,WH005,199,Expired
RET006987,23-05-2025,MED107,WH005,56,Damaged
RET006988,23-07-2024,MED103,WH002,65,Quality Issue
RET006989,07-08-2024,MED255,WH010,109,Overstock
RET006990,20-02-2025,MED204,WH004,131,Quality Issue
RET006991,08-10-2024,MED200,WH002,38,Wrong Product
RET006992,14-02-2024,MED021,WH009,75,Quality Issue
RET006993,17-04-2024,MED128,WH008,185,Expired
RET006994,15-01-2025,MED067,WH003,165,Wrong Product
RET006995,15-05-2024,MED116,WH007,161,Quality Issue
RET006996,12-06-2024,MED185,WH004,107,Customer Return
RET006997,17-04-2025,MED299,WH002,69,Expired
RET006998,03-06-2025,MED111,WH001,144,Expired
RET006999,14-07-2024,MED076,WH002,131,Quality Issue
RET007000,23-08-2024,MED279,WH007,125,Quality Issue
RET007001,10-04-2024,MED110,WH010,67,Expired
RET007002,10-03-2025,MED266,WH009,17,Wrong Product
RET007003,28-05-2024,MED078,WH007,102,Damaged
RET007004,16-09-2024,MED053,WH001,163,Customer Return
RET007005,16-05-2024,MED228,WH005,42,Wrong Product
RET007006,24-11-2024,MED002,WH006,110,Damaged
RET007007,07-02-2024,MED296,WH005,75,Expired
RET007008,10-02-2025,MED100,WH005,48,Customer Return
RET007009,31-01-2024,MED288,WH009,12,Damaged
RET007010,26-01-2024,MED281,WH006,102,Damaged
RET007011,16-01-2024,MED170,WH007,148,Expired
RET007012,14-01-2025,MED063,WH001,77,Wrong Product
RET007013,19-05-2025,MED268,WH004,118,Quality Issue
RET007014,29-02-2024,MED170,WH002,90,Overstock
RET007015,31-08-2024,MED079,WH001,9,Quality Issue
RET007016,28-06-2024,MED232,WH002,24,Wrong Product
RET007017,20-05-2025,MED282,WH002,109,Quality Issue
RET007018,19-11-2024,MED189,WH007,80,Overstock
RET007019,15-02-2025,MED258,WH002,162,Expired
RET007020,13-06-2025,MED259,WH006,15,Wrong Product
RET007021,06-05-2024,MED191,WH006,109,Customer Return
RET007022,15-12-2024,MED026,WH005,38,Expired
RET007023,21-09-2024,MED012,WH007,27,Customer Return
RET007024,20-09-2024,MED007,WH005,97,Quality Issue
RET007025,04-09-2024,MED208,WH007,133,Damaged
RET007026,28-01-2025,MED006,WH010,195,Overstock
RET007027,12-06-2024,MED017,WH007,84,Quality Issue
RET007028,11-06-2024,MED263,WH006,83,Not Specified
RET007029,16-07-2024,MED258,WH008,145,Customer Return
RET007030,25-10-2024,MED051,WH001,132,Quality Issue
RET007031,17-11-2024,MED080,WH007,155,Quality Issue
RET007032,13-12-2024,MED281,WH010,14,Expired
RET007033,21-12-2024,MED136,WH004,187,Overstock
RET007034,19-05-2025,MED296,WH004,132,Quality Issue
RET007035,09-01-2024,MED047,WH010,19,Expired
RET007036,16-06-2024,MED080,WH001,160,Wrong Product
RET007037,02-01-2024,MED040,WH009,163,Expired
RET007038,20-03-2025,MED050,WH009,145,Quality Issue
RET007039,06-04-2025,MED086,WH005,80,Wrong Product
RET007040,31-10-2024,MED123,WH009,9,Overstock
RET007041,21-04-2025,MED052,WH005,113,Quality Issue
RET007042,06-02-2025,MED031,WH003,74,Customer Return
RET007043,19-08-2024,MED106,WH006,66,Expired
RET007044,04-04-2024,MED133,WH002,174,Wrong Product
RET007045,09-03-2025,MED082,WH002,46,Quality Issue
RET007046,09-11-2024,MED013,WH004,22,Damaged
RET007047,04-12-2024,MED161,WH010,12,Quality Issue
RET007048,02-06-2024,MED229,WH004,85,Wrong Product
RET007049,12-05-2025,MED066,WH004,163,Quality Issue
RET007050,04-02-2024,MED031,WH007,150,Damaged
RET007051,06-03-2025,MED256,WH001,151,Damaged
RET007052,05-08-2024,MED278,WH008,99,Wrong Product
RET007053,22-05-2024,MED147,WH003,47,Wrong Product
RET007054,08-06-2025,MED142,WH005,172,Quality Issue
RET007055,10-12-2024,MED022,WH009,165,Expired
RET007056,06-06-2025,MED097,WH001,168,Customer Return
RET007057,02-09-2024,MED171,WH008,157,Damaged
RET007058,02-03-2025,MED003,WH004,124,Expired
RET007059,07-09-2024,MED140,WH003,117,Wrong Product
RET007060,08-04-2024,MED070,WH003,198,Customer Return
RET007061,30-05-2024,MED274,WH003,174,Customer Return
RET007062,04-05-2024,MED108,WH009,41,Quality Issue
RET007063,11-06-2025,MED148,WH010,113,Quality Issue
RET007064,19-02-2025,MED133,WH007,200,Customer Return
RET007065,23-10-2024,MED290,WH001,31,Quality Issue
RET007066,02-04-2024,MED127,WH009,167,Wrong Product
RET007067,24-04-2025,MED225,WH007,117,Overstock
RET007068,05-06-2025,MED144,WH001,120,Customer Return
RET007069,04-04-2024,MED295,WH008,67,Wrong Product
RET007070,22-01-2024,MED141,WH010,91,Expired
RET007071,19-07-2024,MED042,WH010,37,Damaged
RET007072,17-10-2024,MED098,WH010,65,Quality Issue
RET007073,26-09-2024,MED145,WH004,43,Quality Issue
RET007074,31-05-2024,MED251,WH004,77,Customer Return
RET007075,02-08-2024,MED130,WH005,103,Overstock
RET007076,20-11-2024,MED125,WH004,43,Expired
RET007077,04-12-2024,MED158,WH003,87,Customer Return
RET007078,04-03-2024,MED123,WH008,156,Wrong Product
RET007079,06-04-2024,MED031,WH006,147,Quality Issue
RET007080,29-02-2024,MED054,WH004,91,Quality Issue
RET007081,07-05-2024,MED228,WH005,27,Wrong Product
RET007082,24-01-2024,MED048,WH003,118,Expired
RET007083,14-03-2024,MED271,WH003,163,Damaged
RET007084,27-01-2024,MED285,WH002,21,Wrong Product
RET007085,20-03-2024,MED261,WH001,40,Quality Issue
RET007086,19-06-2024,MED300,WH010,112,Damaged
RET007087,27-10-2024,MED101,WH005,71,Wrong Product
RET007088,02-08-2024,MED054,WH001,5,Customer Return
RET007089,25-08-2024,MED038,WH009,144,Customer Return
RET007090,25-05-2025,MED012,WH005,95,Damaged
RET007091,14-02-2025,MED219,WH007,77,Damaged
RET007092,09-09-2024,MED092,WH003,135,Damaged
RET007093,28-12-2024,MED249,WH002,102,Quality Issue
RET007094,23-11-2024,MED211,WH007,146,Wrong Product
RET007095,28-07-2024,MED270,WH007,182,Expired
RET007096,19-12-2024,MED010,WH007,57,Customer Return
RET007097,04-01-2024,MED073,WH006,75,Damaged
RET007098,13-03-2024,MED037,WH007,52,Expired
RET007099,29-05-2025,MED065,WH009,155,Customer Return
RET007100,03-06-2024,MED161,WH003,49,Expired
RET007101,11-09-2024,MED042,WH009,49,Wrong Product
RET007102,27-08-2024,MED259,WH004,69,Customer Return
RET007103,13-05-2024,MED075,WH009,64,Wrong Product
RET007104,27-04-2024,MED151,WH002,19,Expired
RET007105,16-01-2024,MED032,WH002,158,Customer Return
RET007106,08-03-2024,MED220,WH008,97,Wrong Product
RET007107,14-07-2024,MED118,WH003,190,Quality Issue
RET007108,13-06-2024,MED189,WH010,91,Quality Issue
RET007109,25-04-2025,MED114,WH002,132,Customer Return
RET007110,19-01-2024,MED289,WH007,20,Damaged
RET007111,09-01-2024,MED163,WH009,86,Quality Issue
RET007112,23-06-2024,MED196,WH002,88,Quality Issue
RET007113,25-06-2025,MED091,WH010,120,Wrong Product
RET007114,26-08-2024,MED033,WH007,65,Wrong Product
RET007115,24-05-2025,MED143,WH006,196,Expired
RET007116,29-05-2025,MED052,WH002,11,Overstock
RET007117,18-03-2024,MED047,WH003,199,Expired
RET007118,16-02-2025,MED088,WH009,168,Wrong Product
RET007119,14-08-2024,MED144,WH001,72,Overstock
RET007120,18-02-2025,MED298,WH004,85,Expired
RET007121,06-01-2025,MED237,WH004,55,Overstock
RET007122,18-01-2024,MED043,WH007,134,Not Specified
RET007123,27-03-2025,MED214,WH008,181,Damaged
RET007124,03-12-2024,MED038,WH010,29,Quality Issue
RET007125,10-06-2024,MED254,WH009,187,Quality Issue
RET007126,18-02-2024,MED292,WH008,72,Customer Return
RET007127,05-03-2024,MED196,WH009,137,Damaged
RET007128,04-06-2025,MED082,WH006,169,Overstock
RET007129,01-05-2024,MED147,WH005,113,Quality Issue
RET007130,01-05-2025,MED013,WH007,49,Customer Return
RET007131,07-02-2024,MED197,WH007,191,Expired
RET007132,29-03-2025,MED048,WH002,144,Customer Return
RET007133,29-05-2025,MED175,WH008,119,Customer Return
RET007134,25-01-2025,MED094,WH003,101,Wrong Product
RET007135,17-09-2024,MED156,WH007,152,Wrong Product
RET007136,03-08-2024,MED161,WH003,161,Wrong Product
RET007137,19-01-2024,MED174,WH002,79,Wrong Product
RET007138,25-01-2025,MED173,WH004,166,Overstock
RET007139,22-07-2024,MED112,WH005,7,Overstock
RET007140,31-12-2024,MED277,WH006,184,Damaged
RET007141,26-01-2025,MED269,WH002,91,Wrong Product
RET007142,08-06-2025,MED156,WH005,45,Wrong Product
RET007143,02-05-2024,MED074,WH007,30,Wrong Product
RET007144,04-04-2025,MED263,WH001,85,Expired
RET007145,22-01-2025,MED110,WH006,46,Quality Issue
RET007146,19-11-2024,MED061,WH002,95,Overstock
RET007147,16-05-2025,MED177,WH009,102,Customer Return
RET007148,04-02-2024,MED149,WH004,168,Customer Return
RET007149,06-01-2024,MED196,WH002,151,Quality Issue
RET007150,10-01-2025,MED104,WH008,43,Expired
RET007151,15-09-2024,MED210,WH005,144,Customer Return
RET007152,20-12-2024,MED231,WH007,47,Wrong Product
RET007153,09-07-2024,MED047,WH003,50,Wrong Product
RET007154,07-03-2025,MED092,WH004,61,Expired
RET007155,11-01-2024,MED102,WH009,156,Not Specified
RET007156,30-10-2024,MED216,WH004,44,Customer Return
RET007157,09-02-2024,MED160,WH004,39,Damaged
RET007158,03-06-2025,MED054,WH002,62,Overstock
RET007159,26-02-2025,MED019,WH002,90,Wrong Product
RET007160,06-10-2024,MED280,WH007,182,Expired
RET007161,10-01-2025,MED014,WH004,185,Customer Return
RET007162,29-01-2025,MED281,WH005,94,Customer Return
RET007163,30-08-2024,MED192,WH008,39,Wrong Product
RET007164,25-02-2025,MED237,WH006,200,Expired
RET007165,03-02-2024,MED142,WH008,179,Overstock
RET007166,05-05-2024,MED105,WH003,121,Damaged
RET007167,12-04-2025,MED273,WH010,175,Damaged
RET007168,12-08-2024,MED190,WH010,58,Expired
RET007169,15-03-2024,MED269,WH003,61,Damaged
RET007170,29-04-2024,MED298,WH002,197,Overstock
RET007171,13-05-2024,MED146,WH009,22,Overstock
RET007172,27-05-2024,MED200,WH005,41,Quality Issue
RET007173,06-06-2024,MED063,WH002,65,Overstock
RET007174,12-02-2024,MED231,WH008,32,Overstock
RET007175,26-04-2025,MED115,WH003,160,Quality Issue
RET007176,11-06-2025,MED145,WH003,88,Overstock
RET007177,31-07-2024,MED119,WH007,24,Damaged
RET007178,19-11-2024,MED175,WH001,96,Damaged
RET007179,20-03-2025,MED110,WH006,168,Customer Return
RET007180,26-12-2024,MED177,WH001,92,Wrong Product
RET007181,16-06-2024,MED147,WH004,22,Damaged
RET007182,14-02-2024,MED123,WH008,159,Wrong Product
RET007183,04-03-2025,MED140,WH009,148,Wrong Product
RET007184,01-03-2025,MED261,WH002,134,Customer Return
RET007185,07-05-2024,MED058,WH009,131,Expired
RET007186,12-12-2024,MED289,WH009,100,Damaged
RET007187,25-09-2024,MED222,WH004,148,Damaged
RET007188,19-01-2024,MED240,WH002,154,Not Specified
RET007189,07-03-2025,MED080,WH006,175,Wrong Product
RET007190,03-08-2024,MED209,WH010,157,Quality Issue
RET007191,20-05-2025,MED192,WH006,66,Expired
RET007192,04-03-2025,MED250,WH005,18,Quality Issue
RET007193,09-06-2025,MED069,WH002,120,Wrong Product
RET007194,21-11-2024,MED136,WH009,40,Quality Issue
RET007195,12-01-2025,MED044,WH009,74,Damaged
RET007196,18-03-2025,MED297,WH009,186,Customer Return
RET007197,20-02-2025,MED072,WH010,15,Overstock
RET007198,22-04-2025,MED106,WH010,66,Customer Return
RET007199,20-04-2025,MED001,WH010,39,Wrong Product
RET007200,15-09-2024,MED001,WH007,41,Expired
RET007201,23-09-2024,MED267,WH010,171,Customer Return
RET007202,20-02-2025,MED024,WH010,55,Damaged
RET007203,14-01-2024,MED243,WH009,89,Quality Issue
RET007204,15-09-2024,MED286,WH007,46,Damaged
RET007205,13-11-2024,MED114,WH003,129,Not Specified
RET007206,20-06-2025,MED289,WH002,81,Wrong Product
RET007207,27-06-2024,MED256,WH006,110,Expired
RET007208,24-12-2024,MED202,WH009,65,Damaged
RET007209,20-01-2025,MED158,WH003,89,Quality Issue
RET007210,01-03-2024,MED008,WH002,95,Wrong Product
RET007211,19-03-2024,MED283,WH006,180,Wrong Product
RET007212,19-05-2024,MED128,WH002,115,Customer Return
RET007213,19-05-2024,MED184,WH008,125,Overstock
RET007214,11-07-2024,MED016,WH006,122,Wrong Product
RET007215,26-04-2024,MED192,WH009,35,Not Specified
RET007216,30-06-2024,MED235,WH002,45,Damaged
RET007217,14-07-2024,MED153,WH009,87,Quality Issue
RET007218,25-04-2025,MED114,WH006,105,Damaged
RET007219,02-03-2025,MED223,WH003,32,Expired
RET007220,20-06-2024,MED193,WH006,63,Overstock
RET007221,28-05-2025,MED272,WH010,135,Overstock
RET007222,24-08-2024,MED262,WH006,197,Customer Return
RET007223,01-06-2024,MED082,WH010,87,Quality Issue
RET007224,17-06-2024,MED029,WH001,106,Wrong Product
RET007225,08-01-2024,MED189,WH010,86,Customer Return
RET007226,26-02-2024,MED058,WH005,24,Expired
RET007227,22-09-2024,MED296,WH009,87,Wrong Product
RET007228,29-11-2024,MED099,WH009,112,Wrong Product
RET007229,10-05-2024,MED187,WH009,11,Expired
RET007230,19-06-2024,MED020,WH006,44,Customer Return
RET007231,16-03-2024,MED172,WH003,93,Quality Issue
RET007232,12-05-2024,MED202,WH010,182,Wrong Product
RET007233,05-06-2025,MED152,WH007,91,Overstock
RET007234,01-08-2024,MED009,WH009,65,Damaged
RET007235,11-05-2025,MED130,WH002,85,Customer Return
RET007236,23-03-2025,MED266,WH008,78,Wrong Product
RET007237,28-02-2024,MED156,WH010,17,Wrong Product
RET007238,08-06-2024,MED140,WH008,31,Overstock
RET007239,23-07-2024,MED074,WH008,136,Overstock
RET007240,09-03-2024,MED154,WH010,131,Overstock
RET007241,05-11-2024,MED192,WH006,21,Damaged
RET007242,22-01-2025,MED130,WH010,76,Damaged
RET007243,09-01-2024,MED086,WH007,74,Overstock
RET007244,28-09-2024,MED235,WH008,67,Expired
RET007245,14-04-2025,MED245,WH008,130,Overstock
RET007246,30-04-2025,MED281,WH004,75,Expired
RET007247,14-08-2024,MED266,WH007,55,Damaged
RET007248,06-06-2024,MED120,WH007,193,Wrong Product
RET007249,16-03-2024,MED003,WH010,58,Damaged
RET007250,18-02-2025,MED031,WH001,16,Overstock
RET007251,08-09-2024,MED290,WH010,41,Wrong Product
RET007252,05-06-2025,MED088,WH009,88,Overstock
RET007253,24-10-2024,MED091,WH005,84,Quality Issue
RET007254,07-03-2024,MED248,WH004,140,Customer Return
RET007255,20-08-2024,MED167,WH001,32,Wrong Product
RET007256,13-02-2024,MED007,WH007,132,Quality Issue
RET007257,19-05-2025,MED053,WH004,135,Wrong Product
RET007258,06-01-2025,MED026,WH008,25,Damaged
RET007259,23-06-2025,MED021,WH008,142,Not Specified
RET007260,04-02-2024,MED007,WH006,58,Quality Issue
RET007261,05-07-2024,MED099,WH007,20,Expired
RET007262,18-01-2025,MED115,WH010,81,Expired
RET007263,12-01-2024,MED238,WH002,144,Damaged
RET007264,18-12-2024,MED076,WH007,12,Expired
RET007265,14-03-2025,MED130,WH001,8,Expired
RET007266,11-05-2025,MED234,WH001,47,Customer Return
RET007267,06-03-2024,MED082,WH002,47,Quality Issue
RET007268,09-03-2024,MED186,WH008,171,Damaged
RET007269,17-03-2025,MED194,WH005,112,Overstock
RET007270,05-08-2024,MED167,WH003,154,Customer Return
RET007271,18-05-2024,MED158,WH005,5,Quality Issue
RET007272,14-05-2025,MED177,WH004,96,Overstock
RET007273,27-01-2024,MED220,WH002,63,Expired
RET007274,22-06-2024,MED228,WH003,59,Customer Return
RET007275,27-06-2024,MED224,WH005,115,Overstock
RET007276,01-11-2024,MED229,WH002,95,Quality Issue
RET007277,06-02-2024,MED130,WH010,150,Quality Issue
RET007278,12-03-2024,MED180,WH009,147,Wrong Product
RET007279,19-02-2025,MED198,WH001,55,Customer Return
RET007280,02-02-2025,MED028,WH009,10,Damaged
RET007281,29-03-2024,MED173,WH005,197,Expired
RET007282,26-05-2025,MED190,WH004,138,Quality Issue
RET007283,20-06-2024,MED245,WH003,47,Quality Issue
RET007284,30-06-2025,MED240,WH003,35,Expired
RET007285,09-06-2024,MED295,WH001,82,Overstock
RET007286,09-10-2024,MED059,WH008,58,Wrong Product
RET007287,11-05-2025,MED162,WH009,194,Expired
RET007288,15-01-2024,MED191,WH003,103,Quality Issue
RET007289,06-04-2024,MED243,WH001,85,Damaged
RET007290,07-03-2025,MED234,WH004,12,Customer Return
RET007291,11-01-2024,MED279,WH009,10,Wrong Product
RET007292,07-01-2025,MED065,WH001,108,Wrong Product
RET007293,28-04-2025,MED118,WH007,91,Wrong Product
RET007294,25-02-2024,MED234,WH008,200,Expired
RET007295,12-02-2024,MED161,WH005,12,Overstock
RET007296,27-03-2025,MED172,WH006,105,Quality Issue
RET007297,22-08-2024,MED212,WH010,25,Customer Return
RET007298,14-04-2025,MED132,WH001,170,Damaged
RET007299,07-02-2024,MED293,WH004,197,Quality Issue
RET007300,08-12-2024,MED276,WH003,37,Customer Return
RET007301,28-05-2025,MED223,WH005,173,Customer Return
RET007302,30-01-2025,MED022,WH004,54,Overstock
RET007303,04-09-2024,MED043,WH005,94,Overstock
RET007304,02-11-2024,MED141,WH009,78,Wrong Product
RET007305,09-02-2024,MED201,WH004,171,Quality Issue
RET007306,04-09-2024,MED004,WH004,22,Expired
RET007307,04-02-2025,MED193,WH007,181,Quality Issue
RET007308,20-02-2025,MED172,WH005,140,Customer Return
RET007309,28-04-2025,MED010,WH009,162,Quality Issue
RET007310,14-01-2025,MED035,WH005,26,Overstock
RET007311,15-09-2024,MED020,WH001,48,Overstock
RET007312,12-04-2025,MED061,WH007,85,Overstock
RET007313,24-01-2024,MED296,WH007,53,Customer Return
RET007314,02-12-2024,MED267,WH001,104,Wrong Product
RET007315,16-05-2025,MED012,WH003,153,Quality Issue
RET007316,31-03-2024,MED242,WH003,193,Expired
RET007317,14-06-2025,MED164,WH009,161,Damaged
RET007318,09-09-2024,MED097,WH001,138,Expired
RET007319,22-01-2025,MED001,WH001,28,Wrong Product
RET007320,03-06-2024,MED074,WH003,191,Wrong Product
RET007321,15-03-2025,MED220,WH008,123,Expired
RET007322,03-03-2025,MED006,WH007,104,Wrong Product
RET007323,12-06-2024,MED268,WH009,186,Overstock
RET007324,13-12-2024,MED255,WH001,32,Expired
RET007325,07-11-2024,MED041,WH010,200,Quality Issue
RET007326,09-06-2024,MED230,WH001,131,Wrong Product
RET007327,04-04-2024,MED204,WH010,26,Overstock
RET007328,14-01-2024,MED036,WH006,164,Damaged
RET007329,17-04-2025,MED063,WH003,185,Expired
RET007330,19-10-2024,MED164,WH002,74,Not Specified
RET007331,20-04-2025,MED204,WH002,18,Expired
RET007332,22-12-2024,MED097,WH008,90,Wrong Product
RET007333,22-06-2024,MED015,WH008,133,Wrong Product
RET007334,07-11-2024,MED145,WH005,73,Damaged
RET007335,29-03-2025,MED195,WH001,198,Customer Return
RET007336,18-12-2024,MED021,WH008,68,Expired
RET007337,12-01-2025,MED171,WH004,70,Damaged
RET007338,24-02-2025,MED239,WH009,81,Damaged
RET007339,13-10-2024,MED229,WH009,81,Customer Return
RET007340,18-10-2024,MED173,WH001,19,Customer Return
RET007341,20-03-2025,MED191,WH004,98,Wrong Product
RET007342,13-11-2024,MED268,WH006,118,Wrong Product
RET007343,02-03-2024,MED150,WH002,76,Customer Return
RET007344,14-05-2024,MED216,WH008,190,Quality Issue
RET007345,27-12-2024,MED025,WH005,83,Quality Issue
RET007346,23-12-2024,MED268,WH002,45,Expired
RET007347,09-02-2024,MED223,WH002,85,Damaged
RET007348,02-06-2025,MED076,WH010,115,Not Specified
RET007349,10-06-2024,MED269,WH003,5,Expired
RET007350,16-06-2024,MED035,WH006,174,Quality Issue
RET007351,20-05-2024,MED195,WH009,62,Quality Issue
RET007352,18-10-2024,MED053,WH010,108,Customer Return
RET007353,19-08-2024,MED007,WH009,5,Overstock
RET007354,11-01-2025,MED170,WH009,119,Customer Return
RET007355,03-04-2024,MED095,WH010,12,Quality Issue
RET007356,25-05-2025,MED025,WH005,125,Customer Return
RET007357,04-04-2025,MED175,WH005,196,Quality Issue
RET007358,09-01-2025,MED007,WH002,103,Customer Return
RET007359,09-07-2024,MED282,WH010,141,Expired
RET007360,24-08-2024,MED139,WH006,36,Wrong Product
RET007361,18-09-2024,MED244,WH001,55,Wrong Product
RET007362,18-07-2024,MED118,WH005,20,Customer Return
RET007363,26-12-2024,MED182,WH009,130,Customer Return
RET007364,19-04-2025,MED045,WH006,140,Customer Return
RET007365,18-06-2025,MED249,WH008,97,Wrong Product
RET007366,12-06-2024,MED300,WH008,75,Expired
RET007367,17-03-2025,MED255,WH009,18,Wrong Product
RET007368,03-03-2024,MED170,WH006,149,Overstock
RET007369,11-02-2025,MED013,WH004,36,Damaged
RET007370,08-03-2024,MED155,WH007,51,Expired
RET007371,05-02-2025,MED266,WH008,64,Customer Return
RET007372,01-04-2024,MED023,WH001,150,Wrong Product
RET007373,05-04-2024,MED129,WH004,67,Expired
RET007374,15-10-2024,MED231,WH010,68,Wrong Product
RET007375,21-03-2024,MED112,WH010,175,Customer Return
RET007376,28-01-2024,MED134,WH006,191,Quality Issue
RET007377,18-08-2024,MED046,WH008,138,Quality Issue
RET007378,23-04-2024,MED151,WH007,58,Damaged
RET007379,06-03-2024,MED209,WH007,72,Overstock
RET007380,10-07-2024,MED129,WH009,161,Wrong Product
RET007381,25-05-2025,MED212,WH003,36,Damaged
RET007382,24-01-2025,MED169,WH007,140,Customer Return
RET007383,21-09-2024,MED164,WH009,155,Wrong Product
RET007384,09-03-2025,MED087,WH008,83,Quality Issue
RET007385,18-06-2024,MED095,WH003,195,Wrong Product
RET007386,14-04-2024,MED194,WH001,129,Wrong Product
RET007387,09-02-2024,MED139,WH008,152,Wrong Product
RET007388,10-04-2024,MED080,WH002,167,Quality Issue
RET007389,02-04-2025,MED153,WH008,176,Expired
RET007390,28-06-2025,MED060,WH010,109,Customer Return
RET007391,08-11-2024,MED209,WH001,116,Wrong Product
RET007392,17-01-2025,MED190,WH010,50,Expired
RET007393,05-08-2024,MED155,WH006,167,Damaged
RET007394,28-01-2025,MED193,WH004,187,Not Specified
RET007395,28-06-2024,MED035,WH010,69,Quality Issue
RET007396,04-02-2025,MED004,WH002,34,Quality Issue
RET007397,29-01-2024,MED014,WH004,182,Overstock
RET007398,11-04-2025,MED295,WH004,34,Damaged
RET007399,15-05-2025,MED212,WH005,171,Quality Issue
RET007400,16-06-2024,MED181,WH008,82,Expired
RET007401,29-05-2025,MED081,WH010,165,Quality Issue
RET007402,17-09-2024,MED193,WH007,5,Expired
RET007403,14-05-2024,MED137,WH005,85,Customer Return
RET007404,27-10-2024,MED114,WH002,144,Damaged
RET007405,07-01-2024,MED038,WH001,26,Quality Issue
RET007406,18-10-2024,MED102,WH006,79,Expired
RET007407,11-07-2024,MED067,WH002,117,Overstock
RET007408,03-07-2024,MED296,WH002,199,Damaged
RET007409,26-02-2025,MED101,WH004,47,Overstock
RET007410,06-01-2025,MED016,WH006,80,Quality Issue
RET007411,13-03-2024,MED203,WH006,7,Quality Issue
RET007412,09-02-2024,MED095,WH003,82,Expired
RET007413,19-02-2025,MED195,WH009,146,Quality Issue
RET007414,17-03-2024,MED274,WH002,194,Overstock
RET007415,23-04-2024,MED209,WH010,35,Damaged
RET007416,11-06-2025,MED033,WH002,124,Overstock
RET007417,16-07-2024,MED041,WH005,19,Overstock
RET007418,16-05-2025,MED216,WH009,188,Customer Return
RET007419,04-04-2024,MED289,WH008,128,Wrong Product
RET007420,16-11-2024,MED144,WH010,53,Quality Issue
RET007421,16-05-2024,MED010,WH010,191,Not Specified
RET007422,13-01-2024,MED010,WH004,43,Damaged
RET007423,27-03-2025,MED255,WH008,169,Wrong Product
RET007424,05-05-2024,MED144,WH008,131,Customer Return
RET007425,09-06-2025,MED052,WH008,138,Quality Issue
RET007426,14-11-2024,MED288,WH005,142,Wrong Product
RET007427,27-10-2024,MED135,WH001,186,Overstock
RET007428,21-03-2024,MED199,WH005,21,Damaged
RET007429,04-01-2025,MED012,WH005,173,Damaged
RET007430,05-12-2024,MED062,WH009,189,Overstock
RET007431,28-01-2025,MED097,WH004,106,Damaged
RET007432,10-01-2025,MED170,WH004,90,Overstock
RET007433,12-01-2025,MED001,WH004,40,Expired
RET007434,15-06-2025,MED239,WH002,83,Customer Return
RET007435,31-08-2024,MED031,WH010,63,Expired
RET007436,07-02-2024,MED053,WH004,18,Overstock
RET007437,16-04-2025,MED102,WH004,106,Damaged
RET007438,09-06-2024,MED292,WH003,179,Customer Return
RET007439,08-03-2025,MED012,WH001,39,Damaged
RET007440,15-10-2024,MED157,WH003,152,Overstock
RET007441,18-04-2024,MED187,WH002,60,Quality Issue
RET007442,01-07-2024,MED129,WH005,133,Expired
RET007443,21-02-2025,MED113,WH008,5,Quality Issue
RET007444,19-06-2025,MED154,WH009,75,Quality Issue
RET007445,23-05-2025,MED269,WH010,34,Customer Return
RET007446,19-03-2024,MED276,WH007,89,Wrong Product
RET007447,31-03-2024,MED233,WH010,142,Wrong Product
RET007448,13-07-2024,MED081,WH003,35,Expired
RET007449,20-02-2024,MED195,WH010,149,Expired
RET007450,17-01-2024,MED184,WH004,183,Overstock
RET007451,11-01-2025,MED282,WH001,123,Quality Issue
RET007452,16-09-2024,MED172,WH009,70,Expired
RET007453,10-02-2025,MED098,WH001,190,Customer Return
RET007454,09-07-2024,MED029,WH008,132,Customer Return
RET007455,11-02-2025,MED196,WH002,35,Overstock
RET007456,09-11-2024,MED142,WH010,91,Damaged
RET007457,18-04-2024,MED274,WH002,21,Expired
RET007458,24-06-2024,MED041,WH010,6,Customer Return
RET007459,19-03-2024,MED117,WH010,90,Overstock
RET007460,16-06-2025,MED013,WH002,48,Wrong Product
RET007461,07-05-2025,MED246,WH001,121,Expired
RET007462,01-04-2024,MED282,WH001,101,Overstock
RET007463,03-02-2025,MED048,WH008,88,Expired
RET007464,26-04-2025,MED141,WH005,37,Not Specified
RET007465,18-04-2024,MED117,WH009,175,Expired
RET007466,07-06-2025,MED268,WH004,144,Customer Return
RET007467,27-02-2024,MED194,WH005,101,Customer Return
RET007468,10-02-2024,MED018,WH007,164,Overstock
RET007469,23-02-2025,MED242,WH004,111,Customer Return
RET007470,16-03-2025,MED159,WH008,16,Quality Issue
RET007471,30-05-2025,MED016,WH010,99,Customer Return
RET007472,07-04-2025,MED292,WH007,129,Quality Issue
RET007473,01-08-2024,MED129,WH002,158,Customer Return
RET007474,12-01-2024,MED243,WH005,94,Damaged
RET007475,16-08-2024,MED226,WH007,169,Customer Return
RET007476,18-11-2024,MED097,WH009,89,Wrong Product
RET007477,12-05-2025,MED232,WH001,109,Expired
RET007478,12-01-2025,MED152,WH005,13,Expired
RET007479,15-05-2025,MED024,WH005,87,Overstock
RET007480,16-06-2024,MED130,WH004,120,Wrong Product
RET007481,27-08-2024,MED206,WH010,188,Expired
RET007482,10-04-2025,MED028,WH009,157,Wrong Product
RET007483,01-08-2024,MED034,WH008,61,Damaged
RET007484,10-04-2024,MED033,WH001,33,Wrong Product
RET007485,07-03-2024,MED234,WH010,31,Damaged
RET007486,23-02-2025,MED025,WH009,153,Overstock
RET007487,03-04-2025,MED267,WH009,147,Customer Return
RET007488,05-05-2025,MED297,WH004,8,Damaged
RET007489,15-02-2024,MED136,WH005,194,Quality Issue
RET007490,05-05-2025,MED126,WH005,115,Customer Return
RET007491,07-01-2025,MED164,WH007,97,Damaged
RET007492,13-04-2024,MED031,WH001,139,Customer Return
RET007493,09-02-2024,MED060,WH003,169,Damaged
RET007494,11-12-2024,MED207,WH005,97,Expired
RET007495,21-01-2025,MED029,WH008,139,Damaged
RET007496,21-01-2025,MED072,WH009,70,Overstock
RET007497,18-10-2024,MED219,WH006,113,Expired
RET007498,04-04-2024,MED172,WH003,195,Wrong Product
RET007499,18-09-2024,MED114,WH008,76,Wrong Product
RET007500,13-09-2024,MED097,WH009,44,Quality Issue
RET007501,05-05-2025,MED129,WH009,185,Customer Return
RET007502,24-09-2024,MED001,WH005,8,Overstock
RET007503,26-02-2024,MED097,WH003,195,Damaged
RET007504,20-12-2024,MED152,WH004,25,Quality Issue
RET007505,14-06-2025,MED076,WH007,88,Customer Return
RET007506,19-12-2024,MED258,WH010,158,Customer Return
RET007507,17-06-2024,MED272,WH007,128,Overstock
RET007508,11-03-2024,MED224,WH001,34,Expired
RET007509,07-10-2024,MED205,WH003,143,Customer Return
RET007510,10-08-2024,MED052,WH005,44,Expired
RET007511,26-12-2024,MED019,WH008,142,Quality Issue
RET007512,17-10-2024,MED106,WH010,38,Overstock
RET007513,21-01-2025,MED245,WH004,48,Expired
RET007514,29-03-2025,MED010,WH004,137,Quality Issue
RET007515,18-01-2024,MED015,WH001,160,Quality Issue
RET007516,07-05-2025,MED204,WH006,110,Overstock
RET007517,02-07-2024,MED210,WH001,15,Damaged
RET007518,04-08-2024,MED246,WH009,195,Overstock
RET007519,06-01-2025,MED227,WH010,67,Customer Return
RET007520,27-03-2024,MED038,WH006,174,Damaged
RET007521,08-08-2024,MED184,WH002,34,Expired
RET007522,13-07-2024,MED053,WH005,184,Overstock
RET007523,03-01-2024,MED043,WH001,53,Quality Issue
RET007524,05-02-2024,MED221,WH007,63,Expired
RET007525,05-05-2025,MED110,WH010,56,Quality Issue
RET007526,31-08-2024,MED128,WH009,182,Customer Return
RET007527,16-12-2024,MED076,WH007,100,Expired
RET007528,16-02-2024,MED245,WH006,114,Overstock
RET007529,08-02-2024,MED070,WH008,106,Customer Return
RET007530,15-03-2024,MED245,WH006,127,Damaged
RET007531,17-01-2025,MED249,WH001,154,Quality Issue
RET007532,08-06-2024,MED052,WH001,79,Overstock
RET007533,30-12-2024,MED192,WH004,182,Wrong Product
RET007534,08-07-2024,MED024,WH007,84,Overstock
RET007535,30-04-2024,MED239,WH010,161,Customer Return
RET007536,17-02-2025,MED234,WH005,135,Damaged
RET007537,13-11-2024,MED007,WH009,77,Overstock
RET007538,18-06-2024,MED209,WH005,182,Expired
RET007539,01-02-2024,MED198,WH004,115,Customer Return
RET007540,30-04-2025,MED190,WH002,65,Expired
RET007541,20-03-2025,MED145,WH008,192,Wrong Product
RET007542,14-02-2024,MED227,WH003,164,Damaged
RET007543,27-04-2025,MED100,WH007,46,Overstock
RET007544,26-11-2024,MED149,WH002,40,Customer Return
RET007545,20-01-2024,MED158,WH001,21,Damaged
RET007546,09-01-2024,MED280,WH001,145,Overstock
RET007547,27-03-2025,MED162,WH010,117,Wrong Product
RET007548,07-10-2024,MED045,WH004,171,Quality Issue
RET007549,28-11-2024,MED038,WH010,80,Quality Issue
RET007550,09-03-2024,MED260,WH006,44,Quality Issue
RET007551,03-01-2025,MED073,WH010,59,Quality Issue
RET007552,25-03-2025,MED027,WH007,143,Customer Return
RET007553,05-12-2024,MED224,WH007,168,Customer Return
RET007554,01-01-2024,MED114,WH004,42,Wrong Product
RET007555,24-02-2025,MED165,WH009,53,Expired
RET007556,08-10-2024,MED197,WH004,45,Overstock
RET007557,20-04-2024,MED205,WH004,85,Wrong Product
RET007558,16-09-2024,MED225,WH008,42,Quality Issue
RET007559,20-12-2024,MED274,WH008,160,Damaged
RET007560,02-09-2024,MED127,WH006,79,Customer Return
RET007561,11-02-2024,MED282,WH010,131,Quality Issue
RET007562,15-03-2025,MED102,WH007,190,Expired
RET007563,02-05-2024,MED277,WH002,62,Expired
RET007564,05-03-2025,MED021,WH001,22,Customer Return
RET007565,17-05-2025,MED078,WH010,193,Damaged
RET007566,18-10-2024,MED288,WH004,31,Wrong Product
RET007567,25-03-2025,MED297,WH006,17,Customer Return
RET007568,21-03-2024,MED196,WH009,68,Damaged
RET007569,23-10-2024,MED236,WH002,68,Damaged
RET007570,24-06-2025,MED058,WH001,158,Expired
RET007571,11-01-2025,MED192,WH009,162,Quality Issue
RET007572,27-10-2024,MED092,WH004,92,Overstock
RET007573,03-01-2025,MED093,WH003,112,Wrong Product
RET007574,15-02-2024,MED208,WH010,160,Quality Issue
RET007575,27-12-2024,MED107,WH009,16,Overstock
RET007576,29-02-2024,MED114,WH003,113,Damaged
RET007577,21-06-2025,MED095,WH001,132,Expired
RET007578,31-05-2025,MED032,WH001,17,Expired
RET007579,08-03-2025,MED275,WH008,86,Customer Return
RET007580,29-07-2024,MED183,WH004,159,Damaged
RET007581,04-01-2025,MED236,WH003,7,Expired
RET007582,21-02-2025,MED132,WH010,193,Customer Return
RET007583,08-03-2024,MED235,WH006,151,Wrong Product
RET007584,07-11-2024,MED111,WH009,29,Expired
RET007585,03-12-2024,MED238,WH008,69,Damaged
RET007586,24-03-2025,MED009,WH008,55,Not Specified
RET007587,16-08-2024,MED082,WH005,82,Wrong Product
RET007588,04-02-2024,MED095,WH010,24,Damaged
RET007589,04-04-2025,MED286,WH005,175,Expired
RET007590,02-03-2024,MED197,WH003,187,Damaged
RET007591,19-03-2025,MED256,WH006,136,Wrong Product
RET007592,12-03-2025,MED156,WH005,154,Expired
RET007593,09-05-2024,MED158,WH001,53,Damaged
RET007594,30-12-2024,MED027,WH008,87,Customer Return
RET007595,05-12-2024,MED177,WH004,56,Expired
RET007596,01-01-2025,MED053,WH002,101,Wrong Product
RET007597,21-08-2024,MED198,WH005,71,Quality Issue
RET007598,29-07-2024,MED069,WH002,116,Expired
RET007599,14-10-2024,MED281,WH001,95,Expired
RET007600,18-07-2024,MED292,WH008,198,Overstock
RET007601,16-04-2024,MED277,WH006,191,Overstock
RET007602,11-02-2025,MED056,WH001,40,Expired
RET007603,15-07-2024,MED203,WH010,91,Quality Issue
RET007604,15-02-2024,MED113,WH003,159,Expired
RET007605,05-05-2025,MED143,WH001,191,Quality Issue
RET007606,20-11-2024,MED246,WH007,68,Expired
RET007607,25-12-2024,MED172,WH008,38,Damaged
RET007608,11-11-2024,MED055,WH005,17,Quality Issue
RET007609,04-11-2024,MED260,WH008,121,Customer Return
RET007610,02-02-2025,MED075,WH004,113,Overstock
RET007611,25-04-2025,MED216,WH009,46,Damaged
RET007612,08-12-2024,MED218,WH004,81,Quality Issue
RET007613,09-10-2024,MED079,WH006,186,Customer Return
RET007614,02-12-2024,MED214,WH008,72,Quality Issue
RET007615,06-04-2025,MED032,WH008,99,Expired
RET007616,13-05-2024,MED133,WH010,200,Damaged
RET007617,12-05-2024,MED289,WH001,55,Overstock
RET007618,11-11-2024,MED193,WH003,71,Wrong Product
RET007619,14-06-2025,MED282,WH002,115,Expired
RET007620,06-05-2024,MED083,WH006,40,Wrong Product
RET007621,21-05-2025,MED268,WH010,13,Expired
RET007622,17-10-2024,MED260,WH003,89,Damaged
RET007623,03-01-2024,MED164,WH010,26,Quality Issue
RET007624,31-10-2024,MED273,WH003,167,Customer Return
RET007625,17-07-2024,MED159,WH007,141,Wrong Product
RET007626,10-05-2025,MED194,WH007,52,Wrong Product
RET007627,24-09-2024,MED167,WH006,32,Overstock
RET007628,07-05-2024,MED215,WH007,51,Expired
RET007629,21-05-2025,MED043,WH004,175,Expired
RET007630,16-05-2025,MED123,WH002,143,Customer Return
RET007631,03-02-2024,MED188,WH008,111,Damaged
RET007632,18-10-2024,MED200,WH009,109,Quality Issue
RET007633,20-10-2024,MED142,WH009,10,Damaged
RET007634,22-06-2024,MED239,WH008,33,Customer Return
RET007635,16-01-2024,MED039,WH005,105,Quality Issue
RET007636,15-06-2024,MED183,WH001,189,Overstock
RET007637,16-07-2024,MED254,WH008,183,Damaged
RET007638,28-05-2024,MED295,WH008,177,Damaged
RET007639,07-06-2025,MED070,WH007,9,Quality Issue
RET007640,03-05-2024,MED092,WH005,189,Quality Issue
RET007641,14-03-2024,MED138,WH002,93,Damaged
RET007642,04-08-2024,MED228,WH010,38,Overstock
RET007643,13-08-2024,MED003,WH004,62,Expired
RET007644,06-11-2024,MED098,WH003,91,Overstock
RET007645,04-11-2024,MED079,WH008,154,Wrong Product
RET007646,16-01-2024,MED191,WH007,126,Overstock
RET007647,03-11-2024,MED039,WH008,173,Overstock
RET007648,20-11-2024,MED245,WH002,177,Expired
RET007649,26-02-2024,MED112,WH001,60,Damaged
RET007650,02-09-2024,MED163,WH007,167,Wrong Product
RET007651,07-09-2024,MED126,WH001,188,Customer Return
RET007652,19-10-2024,MED073,WH005,58,Expired
RET007653,13-09-2024,MED104,WH008,150,Quality Issue
RET007654,21-02-2025,MED179,WH010,115,Customer Return
RET007655,27-08-2024,MED155,WH008,36,Not Specified
RET007656,05-06-2025,MED208,WH001,186,Wrong Product
RET007657,11-03-2025,MED125,WH001,172,Quality Issue
RET007658,05-12-2024,MED198,WH002,152,Expired
RET007659,23-04-2024,MED047,WH001,139,Quality Issue
RET007660,19-02-2024,MED250,WH001,176,Expired
RET007661,18-06-2024,MED125,WH010,57,Wrong Product
RET007662,15-04-2025,MED252,WH002,87,Quality Issue
RET007663,29-03-2024,MED189,WH003,90,Wrong Product
RET007664,23-06-2024,MED133,WH008,44,Customer Return
RET007665,26-12-2024,MED214,WH002,55,Overstock
RET007666,15-11-2024,MED171,WH006,76,Overstock
RET007667,17-08-2024,MED153,WH002,8,Wrong Product
RET007668,21-12-2024,MED012,WH002,78,Wrong Product
RET007669,08-03-2024,MED140,WH010,106,Customer Return
RET007670,15-06-2024,MED199,WH004,29,Quality Issue
RET007671,05-06-2024,MED143,WH001,16,Expired
RET007672,24-01-2024,MED129,WH003,16,Customer Return
RET007673,19-01-2025,MED241,WH006,11,Customer Return
RET007674,12-12-2024,MED222,WH001,105,Wrong Product
RET007675,15-04-2024,MED106,WH009,152,Expired
RET007676,14-05-2024,MED266,WH002,67,Quality Issue
RET007677,09-12-2024,MED059,WH001,178,Overstock
RET007678,27-03-2025,MED136,WH001,47,Damaged
RET007679,24-01-2024,MED042,WH008,23,Quality Issue
RET007680,17-10-2024,MED193,WH001,46,Customer Return
RET007681,13-05-2025,MED006,WH009,14,Customer Return
RET007682,04-01-2024,MED012,WH003,162,Expired
RET007683,28-08-2024,MED262,WH004,59,Quality Issue
RET007684,22-08-2024,MED101,WH003,149,Expired
RET007685,20-04-2025,MED157,WH007,140,Expired
RET007686,18-08-2024,MED142,WH002,167,Wrong Product
RET007687,06-09-2024,MED064,WH002,18,Overstock
RET007688,02-01-2024,MED081,WH004,118,Quality Issue
RET007689,17-04-2025,MED251,WH005,141,Customer Return
RET007690,25-01-2024,MED060,WH007,40,Wrong Product
RET007691,21-08-2024,MED088,WH003,171,Damaged
RET007692,09-02-2025,MED129,WH010,198,Overstock
RET007693,27-03-2024,MED045,WH005,88,Expired
RET007694,02-08-2024,MED153,WH006,175,Damaged
RET007695,27-02-2024,MED221,WH002,130,Quality Issue
RET007696,15-04-2025,MED212,WH009,26,Wrong Product
RET007697,22-11-2024,MED046,WH010,180,Expired
RET007698,09-08-2024,MED287,WH010,13,Not Specified
RET007699,11-06-2025,MED222,WH009,71,Wrong Product
RET007700,03-04-2024,MED087,WH002,114,Wrong Product
RET007701,18-07-2024,MED141,WH005,94,Overstock
RET007702,04-05-2024,MED271,WH006,64,Wrong Product
RET007703,07-04-2024,MED014,WH001,106,Wrong Product
RET007704,30-07-2024,MED179,WH008,128,Overstock
RET007705,24-09-2024,MED149,WH009,11,Expired
RET007706,08-03-2025,MED085,WH003,70,Overstock
RET007707,16-06-2024,MED178,WH009,180,Expired
RET007708,18-12-2024,MED052,WH008,142,Quality Issue
RET007709,05-02-2025,MED266,WH007,64,Damaged
RET007710,26-07-2024,MED060,WH007,108,Customer Return
RET007711,29-04-2025,MED035,WH002,6,Wrong Product
RET007712,29-03-2024,MED074,WH001,135,Damaged
RET007713,25-08-2024,MED236,WH009,160,Overstock
RET007714,07-07-2024,MED063,WH010,22,Quality Issue
RET007715,04-06-2025,MED233,WH002,22,Quality Issue
RET007716,09-08-2024,MED279,WH001,88,Expired
RET007717,02-12-2024,MED277,WH003,199,Quality Issue
RET007718,05-01-2025,MED177,WH009,136,Damaged
RET007719,11-04-2025,MED252,WH008,176,Wrong Product
RET007720,22-03-2025,MED290,WH007,197,Damaged
RET007721,22-06-2025,MED267,WH005,26,Overstock
RET007722,27-12-2024,MED047,WH004,37,Expired
RET007723,13-10-2024,MED274,WH010,193,Damaged
RET007724,26-06-2024,MED152,WH008,168,Damaged
RET007725,24-11-2024,MED089,WH007,65,Overstock
RET007726,17-03-2024,MED177,WH008,60,Quality Issue
RET007727,06-10-2024,MED109,WH003,37,Quality Issue
RET007728,05-12-2024,MED244,WH002,124,Expired
RET007729,08-03-2024,MED252,WH008,173,Quality Issue
RET007730,05-07-2024,MED016,WH008,37,Expired
RET007731,30-06-2024,MED268,WH007,32,Expired
RET007732,04-05-2025,MED107,WH003,194,Expired
RET007733,24-09-2024,MED168,WH010,166,Expired
RET007734,22-03-2025,MED146,WH010,30,Expired
RET007735,18-02-2024,MED146,WH003,160,Overstock
RET007736,15-08-2024,MED184,WH009,76,Customer Return
RET007737,11-12-2024,MED237,WH009,126,Wrong Product
RET007738,22-11-2024,MED054,WH009,115,Quality Issue
RET007739,05-02-2025,MED134,WH005,6,Wrong Product
RET007740,08-09-2024,MED029,WH010,118,Wrong Product
RET007741,14-06-2025,MED237,WH003,133,Quality Issue
RET007742,13-01-2025,MED074,WH003,6,Damaged
RET007743,16-07-2024,MED280,WH002,195,Customer Return
RET007744,24-01-2024,MED007,WH001,60,Wrong Product
RET007745,24-12-2024,MED223,WH005,71,Expired
RET007746,30-04-2024,MED020,WH008,176,Overstock
RET007747,29-03-2024,MED288,WH004,183,Overstock
RET007748,27-06-2025,MED260,WH003,162,Customer Return
RET007749,29-12-2024,MED133,WH001,187,Overstock
RET007750,28-11-2024,MED075,WH004,196,Wrong Product
RET007751,06-07-2024,MED009,WH004,63,Expired
RET007752,08-09-2024,MED165,WH010,29,Overstock
RET007753,06-06-2025,MED017,WH002,14,Overstock
RET007754,01-01-2025,MED248,WH005,97,Overstock
RET007755,25-12-2024,MED291,WH009,16,Overstock
RET007756,09-03-2024,MED114,WH005,134,Expired
RET007757,20-06-2025,MED075,WH006,112,Damaged
RET007758,17-09-2024,MED215,WH007,100,Overstock
RET007759,15-04-2024,MED150,WH010,100,Quality Issue
RET007760,28-04-2024,MED164,WH004,119,Expired
RET007761,17-11-2024,MED076,WH003,82,Overstock
RET007762,16-09-2024,MED255,WH006,145,Damaged
RET007763,10-03-2025,MED081,WH006,23,Customer Return
RET007764,02-10-2024,MED240,WH001,132,Wrong Product
RET007765,14-05-2024,MED222,WH002,119,Expired
RET007766,15-08-2024,MED003,WH007,152,Customer Return
RET007767,04-12-2024,MED201,WH007,170,Expired
RET007768,22-02-2024,MED027,WH001,132,Customer Return
RET007769,22-03-2025,MED136,WH001,75,Overstock
RET007770,02-12-2024,MED289,WH006,16,Overstock
RET007771,16-03-2024,MED135,WH006,59,Wrong Product
RET007772,06-04-2024,MED194,WH003,56,Wrong Product
RET007773,13-09-2024,MED230,WH003,70,Expired
RET007774,30-12-2024,MED164,WH007,154,Wrong Product
RET007775,29-08-2024,MED135,WH008,70,Not Specified
RET007776,07-11-2024,MED117,WH008,182,Damaged
RET007777,03-05-2025,MED048,WH003,54,Damaged
RET007778,16-03-2025,MED039,WH007,30,Customer Return
RET007779,25-06-2024,MED106,WH004,58,Customer Return
RET007780,28-08-2024,MED078,WH010,12,Expired
RET007781,20-02-2024,MED210,WH006,144,Wrong Product
RET007782,27-01-2025,MED270,WH009,82,Wrong Product
RET007783,04-02-2025,MED026,WH008,48,Customer Return
RET007784,15-05-2024,MED233,WH003,126,Overstock
RET007785,01-11-2024,MED206,WH010,130,Customer Return
RET007786,02-04-2025,MED223,WH008,169,Overstock
RET007787,28-10-2024,MED025,WH009,196,Wrong Product
RET007788,08-02-2024,MED098,WH008,30,Customer Return
RET007789,04-05-2024,MED004,WH010,181,Quality Issue
RET007790,01-04-2025,MED145,WH008,55,Overstock
RET007791,27-04-2024,MED016,WH004,123,Quality Issue
RET007792,07-11-2024,MED092,WH002,56,Expired
RET007793,21-07-2024,MED042,WH006,128,Damaged
RET007794,13-09-2024,MED219,WH001,27,Expired
RET007795,22-11-2024,MED231,WH003,144,Expired
RET007796,07-06-2024,MED293,WH001,124,Customer Return
RET007797,17-06-2025,MED179,WH005,33,Customer Return
RET007798,31-01-2025,MED115,WH001,23,Damaged
RET007799,17-06-2025,MED054,WH004,5,Damaged
RET007800,05-02-2025,MED195,WH010,147,Customer Return
RET007801,17-03-2025,MED048,WH006,69,Overstock
RET007802,31-01-2024,MED248,WH008,50,Expired
RET007803,13-01-2024,MED268,WH007,65,Quality Issue
RET007804,24-04-2024,MED291,WH005,186,Overstock
RET007805,12-03-2025,MED245,WH008,150,Expired
RET007806,07-05-2025,MED156,WH008,20,Overstock
RET007807,27-08-2024,MED028,WH008,49,Damaged
RET007808,21-06-2025,MED166,WH004,172,Expired
RET007809,23-04-2024,MED140,WH008,137,Overstock
RET007810,01-08-2024,MED019,WH001,14,Customer Return
RET007811,17-05-2024,MED206,WH008,200,Not Specified
RET007812,03-04-2024,MED078,WH003,96,Expired
RET007813,05-06-2025,MED187,WH009,51,Quality Issue
RET007814,07-03-2025,MED094,WH010,105,Overstock
RET007815,01-05-2025,MED262,WH010,177,Expired
RET007816,09-01-2024,MED216,WH009,50,Customer Return
RET007817,07-10-2024,MED297,WH009,88,Expired
RET007818,09-12-2024,MED030,WH002,199,Customer Return
RET007819,12-12-2024,MED244,WH010,91,Customer Return
RET007820,30-08-2024,MED260,WH004,197,Damaged
RET007821,14-04-2025,MED051,WH007,130,Overstock
RET007822,23-02-2025,MED171,WH007,198,Overstock
RET007823,01-02-2025,MED267,WH007,147,Overstock
RET007824,25-10-2024,MED292,WH003,15,Expired
RET007825,05-02-2024,MED143,WH004,113,Wrong Product
RET007826,19-05-2024,MED260,WH005,164,Expired
RET007827,08-08-2024,MED245,WH004,108,Customer Return
RET007828,31-01-2024,MED167,WH006,131,Quality Issue
RET007829,30-05-2024,MED206,WH005,78,Wrong Product
RET007830,27-02-2024,MED186,WH001,78,Damaged
RET007831,10-06-2025,MED239,WH006,168,Damaged
RET007832,25-01-2025,MED300,WH002,111,Wrong Product
RET007833,15-02-2025,MED250,WH004,104,Expired
RET007834,19-02-2024,MED040,WH009,31,Overstock
RET007835,05-02-2025,MED240,WH005,59,Expired
RET007836,27-02-2025,MED093,WH008,64,Wrong Product
RET007837,04-01-2024,MED271,WH004,58,Damaged
RET007838,18-07-2024,MED251,WH001,11,Expired
RET007839,10-02-2025,MED201,WH002,160,Customer Return
RET007840,04-12-2024,MED129,WH001,176,Expired
RET007841,31-05-2025,MED033,WH002,114,Overstock
RET007842,18-05-2024,MED154,WH006,105,Customer Return
RET007843,01-04-2024,MED123,WH003,105,Customer Return
RET007844,09-08-2024,MED202,WH007,89,Wrong Product
RET007845,19-08-2024,MED192,WH004,199,Quality Issue
RET007846,07-09-2024,MED188,WH010,16,Damaged
RET007847,02-11-2024,MED299,WH001,98,Quality Issue
RET007848,13-09-2024,MED103,WH004,171,Wrong Product
RET007849,08-02-2024,MED167,WH001,108,Overstock
RET007850,04-06-2025,MED088,WH009,37,Damaged
RET007851,21-12-2024,MED100,WH005,198,Expired
RET007852,19-10-2024,MED123,WH002,171,Damaged
RET007853,06-03-2024,MED211,WH003,118,Quality Issue
RET007854,24-05-2025,MED288,WH001,200,Wrong Product
RET007855,08-02-2025,MED221,WH006,65,Quality Issue
RET007856,13-08-2024,MED006,WH002,103,Wrong Product
RET007857,26-07-2024,MED225,WH003,114,Damaged
RET007858,19-05-2025,MED240,WH004,24,Quality Issue
RET007859,16-08-2024,MED163,WH007,97,Wrong Product
RET007860,31-07-2024,MED006,WH007,37,Customer Return
RET007861,13-09-2024,MED149,WH005,113,Damaged
RET007862,02-04-2025,MED257,WH003,53,Customer Return
RET007863,09-06-2024,MED140,WH006,11,Overstock
RET007864,30-01-2025,MED265,WH007,177,Quality Issue
RET007865,12-06-2024,MED160,WH005,15,Expired
RET007866,09-12-2024,MED179,WH010,149,Damaged
RET007867,08-02-2024,MED074,WH003,90,Damaged
RET007868,11-12-2024,MED230,WH007,196,Expired
RET007869,31-12-2024,MED262,WH003,169,Quality Issue
RET007870,27-02-2024,MED193,WH001,117,Quality Issue
RET007871,24-02-2025,MED046,WH006,56,Wrong Product
RET007872,09-02-2025,MED279,WH004,52,Expired
RET007873,07-01-2024,MED186,WH004,12,Quality Issue
RET007874,26-01-2025,MED267,WH005,102,Quality Issue
RET007875,23-04-2025,MED233,WH007,21,Overstock
RET007876,04-03-2024,MED039,WH005,42,Damaged
RET007877,08-07-2024,MED299,WH002,163,Quality Issue
RET007878,12-11-2024,MED042,WH007,76,Customer Return
RET007879,20-08-2024,MED295,WH008,95,Damaged
RET007880,04-06-2025,MED140,WH007,95,Overstock
RET007881,14-04-2025,MED086,WH010,197,Expired
RET007882,28-06-2025,MED127,WH002,76,Quality Issue
RET007883,19-04-2024,MED069,WH008,193,Damaged
RET007884,02-08-2024,MED025,WH008,196,Damaged
RET007885,02-10-2024,MED132,WH006,146,Quality Issue
RET007886,19-01-2024,MED117,WH005,118,Damaged
RET007887,19-01-2024,MED122,WH009,196,Damaged
RET007888,27-06-2024,MED233,WH010,18,Expired
RET007889,02-06-2025,MED223,WH002,63,Quality Issue
RET007890,14-02-2024,MED159,WH001,155,Expired
RET007891,20-02-2024,MED041,WH001,155,Quality Issue
RET007892,25-06-2024,MED226,WH006,196,Customer Return
RET007893,24-12-2024,MED278,WH009,98,Expired
RET007894,05-12-2024,MED192,WH008,102,Overstock
RET007895,13-03-2025,MED139,WH010,26,Damaged
RET007896,08-12-2024,MED165,WH010,151,Overstock
RET007897,29-09-2024,MED059,WH005,94,Customer Return
RET007898,22-11-2024,MED052,WH010,157,Quality Issue
RET007899,02-09-2024,MED150,WH010,92,Quality Issue
RET007900,24-04-2024,MED094,WH010,37,Quality Issue
RET007901,13-02-2024,MED202,WH008,155,Overstock
RET007902,15-09-2024,MED262,WH003,18,Damaged
RET007903,27-06-2024,MED079,WH007,185,Customer Return
RET007904,10-04-2025,MED191,WH007,6,Quality Issue
RET007905,09-04-2025,MED235,WH009,78,Expired
RET007906,19-09-2024,MED066,WH010,120,Damaged
RET007907,07-08-2024,MED097,WH006,195,Expired
RET007908,07-09-2024,MED063,WH010,92,Overstock
RET007909,11-02-2024,MED182,WH003,126,Quality Issue
RET007910,03-01-2024,MED180,WH007,5,Wrong Product
RET007911,26-04-2024,MED264,WH007,22,Quality Issue
RET007912,22-04-2024,MED061,WH010,122,Wrong Product
RET007913,15-05-2025,MED118,WH006,193,Expired
RET007914,12-03-2024,MED033,WH004,102,Expired
RET007915,05-02-2024,MED152,WH010,113,Quality Issue
RET007916,05-02-2024,MED103,WH009,55,Wrong Product
RET007917,27-08-2024,MED164,WH002,8,Customer Return
RET007918,29-03-2024,MED136,WH006,191,Not Specified
RET007919,11-01-2025,MED075,WH006,79,Customer Return
RET007920,08-02-2025,MED247,WH006,191,Customer Return
RET007921,08-05-2024,MED291,WH002,146,Damaged
RET007922,23-03-2025,MED004,WH004,138,Quality Issue
RET007923,04-01-2025,MED049,WH006,154,Damaged
RET007924,13-04-2024,MED008,WH003,116,Damaged
RET007925,11-12-2024,MED106,WH001,138,Expired
RET007926,03-11-2024,MED171,WH010,148,Overstock
RET007927,30-05-2025,MED029,WH008,197,Wrong Product
RET007928,13-04-2024,MED019,WH003,50,Quality Issue
RET007929,10-05-2024,MED192,WH001,49,Expired
RET007930,24-06-2025,MED210,WH004,154,Customer Return
RET007931,26-10-2024,MED262,WH004,29,Wrong Product
RET007932,23-05-2024,MED236,WH007,61,Expired
RET007933,11-10-2024,MED082,WH009,106,Overstock
RET007934,25-01-2025,MED232,WH008,107,Overstock
RET007935,07-04-2024,MED005,WH003,167,Overstock
RET007936,17-10-2024,MED266,WH002,76,Expired
RET007937,13-01-2025,MED215,WH007,100,Customer Return
RET007938,24-05-2025,MED235,WH007,43,Customer Return
RET007939,21-08-2024,MED258,WH004,22,Damaged
RET007940,09-08-2024,MED177,WH003,95,Quality Issue
RET007941,14-06-2025,MED077,WH002,165,Expired
RET007942,10-10-2024,MED284,WH007,134,Customer Return
RET007943,19-05-2024,MED174,WH005,109,Quality Issue
RET007944,16-02-2025,MED133,WH004,188,Quality Issue
RET007945,08-02-2024,MED098,WH006,42,Overstock
RET007946,17-09-2024,MED139,WH009,5,Overstock
RET007947,31-05-2025,MED238,WH008,61,Damaged
RET007948,19-04-2025,MED131,WH003,61,Wrong Product
RET007949,23-12-2024,MED265,WH002,113,Wrong Product
RET007950,26-03-2025,MED183,WH007,106,Wrong Product
RET007951,21-06-2025,MED051,WH003,80,Wrong Product
RET007952,25-01-2024,MED062,WH002,57,Expired
RET007953,13-05-2024,MED065,WH002,71,Quality Issue
RET007954,23-07-2024,MED032,WH009,101,Wrong Product
RET007955,01-12-2024,MED084,WH009,153,Damaged
RET007956,22-11-2024,MED133,WH010,41,Wrong Product
RET007957,14-03-2025,MED056,WH005,95,Overstock
RET007958,27-11-2024,MED037,WH008,40,Expired
RET007959,11-01-2024,MED259,WH002,53,Wrong Product
RET007960,30-01-2024,MED135,WH004,167,Customer Return
RET007961,06-03-2024,MED161,WH010,53,Not Specified
RET007962,19-12-2024,MED244,WH008,113,Wrong Product
RET007963,17-01-2025,MED165,WH002,95,Expired
RET007964,06-01-2025,MED224,WH008,24,Damaged
RET007965,18-05-2025,MED189,WH008,100,Wrong Product
RET007966,24-05-2025,MED108,WH005,177,Overstock
RET007967,17-02-2025,MED155,WH008,83,Expired
RET007968,21-06-2024,MED114,WH003,91,Damaged
RET007969,13-01-2025,MED290,WH006,119,Overstock
RET007970,16-04-2024,MED101,WH002,16,Customer Return
RET007971,19-03-2024,MED267,WH003,31,Customer Return
RET007972,11-10-2024,MED001,WH008,99,Wrong Product
RET007973,06-03-2024,MED162,WH005,21,Damaged
RET007974,23-06-2025,MED287,WH004,27,Wrong Product
RET007975,13-12-2024,MED246,WH010,10,Customer Return
RET007976,11-08-2024,MED286,WH005,24,Expired
RET007977,18-12-2024,MED037,WH002,29,Customer Return
RET007978,04-01-2025,MED194,WH010,129,Quality Issue
RET007979,10-02-2024,MED267,WH008,16,Expired
RET007980,15-05-2025,MED130,WH001,122,Expired
RET007981,09-04-2025,MED209,WH009,25,Quality Issue
RET007982,13-02-2024,MED108,WH010,36,Customer Return
RET007983,09-07-2024,MED142,WH007,50,Not Specified
RET007984,24-01-2025,MED070,WH008,9,Damaged
RET007985,15-01-2024,MED262,WH003,12,Wrong Product
RET007986,21-01-2025,MED210,WH006,84,Damaged
RET007987,03-04-2024,MED172,WH006,49,Expired
RET007988,10-03-2025,MED039,WH009,163,Damaged
RET007989,23-04-2024,MED195,WH003,128,Wrong Product
RET007990,07-02-2025,MED067,WH003,186,Damaged
RET007991,21-11-2024,MED142,WH008,90,Expired
RET007992,30-04-2024,MED057,WH008,168,Customer Return
RET007993,03-03-2025,MED295,WH007,147,Expired
RET007994,25-11-2024,MED201,WH007,31,Overstock
RET007995,16-02-2024,MED159,WH003,9,Customer Return
RET007996,27-09-2024,MED298,WH002,51,Overstock
RET007997,12-04-2025,MED076,WH005,175,Damaged
RET007998,30-08-2024,MED171,WH010,9,Quality Issue
RET007999,11-03-2025,MED219,WH001,184,Customer Return
RET008000,14-02-2024,MED096,WH009,128,Quality Issue
